Date ,Daily Mean Cloud Quantity (%),Daily Mean Relative Humidity (%),Daily Mean Temperature (°C),Daily Range of Temperature (°C),Daily Mean Wind Speed (km/h),Daily Total Rainfall (mm),Typhoon (Y/N)
1/1/1999,48,78,18.5,2.7,15.2,Trace,No
1/2/1999,18,66,17.8,4.5,7.8,0,No
1/3/1999,4,64,17.3,4.1,6.6,0,No
1/4/1999,2,58,17.8,5.5,7.4,0,No
1/5/1999,1,66,17,4.7,10.2,0,No
1/6/1999,8,55,17.9,5.9,5.1,0,No
1/7/1999,40,43,16.9,4.9,11,0,No
1/8/1999,35,59,15.8,4.2,13.6,0,No
1/9/1999,80,65,16.2,2.6,19.2,0,No
1/10/1999,71,66,15.9,3.4,15.8,0,No
1/11/1999,87,61,15.9,2.4,11.5,0,No
1/12/1999,99,78,11.9,5.6,11,2.4,No
1/13/1999,100,82,13,4.6,12.4,1.8,No
1/14/1999,100,78,14.4,3.8,12.1,Trace,No
1/15/1999,98,57,11.9,2.9,11.4,Trace,No
1/16/1999,88,53,13.2,4,8.7,0,No
1/17/1999,88,58,15.5,3.9,8.8,Trace,No
1/18/1999,92,75,16.5,4.7,9.5,0.3,No
1/19/1999,43,77,19.3,5.2,6.5,0,No
1/20/1999,71,81,18.5,3.3,13.5,0,No
1/21/1999,83,76,17.3,2.1,13.1,Trace,No
1/22/1999,75,74,18.3,5,17.1,Trace,No
1/23/1999,88,82,20.7,5.3,11.3,Trace,No
1/24/1999,58,84,21.1,5.5,14.3,0,No
1/25/1999,44,81,21,5.1,6.5,0,No
1/26/1999,41,79,19.3,2.9,19.8,0,No
1/27/1999,16,69,20.1,4.1,14.9,0,No
1/28/1999,48,79,21.6,5.7,8,Trace,No
1/29/1999,87,77,18.9,2,19.8,0,No
1/30/1999,65,74,18.6,2.5,21.1,0,No
1/31/1999,78,79,19.8,3.5,15.8,0,No
2/1/1999,64,82,22.4,5.1,8,Trace,No
2/2/1999,57,55,19.9,5.8,15,0,No
2/3/1999,0,29,16.3,4.6,20.7,0,No
2/4/1999,1,41,14.9,4.9,13.5,0,No
2/5/1999,5,60,15.5,3.8,19.6,0,No
2/6/1999,5,62,16.4,4.4,20.3,0,No
2/7/1999,10,66,17.8,6.2,13.5,0,No
2/8/1999,1,68,18.4,4.5,14.1,0,No
2/9/1999,14,64,18.9,4.8,17.5,0,No
2/10/1999,65,63,20.6,4.5,15.1,0,No
2/11/1999,20,66,22.2,7.2,4.8,0,No
2/12/1999,20,59,19.4,3.9,14.2,0,No
2/13/1999,21,68,17.3,3,20.8,0,No
2/14/1999,20,67,17.7,3.7,19.6,0,No
2/15/1999,14,70,18.9,4.7,15.5,0,No
2/16/1999,19,74,20,4.4,11.2,0,No
2/17/1999,76,82,19.7,3,14.2,0,No
2/18/1999,42,72,21.6,6.1,6.7,0,No
2/19/1999,94,61,16.2,5.7,11,Trace,No
2/20/1999,97,52,13.9,2.2,10,0,No
2/21/1999,88,60,14.6,3.7,7.9,0,No
2/22/1999,44,68,17,4,15.5,0,No
2/23/1999,71,79,18.7,5.2,14.2,0,No
2/24/1999,8,77,20.8,6.5,4,0,No
2/25/1999,75,85,20.3,1.9,11.2,0,No
2/26/1999,58,84,22,4.8,13.5,Trace,No
2/27/1999,66,81,22,8.6,12.3,Trace,No
2/28/1999,67,73,18.8,3.1,17.3,0,No
3/1/1999,37,72,19.7,5.4,14.4,0,No
3/2/1999,51,81,20.4,4.1,16.7,0,No
3/3/1999,38,80,22.1,6.3,13.1,0,No
3/4/1999,33,81,21.7,4.5,12.1,0,No
3/5/1999,3,81,22.4,6.6,4.5,0,No
3/6/1999,53,85,22.5,4.7,10.4,0,No
3/7/1999,54,81,23.4,4.7,7.5,0,No
3/8/1999,98,89,19.9,4.9,21.5,7.9,No
3/9/1999,97,90,20.3,2.5,20.3,0.2,No
3/10/1999,99,91,20,5.4,18.7,Trace,No
3/11/1999,97,80,15.6,2.2,12.5,0.5,No
3/12/1999,100,86,16,1.6,11.7,Trace,No
3/13/1999,100,92,17.2,1.8,20.2,0.3,No
3/14/1999,99,92,17.8,2.3,15.9,Trace,No
3/15/1999,80,66,17.7,2.3,9.8,0,No
3/16/1999,86,78,17.7,2.6,17.6,0.5,No
3/17/1999,95,90,19.5,3.4,20.6,3.6,No
3/18/1999,82,88,24.7,6.4,8.3,1.9,No
3/19/1999,83,85,26,2.6,5.5,Trace,No
3/20/1999,87,86,25.6,6.6,9.9,Trace,No
3/21/1999,100,93,19.2,6.8,18.5,3.5,No
3/22/1999,91,82,15.1,3.7,14.4,0.9,No
3/23/1999,100,87,17,2.6,21.4,0.2,No
3/24/1999,95,92,19.8,4.3,19.8,Trace,No
3/25/1999,84,92,22.4,5,12.2,0,No
3/26/1999,78,84,25.5,4.9,4,0,No
3/27/1999,67,84,25.9,8.3,6.5,3.4,No
3/28/1999,92,83,20,2.6,28.8,0.1,No
3/29/1999,93,84,19.3,2.5,18.4,0.5,No
3/30/1999,57,69,19,6.2,8.7,Trace,No
3/31/1999,34,72,20.7,5.4,17.7,0.1,No
4/1/1999,69,77,22.8,6,17.7,0.1,No
4/2/1999,80,75,25,5.9,12.2,0.2,No
4/3/1999,92,78,20.6,4.4,25.8,0.1,No
4/4/1999,98,77,20.8,2.9,10.8,Trace,No
4/5/1999,56,67,21.8,4.9,7.5,0,No
4/6/1999,2,55,23.2,6.5,13.4,0,No
4/7/1999,26,60,23.5,5.1,17.5,0,No
4/8/1999,77,76,23.2,4.2,17.8,Trace,No
4/9/1999,79,83,24.5,4.4,12.1,Trace,No
4/10/1999,64,76,25.9,6.4,13.5,Trace,No
4/11/1999,90,83,23.6,3.1,20.4,2.5,No
4/12/1999,84,91,24.5,4.5,8.7,81.5,No
4/13/1999,60,80,24.9,5.5,22,Trace,No
4/14/1999,84,72,22.3,2.9,26.7,Trace,No
4/15/1999,82,78,22.9,3.4,22,Trace,No
4/16/1999,83,84,25.1,3.4,14.1,0,No
4/17/1999,88,83,27.1,3.9,6.2,Trace,No
4/18/1999,77,81,27.7,2.7,11.6,Trace,No
4/19/1999,87,88,25.2,3.5,7.1,8.4,No
4/20/1999,97,90,24.2,2.8,16.4,0.7,No
4/21/1999,85,87,24,4.4,15.9,16.8,No
4/22/1999,66,82,26,7.3,5.5,0.4,No
4/23/1999,59,81,27.3,6,6.6,Trace,No
4/24/1999,76,80,27.5,4.1,8.5,Trace,No
4/25/1999,61,83,27.6,3.8,13.4,Trace,No
4/26/1999,65,85,27.1,5.3,16.6,5.4,No
4/27/1999,89,77,24.8,2.8,18,Trace,No
4/28/1999,85,69,23.9,4.5,15.3,0,Yes
4/29/1999,97,87,20.6,4,20.6,58.9,Yes
4/30/1999,96,81,20.6,4.6,20.6,1.9,Yes
5/1/1999,91,81,23.1,3.7,28.8,5.7,Yes
5/2/1999,90,86,23,2.2,24,9.6,Yes
5/3/1999,54,77,25.5,5.4,10.1,0,No
5/4/1999,43,79,26.6,5.4,9.8,0,No
5/5/1999,98,87,22.7,4.9,6.7,29,No
5/6/1999,94,82,19.7,4.6,17.3,9.1,No
5/7/1999,87,72,21.5,5.7,15.3,1,No
5/8/1999,95,85,20.4,4,20.5,10.8,No
5/9/1999,87,92,19.7,1.9,4.4,24,No
5/10/1999,53,74,23.2,7.5,3.8,0,No
5/11/1999,57,77,24.7,6.7,6.2,0,No
5/12/1999,87,84,24.7,3.3,12.1,0.5,No
5/13/1999,80,81,25.2,4.3,8.9,0,No
5/14/1999,86,81,25.7,4.5,13.3,Trace,No
5/15/1999,86,86,25.8,3.2,11.8,Trace,No
5/16/1999,85,80,27.3,4.2,4.5,Trace,No
5/17/1999,80,77,28.5,4.4,14,Trace,No
5/18/1999,87,81,27.6,5.6,12,2.1,No
5/19/1999,95,90,24.5,2.8,2.4,46.9,No
5/20/1999,88,78,24.8,2.2,23,Trace,No
5/21/1999,88,82,24.8,1.7,19.1,2.9,No
5/22/1999,84,88,25.9,3.8,15,0.5,No
5/23/1999,79,82,27.6,4.3,5.1,Trace,No
5/24/1999,82,79,28.4,3.7,11.2,Trace,No
5/25/1999,88,79,28.3,4.7,9.2,3.7,No
5/26/1999,87,78,28.5,6,17.1,1.3,No
5/27/1999,96,90,24.2,3.3,7.5,28.1,No
5/28/1999,93,83,22.9,1.9,10.5,1.9,No
5/29/1999,93,78,23.7,3.1,17.5,0.7,No
5/30/1999,89,83,25.8,5.1,16.8,Trace,No
5/31/1999,61,83,26.9,5,15.3,Trace,No
6/1/1999,58,83,27.8,4.7,13.4,Trace,No
6/2/1999,32,77,29,6.6,5.8,0,Yes
6/3/1999,40,80,29.1,5.7,12.9,0,Yes
6/4/1999,49,79,29,5.1,14.5,0,Yes
6/5/1999,82,82,28.1,4,13.6,0,Yes
6/6/1999,83,70,30.1,7.1,12.8,Trace,Yes
6/7/1999,99,90,26.6,5.8,21.7,61.3,Yes
6/8/1999,93,82,28.1,4,9.8,19.2,Yes
6/9/1999,78,82,28.8,4.8,6.4,3.3,No
6/10/1999,67,80,29.1,4.9,5.3,0.9,No
6/11/1999,62,75,29.3,4.4,10.7,Trace,No
6/12/1999,58,75,29.4,4.3,13.3,0,No
6/13/1999,51,73,29.5,4.9,10.2,0,No
6/14/1999,44,73,29.7,4.5,10.1,0,No
6/15/1999,79,75,29.3,3.5,10.4,Trace,No
6/16/1999,88,76,29.5,4.5,5.5,Trace,No
6/17/1999,86,86,28.1,4.6,5.3,19,No
6/18/1999,84,80,28.8,4.8,4.8,5.6,No
6/19/1999,81,80,29.1,4.9,4.9,5,No
6/20/1999,78,86,28.1,3,6.2,4.5,No
6/21/1999,91,88,27.7,4.7,5.7,53.1,No
6/22/1999,88,80,28.9,4.8,6.7,7.7,No
6/23/1999,82,79,28.8,3.6,6.3,0.4,No
6/24/1999,84,77,29.4,3.4,6.4,Trace,No
6/25/1999,76,76,29.5,4.7,5.9,0.9,No
6/26/1999,76,80,28.9,3.7,5.5,10.8,No
6/27/1999,73,75,29.5,4.8,6.5,Trace,No
6/28/1999,83,75,29.4,4.9,8.8,0.2,No
6/29/1999,82,76,29.4,5.5,6.5,2.9,No
6/30/1999,82,78,28.9,5.4,5.2,2.6,No
7/1/1999,86,77,29.3,3.7,5,0.2,No
7/2/1999,74,78,29.4,6,5.4,9,No
7/3/1999,86,84,28.3,4.7,5.2,8,No
7/4/1999,85,89,26.8,3.5,3.9,5,No
7/5/1999,86,85,27,4.9,5.7,16.3,No
7/6/1999,87,86,26.7,4.2,7.2,14.2,No
7/7/1999,88,85,27.7,4.1,10.4,2.7,No
7/8/1999,90,84,28,5.9,11,32.2,No
7/9/1999,88,85,28.2,3.6,8.9,21.5,No
7/10/1999,86,79,29.3,3,6.5,0.3,No
7/11/1999,84,77,29.6,3.6,6,Trace,No
7/12/1999,83,78,29.7,3.8,4.8,0,No
7/13/1999,86,82,29.3,6,6.1,41.8,No
7/14/1999,81,77,30,6.6,4.9,2.3,No
7/15/1999,83,79,29.5,5.5,4.7,5.5,No
7/16/1999,87,79,29.6,4.3,6.5,2,No
7/17/1999,82,79,29.6,3.7,8.2,6.3,No
7/18/1999,88,82,29.3,2.5,14.9,2.3,No
7/19/1999,86,81,29.8,4.3,14.4,Trace,No
7/20/1999,81,79,30.1,4.5,12.3,Trace,No
7/21/1999,80,79,30.4,4.1,10.3,0,No
7/22/1999,78,80,30,4.1,10.7,Trace,No
7/23/1999,74,79,30,4.5,9.3,2.3,No
7/24/1999,65,78,30.5,5.4,14.1,0.6,No
7/25/1999,80,75,30,3.9,24.2,0.8,Yes
7/26/1999,89,83,28.3,4.6,25.2,25.8,Yes
7/27/1999,90,82,28,4.5,15.9,4.4,Yes
7/28/1999,73,78,29.6,5.6,7.3,Trace,No
7/29/1999,63,81,29.8,4.5,8.3,0,No
7/30/1999,73,80,30,4.2,15.3,0,No
7/31/1999,86,81,29.8,3.2,16.6,0.3,No
8/1/1999,70,77,30,4.3,9.9,Trace,No
8/2/1999,68,78,29.8,5.2,4.8,6.2,No
8/3/1999,84,80,29.7,3.1,7.3,Trace,No
8/4/1999,86,87,28.3,4.6,12.6,39.9,No
8/5/1999,86,82,28.4,7.3,11.9,42.3,No
8/6/1999,88,80,28.6,5.3,14.7,Trace,No
8/7/1999,85,79,29.8,3.7,9.6,0,No
8/8/1999,86,78,29.6,5.9,6.8,3.3,No
8/9/1999,91,84,28.8,3.4,7.2,19.5,No
8/10/1999,89,87,27.8,6,7.5,32.3,No
8/11/1999,93,89,27.2,4.4,6.3,41.8,No
8/12/1999,97,85,27.8,2.8,12.9,25.6,No
8/13/1999,95,89,26.9,3,4.9,20.2,No
8/14/1999,89,84,28.3,4.1,5.5,15.8,No
8/15/1999,79,82,29.2,5.5,8.9,5,No
8/16/1999,61,78,29.4,4.1,5.4,Trace,No
8/17/1999,60,73,29.6,4.5,9.3,0,No
8/18/1999,47,72,29.6,4.9,10.7,0,No
8/19/1999,41,78,29.7,5.5,7.2,0,Yes
8/20/1999,14,73,30.5,5.3,10.4,0,Yes
8/21/1999,76,75,29.8,8.9,10.7,6.8,Yes
8/22/1999,95,81,26.5,4.9,31.7,157.9,Yes
8/23/1999,100,90,25,2.4,11.4,207.4,Yes
8/24/1999,95,89,25.7,3.4,6.7,174.9,No
8/25/1999,92,92,25.7,3.5,6.2,69.2,No
8/26/1999,86,85,27.5,5.7,7.2,0.3,No
8/27/1999,88,84,28,4,6.5,0,No
8/28/1999,91,88,27,4.4,5.5,10.6,No
8/29/1999,85,86,27.4,3.1,5.5,8.4,No
8/30/1999,85,77,28.4,3.9,5,Trace,No
8/31/1999,87,82,28.2,5,4.5,4.6,No
9/1/1999,79,84,27.7,5.8,5,11.5,Yes
9/2/1999,71,77,28.5,5.7,5.3,1.1,Yes
9/3/1999,69,75,28.9,6,5.7,0,Yes
9/4/1999,85,75,28.9,3.5,10.6,Trace,Yes
9/5/1999,80,87,28.2,2.4,9.4,3.8,No
9/6/1999,71,83,29,4.5,15,Trace,No
9/7/1999,59,82,29.2,3.7,12.4,Trace,No
9/8/1999,77,83,28.5,3.9,8.6,3.9,No
9/9/1999,62,79,28.3,3.3,4,0.5,No
9/10/1999,52,76,29.1,5.1,5.7,Trace,No
9/11/1999,39,75,29.7,4.8,7.2,0,No
9/12/1999,72,77,29.8,4.6,8.1,Trace,Yes
9/13/1999,86,79,29.7,4.7,8.8,1.4,Yes
9/14/1999,81,70,30.2,5.2,10,0.4,Yes
9/15/1999,90,71,29,3.8,25.1,1.4,Yes
9/16/1999,100,91,25.2,3.6,35.8,276,Yes
9/17/1999,93,84,27.2,3.7,5.8,5,Yes
9/18/1999,82,78,28.4,4.8,5.4,Trace,No
9/19/1999,75,86,27.7,3.4,7.6,15.4,No
9/20/1999,61,87,27,4.9,5.4,4.3,No
9/21/1999,73,73,26.9,4.7,10,Trace,No
9/22/1999,16,58,26.1,5.7,11.2,0,No
9/23/1999,10,62,26.2,6.3,9.5,0,No
9/24/1999,47,63,26.6,6,13.2,0,Yes
9/25/1999,84,69,25.7,3.5,11.8,1.4,Yes
9/26/1999,91,85,24.8,3.1,17,26.7,Yes
9/27/1999,88,83,26.7,6.2,19.4,6.4,No
9/28/1999,90,87,26.8,3.1,21.3,6.5,No
9/29/1999,72,80,27.8,4.3,14,0,No
9/30/1999,36,78,27.3,4.2,14.1,0,No
10/1/1999,73,78,27.5,3.9,13.6,0,No
10/2/1999,56,78,28.1,4.9,11.2,Trace,No
10/3/1999,74,81,27.5,5.7,18.6,5.6,Yes
10/4/1999,83,76,26,2.9,17.4,1.1,Yes
10/5/1999,82,69,26.8,5,9,Trace,Yes
10/6/1999,85,66,27.7,5.5,10.1,0,Yes
10/7/1999,76,63,28.4,6.1,11.3,0,Yes
10/8/1999,85,66,27.3,4.2,14.5,Trace,Yes
10/9/1999,25,71,27.6,3.8,14.6,0,Yes
10/10/1999,19,79,28,4.7,6.4,0,Yes
10/11/1999,32,80,28.3,5.1,9.7,0,No
10/12/1999,62,80,27.6,2.7,16.9,Trace,No
10/13/1999,53,78,27.9,4,15.5,0.1,No
10/14/1999,30,77,28.1,4.4,18.8,0,No
10/15/1999,39,76,28.2,4.4,15,0,No
10/16/1999,77,78,26.6,5.1,13.2,30.8,No
10/17/1999,66,64,23.3,4,18.8,0,No
10/18/1999,77,56,22.4,4.3,16.1,Trace,No
10/19/1999,88,60,23.9,2.5,15.9,Trace,No
10/20/1999,85,72,24.9,3.7,16.1,Trace,No
10/21/1999,54,74,25.2,2.9,20,Trace,No
10/22/1999,45,73,25.3,3,17,Trace,No
10/23/1999,51,73,25.6,4.7,18,0.4,No
10/24/1999,68,79,24.6,3.1,15.4,0.8,No
10/25/1999,46,67,24.8,3.6,17.7,0,No
10/26/1999,48,78,25.1,3.5,13.2,0,No
10/27/1999,72,76,24.9,3.2,12.6,0,No
10/28/1999,39,76,25.2,3.4,14.8,0,No
10/29/1999,71,79,25.3,4,15.4,0,No
10/30/1999,86,79,24.7,1.5,22.7,0,No
10/31/1999,66,78,25.4,3.4,15.2,0,No
11/1/1999,70,61,24.8,6,12.7,0,No
11/2/1999,84,50,21.1,3.7,13.3,Trace,No
11/3/1999,29,57,21.6,5.4,15.4,0,No
11/4/1999,74,67,22.8,4.3,18.2,0,No
11/5/1999,71,71,23.8,3.4,19.7,0,No
11/6/1999,83,76,24.1,3.1,19.6,Trace,No
11/7/1999,81,76,24.4,3.3,19.5,0,No
11/8/1999,88,72,24.9,4.2,15.1,Trace,No
11/9/1999,88,77,23.7,2.6,11.3,Trace,No
11/10/1999,53,70,23.4,3.8,20,Trace,No
11/11/1999,77,79,23.6,3.8,16.2,Trace,No
11/12/1999,95,89,21.9,2.5,12.3,15.7,No
11/13/1999,88,78,22.7,2.7,14.3,Trace,No
11/14/1999,38,77,23.1,4.5,13.5,0,No
11/15/1999,2,51,23.4,5.7,9.1,0,No
11/16/1999,21,64,21.1,4.4,17.1,Trace,No
11/17/1999,16,62,20.4,4.3,13.3,Trace,No
11/18/1999,13,65,19.5,4.7,8.8,Trace,No
11/19/1999,24,72,21.3,4.7,9,Trace,No
11/20/1999,54,73,22,4.2,14,0,No
11/21/1999,47,77,22.3,4,13.9,0,No
11/22/1999,69,80,22.9,3.1,14.3,0,No
11/23/1999,23,78,23.1,5.1,11.7,0,No
11/24/1999,30,74,23,3.2,11,0,No
11/25/1999,8,73,23.3,5.1,10.2,0,No
11/26/1999,55,76,22.2,2.3,23.2,Trace,No
11/27/1999,65,75,22.4,3.5,18,0,No
11/28/1999,44,57,18.7,7.3,14.3,0,No
11/29/1999,51,57,16.1,4.8,12.4,0,No
11/30/1999,62,58,18.5,5.5,9.5,0,No
12/1/1999,51,57,20.5,5.8,6.3,0,No
12/2/1999,60,62,20,3.9,13.5,0,No
12/3/1999,90,73,18.2,3.7,12.3,8.7,No
12/4/1999,96,71,18.7,3.5,7.9,0.7,No
12/5/1999,85,68,18.7,3.5,12.8,Trace,No
12/6/1999,83,60,16.7,3.2,13.2,Trace,No
12/7/1999,49,49,16.8,4,11.6,0,No
12/8/1999,12,49,17.9,5.6,9.2,0,No
12/9/1999,12,50,18.7,5.7,10.2,0,No
12/10/1999,38,65,19.2,5.6,8.1,0,No
12/11/1999,45,58,20.1,5.4,11.7,0,No
12/12/1999,84,65,19.8,1.5,18.2,Trace,No
12/13/1999,74,74,20.3,3.1,11.9,Trace,No
12/14/1999,84,56,20.2,3.5,9.7,0,No
12/15/1999,83,59,19.6,4.4,14.3,0,No
12/16/1999,94,78,18.5,2.6,9.5,2.8,No
12/17/1999,99,88,16.9,1.6,7,10.8,No
12/18/1999,100,86,14.5,3.1,12,5.6,No
12/19/1999,89,73,14.2,3.8,15.3,4.3,No
12/20/1999,4,47,12.5,4.8,15.1,0,No
12/21/1999,0,36,10.6,5.1,14.7,0,No
12/22/1999,1,30,8.5,3.5,20.7,0,No
12/23/1999,1,31,9.2,6.2,10.8,0,No
12/24/1999,0,27,12.7,7.5,14.1,0,No
12/25/1999,0,40,13.7,6,6.6,0,No
12/26/1999,29,57,15,6.1,11.5,0,No
12/27/1999,87,66,16.4,2.5,18.2,Trace,No
12/28/1999,43,72,18.1,4.8,13.2,0,No
12/29/1999,64,78,17.8,3.9,7.2,0,No
12/30/1999,8,72,18.7,6.4,8.7,0,No
12/31/1999,1,63,18.9,3.8,16.7,0,No
1/1/2000,6,69,19.2,5.5,9.7,0,No
1/2/2000,2,64,20.4,5.8,5.2,0,No
1/3/2000,10,67,19.2,2.3,18.7,0,No
1/4/2000,60,74,18.9,3,19.3,0,No
1/5/2000,40,75,20.6,4.9,12.5,0,No
1/6/2000,48,85,21.2,4.2,6.7,0,No
1/7/2000,88,81,18.9,2.9,19.5,0,No
1/8/2000,46,77,18.5,3.4,15.7,0,No
1/9/2000,71,82,19.9,4.5,3,0,No
1/10/2000,78,81,20.1,3.4,18.3,Trace,No
1/11/2000,94,83,19.3,2.1,19.9,Trace,No
1/12/2000,59,86,21.6,4.1,7.2,Trace,No
1/13/2000,90,86,19.5,2.6,16.2,Trace,No
1/14/2000,92,84,18.2,1,22.2,Trace,No
1/15/2000,82,83,18.5,2.3,20.4,0,No
1/16/2000,74,84,19.2,3.3,13,0,No
1/17/2000,89,74,17.2,4.3,9.5,0,No
1/18/2000,95,68,13.3,3.3,13.5,0,No
1/19/2000,54,58,12.7,5.3,12.4,0,No
1/20/2000,19,62,14.1,3.5,21.6,0,No
1/21/2000,85,70,15.2,3.5,23,0,No
1/22/2000,89,72,17.9,2.9,16.7,Trace,No
1/23/2000,100,95,18.6,2.4,15.2,32.6,No
1/24/2000,100,96,18.3,0.9,16.3,30.8,No
1/25/2000,100,84,12.9,7.3,13.7,6.8,No
1/26/2000,73,69,9.8,3.7,15,Trace,No
1/27/2000,13,55,10,5.5,12.1,0,No
1/28/2000,55,60,12.3,5.7,12.9,0,No
1/29/2000,40,65,15.1,5.2,10.7,0,No
1/30/2000,40,54,14.4,5.8,9.7,0,No
1/31/2000,88,62,12,3.1,10.9,0.1,No
2/1/2000,85,77,10.8,4.4,8.8,4.8,No
2/2/2000,88,83,12.8,5.6,7.6,1.6,No
2/3/2000,88,83,15.7,5.4,7.6,0.6,No
2/4/2000,86,84,16.2,3.3,19.1,Trace,No
2/5/2000,28,83,17,5.7,10.1,0,No
2/6/2000,13,72,16.2,4.5,13,0,No
2/7/2000,54,69,16.4,5.2,8.5,0,No
2/8/2000,28,61,14.6,5,13.4,0,No
2/9/2000,27,67,14.7,3.4,22,0,No
2/10/2000,82,78,15.6,3.5,18.8,0,No
2/11/2000,31,76,18.1,4.8,14.5,0,No
2/12/2000,41,82,17.2,4,17,0,No
2/13/2000,39,81,18,3.9,18.8,0,No
2/14/2000,16,82,19,5.2,7.8,0,No
2/15/2000,57,76,16.5,4.2,16.8,0,No
2/16/2000,64,68,15.8,3,22.7,0,No
2/17/2000,88,81,15.7,1.8,23.4,Trace,No
2/18/2000,88,83,16.7,2.8,22.3,0,No
2/19/2000,88,92,19.7,5.5,5.5,Trace,No
2/20/2000,94,95,19.7,7.7,10.5,0.7,No
2/21/2000,95,91,14.6,1.8,25.4,1.4,No
2/22/2000,100,94,14.9,2.2,20.6,1.7,No
2/23/2000,100,95,15,1.6,12,4.1,No
2/24/2000,100,88,13.6,2.2,8.2,0.9,No
2/25/2000,92,82,12.1,1.9,10.6,2.5,No
2/26/2000,89,65,11.7,3.2,12.4,1.2,No
2/27/2000,93,67,12.2,1.8,10.5,Trace,No
2/28/2000,95,90,12.2,2.9,6.3,2.7,No
2/29/2000,95,84,12.6,3.1,7.8,5.4,No
3/1/2000,98,93,12.8,3.4,7.9,12.8,No
3/2/2000,95,93,14.9,3.5,10.2,14.6,No
3/3/2000,72,86,17.2,4.5,16.1,0,No
3/4/2000,48,82,20,6.4,10,0,No
3/5/2000,28,82,21,6.9,9.2,0,No
3/6/2000,85,84,18.6,3.9,18.1,0,No
3/7/2000,58,75,18.1,3.7,23.4,0,No
3/8/2000,70,77,16.9,2.6,23,0,No
3/9/2000,58,76,16.2,3.1,28.6,0,No
3/10/2000,78,81,16.5,3.3,23.9,Trace,No
3/11/2000,87,89,17.9,3,11.3,9.8,No
3/12/2000,95,93,17.4,3.6,16.1,2.1,No
3/13/2000,92,86,16.9,2.9,23.8,1.3,No
3/14/2000,89,86,18,2.5,17.9,Trace,No
3/15/2000,57,87,19.9,5.5,12.5,0,No
3/16/2000,85,87,20.2,5,7.7,0.3,No
3/17/2000,96,70,17.1,2.2,31.7,Trace,No
3/18/2000,89,79,18,4.1,20.6,Trace,No
3/19/2000,89,83,21,5.3,7.6,Trace,No
3/20/2000,74,73,19.3,2.9,24.8,Trace,No
3/21/2000,58,70,20.6,4.9,15.6,0,No
3/22/2000,21,83,22.4,4.8,9.3,0,No
3/23/2000,52,81,22.2,4.9,10.8,0,No
3/24/2000,67,71,20.2,3.4,14,0,No
3/25/2000,61,57,19.7,3.8,22.2,0,No
3/26/2000,73,66,20.2,3.9,9.9,0,No
3/27/2000,17,71,20.9,5.5,6.8,0,No
3/28/2000,22,68,22.9,8.3,5.5,0,No
3/29/2000,20,67,22.6,5.2,14,0,No
3/30/2000,56,67,21.5,5.4,17,0,No
3/31/2000,86,85,22.8,3.7,13.5,Trace,No
4/1/2000,86,87,24.1,5.4,10,1.5,No
4/2/2000,92,90,21.3,2,19.6,47.9,No
4/3/2000,93,95,22.4,4,10.3,124.2,No
4/4/2000,92,93,21,1.6,6.7,0.3,No
4/5/2000,86,81,21.9,3.9,6.6,2.3,No
4/6/2000,89,76,20.1,1.5,27.1,Trace,No
4/7/2000,95,79,20.7,2.7,20.3,Trace,No
4/8/2000,92,84,21.1,1,19.3,Trace,No
4/9/2000,77,84,22,4.5,16,Trace,No
4/10/2000,91,86,23.2,4.2,8.1,0.3,No
4/11/2000,86,79,21.2,1.6,26,Trace,No
4/12/2000,90,84,22,4.1,11.5,0.8,No
4/13/2000,88,93,23.1,1.6,8.2,16.8,No
4/14/2000,91,91,24.4,4.6,9.3,60.8,No
4/15/2000,83,73,22.2,4.2,10.4,2.1,No
4/16/2000,49,62,21.3,5.6,11.7,0,No
4/17/2000,76,74,21.7,4.3,19.5,0,No
4/18/2000,76,81,23.1,4.2,17.9,0,No
4/19/2000,65,85,25.1,5.4,10.7,Trace,No
4/20/2000,67,81,26.3,4.1,7.3,0,No
4/21/2000,85,90,25.8,1.9,4.4,0.7,No
4/22/2000,86,85,26.4,4.6,5.1,16.5,No
4/23/2000,96,97,23.4,3.1,12.1,172.5,No
4/24/2000,96,93,22.4,0.9,23,1,No
4/25/2000,85,85,26.3,7.8,10.8,0.1,No
4/26/2000,89,86,26.8,6,12,33.3,No
4/27/2000,88,87,23.6,4.9,15.9,1.9,No
4/28/2000,92,94,20.7,2,25.7,54.2,No
4/29/2000,91,95,22.6,3.7,15.3,9.9,No
4/30/2000,87,89,26.3,5.8,6.9,0.6,No
5/1/2000,82,85,27.6,4.8,8,10,No
5/2/2000,94,94,24.9,3.6,9.3,69.1,No
5/3/2000,92,87,22.3,3.7,20,5.1,No
5/4/2000,60,80,22.7,4.4,16.9,0,No
5/5/2000,49,81,24.5,5.5,12.8,0,No
5/6/2000,43,83,25.6,5.7,10.9,0,No
5/7/2000,70,82,25.5,3,14.8,0,No
5/8/2000,85,81,24.4,2.1,19.9,0,No
5/9/2000,90,82,24.8,3.5,18.5,0,No
5/10/2000,95,95,23.5,2.5,7.5,50.7,No
5/11/2000,88,82,24.2,4.1,18.3,0.6,No
5/12/2000,89,82,25.2,3.5,13.8,Trace,No
5/13/2000,78,79,26.2,5.4,11.5,0,No
5/14/2000,88,79,26.5,2.9,18.7,0,No
5/15/2000,56,78,27.4,4.6,15.7,0,No
5/16/2000,5,71,28,5.9,7.5,0,No
5/17/2000,62,79,26.9,3.6,16.4,Trace,No
5/18/2000,80,80,26.2,3.6,16.2,0.3,No
5/19/2000,93,80,23.4,4,8.9,1.3,No
5/20/2000,88,63,25.2,5,13,Trace,No
5/21/2000,88,56,25.6,1.8,10.6,0,No
5/22/2000,83,71,26,4.2,19.2,Trace,No
5/23/2000,86,78,25.7,3.5,21.6,0,No
5/24/2000,92,89,25.2,1.7,17.2,29.4,No
5/25/2000,82,85,27.3,5.2,4.8,36.9,No
5/26/2000,81,80,28.5,3,5.7,Trace,No
5/27/2000,82,80,29,3.3,5.4,0.6,No
5/28/2000,82,80,29.2,3.6,4.9,Trace,No
5/29/2000,64,81,28.9,4.3,10.8,4.3,No
5/30/2000,61,82,28.9,3.7,16.1,Trace,No
5/31/2000,51,75,29.6,4.8,5.6,Trace,No
6/1/2000,75,78,29.4,4.1,9.9,Trace,No
6/2/2000,58,77,29.5,4.3,13.6,Trace,No
6/3/2000,34,74,29.6,4.5,9.2,0,No
6/4/2000,16,75,29.5,5.6,12.6,0,No
6/5/2000,18,74,30.4,5.9,14.9,0,No
6/6/2000,71,76,29.9,4.2,15.9,0,No
6/7/2000,69,74,29.9,4.8,12.9,1.3,No
6/8/2000,83,77,29.6,4.8,13.6,3.9,No
6/9/2000,87,79,29.4,4,12.1,9.8,No
6/10/2000,88,76,30.1,3.5,12.3,Trace,No
6/11/2000,88,77,29.6,2.6,14.9,0.2,No
6/12/2000,97,89,24.9,7.7,14.2,140.2,No
6/13/2000,99,81,22.5,1.4,9.4,0.4,No
6/14/2000,88,64,24.5,5.3,16.2,Trace,No
6/15/2000,69,66,25.9,5.3,14.3,0,No
6/16/2000,67,74,26.9,6.5,12.1,0,No
6/17/2000,94,89,25.7,2.4,13.3,57.2,No
6/18/2000,97,96,25.7,1.8,10.1,168.1,Yes
6/19/2000,87,83,27.3,4.9,7.3,1.7,Yes
6/20/2000,92,89,26.5,3.4,6,31.4,No
6/21/2000,79,81,28.4,5,5.5,2.6,No
6/22/2000,84,77,29,3.4,7.1,Trace,No
6/23/2000,85,81,28.2,4.2,6,22.8,No
6/24/2000,78,77,29.1,4,7.2,0.1,No
6/25/2000,76,79,28.9,5.7,7.2,3.4,No
6/26/2000,57,77,29.3,4.7,7.6,0.2,No
6/27/2000,56,79,29.4,4.3,10,0,No
6/28/2000,53,74,29.5,4.8,5.6,0,No
6/29/2000,31,74,29.8,5.3,7.9,0,No
6/30/2000,36,72,30,5.6,7.1,0,No
7/1/2000,58,72,30.1,5.2,10.5,0,No
7/2/2000,85,85,28.5,5.5,16.9,14.8,No
7/3/2000,84,82,28.6,6.3,16.9,15.1,No
7/4/2000,63,72,29.7,5.4,13.3,0,Yes
7/5/2000,85,78,29.1,3.2,11.3,0.2,Yes
7/6/2000,85,79,28.2,3.5,8,0.2,Yes
7/7/2000,91,85,27.9,3.6,9.1,14.7,Yes
7/8/2000,87,79,28.6,3.6,10.2,5.8,Yes
7/9/2000,61,77,29,5.5,10.3,Trace,Yes
7/10/2000,53,78,29.2,5.3,14.6,11.6,Yes
7/11/2000,83,87,28.2,3.6,20.3,15.7,Yes
7/12/2000,81,84,28.3,4.3,19.4,21.3,No
7/13/2000,58,78,29.2,4.5,15.8,0,No
7/14/2000,53,77,29.5,4.2,15.1,0.3,No
7/15/2000,69,75,29.5,4.1,22,2.1,Yes
7/16/2000,89,83,28.1,4.8,28.5,34.9,Yes
7/17/2000,92,86,27.2,3.1,9.8,53.8,No
7/18/2000,91,86,27.2,3.9,9.3,50.7,No
7/19/2000,93,85,27.8,3.2,5.5,13.8,No
7/20/2000,93,89,26.6,3.2,10.8,10.3,No
7/21/2000,89,92,26.6,3.1,6.8,33.6,No
7/22/2000,70,81,28.4,5,8.1,0.6,No
7/23/2000,31,76,28.8,5.4,7.2,0,No
7/24/2000,41,73,29.5,5.4,10.7,0,No
7/25/2000,37,73,29.9,4.6,14,Trace,No
7/26/2000,45,75,30.2,4.3,14.3,0,No
7/27/2000,77,77,30.2,3.3,14.9,0,No
7/28/2000,50,74,30.3,4.4,16.4,0,No
7/29/2000,62,74,30.1,4.5,17,0,No
7/30/2000,60,76,30.2,3.9,17.8,Trace,No
7/31/2000,85,80,29.7,5.8,16.1,4.5,No
8/1/2000,91,89,26.4,3.5,6,70,No
8/2/2000,89,90,26.4,3,4.3,31.6,No
8/3/2000,90,92,25.9,3.9,6.6,88.7,No
8/4/2000,96,95,25.6,1.9,8,77.8,No
8/5/2000,89,91,25.6,3.3,8.1,6.4,No
8/6/2000,82,87,26.5,5.8,7.4,26.6,No
8/7/2000,43,82,28,4.6,10.4,Trace,No
8/8/2000,44,77,28.7,4.7,4.5,0,No
8/9/2000,23,77,29.2,5.3,10.1,0,No
8/10/2000,24,77,29.8,5.2,11.7,0,No
8/11/2000,45,78,30.1,4.9,12.8,0,No
8/12/2000,68,77,30,4.3,15.2,Trace,No
8/13/2000,80,76,30.1,3.8,12.4,0,No
8/14/2000,82,78,29.9,4.6,10.7,0.3,No
8/15/2000,84,80,29.5,3.1,9.3,3.5,No
8/16/2000,88,80,29.2,5.1,6.4,8.2,No
8/17/2000,76,76,29.6,4,5.5,0,No
8/18/2000,58,80,29.3,4.1,8.8,Trace,Yes
8/19/2000,31,78,29.7,5.4,8.2,0,Yes
8/20/2000,37,77,30,4.5,11,0,Yes
8/21/2000,61,78,29.8,4.4,18.5,3.6,Yes
8/22/2000,47,72,30,4.1,15.3,0,Yes
8/23/2000,87,77,29.1,5.2,18.4,5.9,Yes
8/24/2000,91,85,28,4.4,13.3,153.2,Yes
8/25/2000,87,82,28.6,4.1,7.5,25.4,No
8/26/2000,91,92,26.7,3,3.8,54,No
8/27/2000,89,93,26.4,4.1,6,24.3,Yes
8/28/2000,84,81,27.7,3.7,11.3,Trace,Yes
8/29/2000,67,68,29.9,6.2,8.5,0.5,Yes
8/30/2000,82,73,29.7,4.2,8.6,0,Yes
8/31/2000,90,82,28.5,3.9,11.5,20.7,Yes
9/1/2000,96,85,28,5.7,21.4,50.8,Yes
9/2/2000,92,91,27.1,4.5,7.9,93.9,No
9/3/2000,77,87,27.8,2.6,12.3,0.3,No
9/4/2000,54,81,28.6,4.7,8.5,0,No
9/5/2000,70,77,29.2,5.3,6.9,0,Yes
9/6/2000,70,75,28.9,3.9,14.9,Trace,Yes
9/7/2000,64,68,28.6,3.7,15.4,Trace,Yes
9/8/2000,88,73,27.5,3.6,25.3,1.7,Yes
9/9/2000,77,72,27.5,3.5,18.3,0.8,Yes
9/10/2000,60,67,27.2,5.1,5.3,0,Yes
9/11/2000,30,63,27.7,5.3,5.3,0,No
9/12/2000,26,57,27.7,5.3,11.9,0,No
9/13/2000,4,50,27.4,5.7,13.3,0,No
9/14/2000,2,43,27.2,6.8,15.4,0,No
9/15/2000,3,39,27.5,5.1,16.5,0,No
9/16/2000,20,54,27.1,5.1,9,0,No
9/17/2000,69,75,27.3,3.7,8.8,0,No
9/18/2000,73,74,27.3,3.5,16.4,Trace,No
9/19/2000,78,68,27.2,3.1,17.8,0,No
9/20/2000,88,78,26.3,3.3,16,4.5,No
9/21/2000,79,78,27.3,3.3,18.8,0.6,No
9/22/2000,67,77,27.5,3.6,15.7,0,No
9/23/2000,79,79,27.8,3.8,9.4,0,No
9/24/2000,82,80,27.4,3.2,10.8,0,No
9/25/2000,61,80,27.7,3.7,11.5,Trace,No
9/26/2000,73,78,27.9,3.3,13.7,0,No
9/27/2000,76,78,27.7,2.5,15.4,0,No
9/28/2000,68,80,27.9,2.9,14.9,0,No
9/29/2000,52,80,28.2,4.1,12.3,Trace,No
9/30/2000,41,78,28.3,3.9,9.3,0,No
10/1/2000,30,77,28.2,3.9,7.9,0,No
10/2/2000,29,73,28.3,4.6,5.4,0,No
10/3/2000,44,72,28.3,4.4,7.4,0,No
10/4/2000,68,77,28.1,3.2,10.3,Trace,No
10/5/2000,74,84,27.5,3.5,15.2,4.7,No
10/6/2000,79,82,27.9,3.3,13,1,No
10/7/2000,76,81,27.8,4,12.6,0.8,No
10/8/2000,54,81,27.8,4.3,12.1,4,No
10/9/2000,58,74,27.9,2.5,20,Trace,No
10/10/2000,42,70,28.1,3.8,21.7,Trace,No
10/11/2000,81,76,28.2,3.2,26.5,0.6,No
10/12/2000,93,74,27.4,3.6,26.8,3.9,No
10/13/2000,98,77,24.3,4.7,22.1,5,No
10/14/2000,95,83,22.5,2.4,18.8,4.9,No
10/15/2000,90,75,23.7,2.6,15,Trace,No
10/16/2000,63,71,24.8,4.9,14.1,0.1,No
10/17/2000,63,69,25.3,5.4,9,Trace,No
10/18/2000,89,77,25.1,3.1,22.7,Trace,No
10/19/2000,91,86,24.1,3.3,20.6,17.8,No
10/20/2000,99,94,24.1,1.4,21.4,116,No
10/21/2000,95,94,24.5,1.8,16.5,27.6,No
10/22/2000,87,92,26.6,3.6,8.1,10.7,No
10/23/2000,76,91,26.5,2.8,10.3,5.1,No
10/24/2000,49,83,27.6,4.7,5.2,Trace,No
10/25/2000,69,79,27.3,4.1,11.7,1.9,No
10/26/2000,79,80,26.6,2.1,18.3,0,No
10/27/2000,84,79,25.6,1.9,19.1,0,No
10/28/2000,78,75,25.1,2.2,11.6,0,No
10/29/2000,27,65,23.1,4.7,17.9,0,No
10/30/2000,49,53,21.1,4.6,14.1,0,No
10/31/2000,61,52,21.4,5,13.4,0,Yes
11/1/2000,27,47,20.7,4.7,15.9,0,Yes
11/2/2000,10,50,19.9,6.8,10.1,0,Yes
11/3/2000,33,57,21.5,5.3,7.3,0,Yes
11/4/2000,85,58,22.2,2.4,6.9,Trace,Yes
11/5/2000,74,67,23.5,4.4,6.2,0,Yes
11/6/2000,88,76,23.7,2.2,3.5,0.1,Yes
11/7/2000,95,89,23.2,1.9,9.8,23.5,Yes
11/8/2000,91,90,24,1.5,17.5,3.1,Yes
11/9/2000,89,82,23,1.8,24.6,Trace,No
11/10/2000,74,78,23.7,3.5,13.8,0.4,No
11/11/2000,90,81,21,6.4,10.9,13.7,No
11/12/2000,92,91,15.7,2.6,10.8,44.1,No
11/13/2000,73,79,18.1,5.5,9.8,Trace,No
11/14/2000,45,74,22.1,4.8,8.6,0,No
11/15/2000,74,75,24.1,4.5,6.6,0,No
11/16/2000,88,80,21.2,3.9,8.8,9.6,No
11/17/2000,88,72,19.5,2.2,11.8,Trace,No
11/18/2000,88,76,19.9,2.9,17.1,Trace,No
11/19/2000,88,78,21.3,2.6,12.2,Trace,No
11/20/2000,85,66,17.7,6.8,15.3,Trace,No
11/21/2000,70,56,15.8,3.6,11.2,0,No
11/22/2000,7,64,17.6,5.2,8.3,0,No
11/23/2000,33,75,19.7,4,11.6,0,No
11/24/2000,82,78,21,2.2,16.6,0,No
11/25/2000,46,80,21.7,3.1,17,0,No
11/26/2000,69,81,22.3,3.8,11.2,2.3,No
11/27/2000,67,84,22.5,2.9,19.7,0,No
11/28/2000,88,80,21.4,1.9,23.3,0,No
11/29/2000,69,77,21,2.3,18.3,0,No
11/30/2000,36,80,21.3,3.2,11.7,0,No
12/1/2000,56,78,22.4,5.2,8,0,No
12/2/2000,56,80,21.3,3.5,12.4,0.5,No
12/3/2000,41,66,18.6,3.8,11.5,0,No
12/4/2000,69,70,18.1,3.4,7.6,0,No
12/5/2000,44,74,19.6,4.1,9.4,0,No
12/6/2000,49,79,20.1,2.7,14.6,0,No
12/7/2000,61,80,20.8,2.9,13.1,0,No
12/8/2000,51,79,20.5,2.2,16.9,0,No
12/9/2000,38,77,20.2,2.5,17.6,0,No
12/10/2000,63,71,21.6,4.5,10.5,0,No
12/11/2000,89,81,20.5,3.8,21.4,1.7,No
12/12/2000,96,94,16.2,4,13.8,25.8,No
12/13/2000,95,92,12.7,2.9,10.8,24.8,No
12/14/2000,58,76,15.8,5.5,10,0,No
12/15/2000,85,75,18.2,3.7,7.9,Trace,No
12/16/2000,70,77,20.2,4,6.5,0,No
12/17/2000,77,76,21.3,4.2,9.5,0,No
12/18/2000,88,85,20.9,3.1,14.8,Trace,No
12/19/2000,88,87,20.7,2.6,21.8,2.4,No
12/20/2000,88,86,20.3,5.8,10.3,0.6,No
12/21/2000,77,67,15.9,4,12.4,0,No
12/22/2000,49,72,14.8,4.7,9,0,No
12/23/2000,4,63,16.3,6.6,7.1,0,No
12/24/2000,2,64,17.5,4.8,7.8,0,No
12/25/2000,13,73,18.4,4.1,15.2,0,No
12/26/2000,69,73,18.6,4,16.1,0,No
12/27/2000,87,73,19.2,2.6,16.4,0.2,No
12/28/2000,32,73,20.1,4.1,9.7,0,No
12/29/2000,17,79,18.7,3.4,10.7,0,No
12/30/2000,5,67,18.1,5.4,8.3,0,No
12/31/2000,0,57,16.7,4.9,13.7,0,No
1/1/2001,41,69,16.4,2.8,12.8,0,No
1/2/2001,61,78,17.9,3.8,12.1,0,No
1/3/2001,35,82,18.3,2.7,14.2,0,No
1/4/2001,86,80,18.4,1.7,15.7,Trace,No
1/5/2001,57,79,18.6,2.3,13.2,Trace,No
1/6/2001,48,81,19,2.5,16.8,0,No
1/7/2001,7,79,20.1,5.9,3.9,0,No
1/8/2001,55,81,19.6,2,14,0,No
1/9/2001,56,74,19,7.6,10,0,No
1/10/2001,92,71,15.8,4.5,9,0,No
1/11/2001,94,80,16.5,3.4,7.3,0.4,No
1/12/2001,82,81,18.1,1.5,16.3,0,No
1/13/2001,56,71,17.2,4.3,6.9,0.7,No
1/14/2001,31,69,16.5,3.4,14.3,0,No
1/15/2001,67,65,14.7,2.7,13.9,0,No
1/16/2001,77,66,15.3,2.9,15.8,Trace,No
1/17/2001,36,70,16.2,3.1,16.9,0,No
1/18/2001,53,75,18.4,5.6,10.6,0,No
1/19/2001,53,75,19.6,3.4,9.5,0,No
1/20/2001,40,71,20.3,5.1,5.9,0,No
1/21/2001,76,84,18.9,1.9,16.1,0,No
1/22/2001,85,84,20,3.3,13.3,0,No
1/23/2001,99,92,19,2.8,17.1,0.3,No
1/24/2001,100,91,18.7,2.5,17,Trace,No
1/25/2001,93,95,19.6,5,11.5,2.3,No
1/26/2001,89,80,13.7,4.8,11.6,27.3,No
1/27/2001,91,80,12.5,2.6,13.3,6.4,No
1/28/2001,96,87,11.2,3.1,8.5,10.2,No
1/29/2001,88,70,13.8,2.9,8.7,0,No
1/30/2001,82,75,15.8,2.8,16.2,0,No
1/31/2001,88,83,16.9,2.7,13.3,0,No
2/1/2001,89,81,17.3,3.4,9.9,Trace,No
2/2/2001,91,82,14,2.5,18.8,Trace,No
2/3/2001,100,91,15.1,2.2,21.2,0.1,No
2/4/2001,100,91,15.4,1.4,8.7,Trace,No
2/5/2001,79,89,17.3,2.9,15.7,Trace,No
2/6/2001,77,87,19.5,4.3,8,0,No
2/7/2001,49,81,20,6.9,7.4,0,No
2/8/2001,90,74,15.6,2.4,9.9,0,No
2/9/2001,85,75,16,3.2,9.5,Trace,No
2/10/2001,89,76,15.7,3.4,9.1,1,No
2/11/2001,78,80,17.1,3.6,9.9,Trace,No
2/12/2001,69,79,19.4,6,11.4,0,No
2/13/2001,89,78,17.6,6.7,12.4,Trace,No
2/14/2001,59,63,13.3,5.4,12.8,0,No
2/15/2001,32,64,15.2,5.5,7.2,0,No
2/16/2001,49,70,16.8,4,16.8,0,No
2/17/2001,62,69,16.4,3,18.3,0,No
2/18/2001,37,75,19.3,6.4,9.2,0,No
2/19/2001,11,78,20.3,6.3,8.7,0,No
2/20/2001,14,76,19.7,4.4,18.5,0,No
2/21/2001,59,75,20.7,4.7,10.1,0,No
2/22/2001,7,78,21.1,5.3,10.5,0,No
2/23/2001,17,75,21,7.6,8,0,No
2/24/2001,59,78,21.6,7.4,11.7,0,No
2/25/2001,89,80,15.4,6.5,17.6,8.8,No
2/26/2001,96,85,14.8,3.8,18,Trace,No
2/27/2001,88,81,18.9,3.8,13.9,Trace,No
2/28/2001,83,86,18.5,3.1,15.2,1,No
3/1/2001,31,63,17.7,6.9,9,0,No
3/2/2001,55,65,18.1,2.9,19.9,0,No
3/3/2001,83,72,19.9,4.5,14.5,Trace,No
3/4/2001,23,46,19.6,5.6,10.6,0,No
3/5/2001,40,68,19.1,3.8,15.2,0,No
3/6/2001,58,79,20.9,4.6,11.1,0,No
3/7/2001,72,85,21.6,6.9,11.7,Trace,No
3/8/2001,94,77,16.6,2.9,13.8,Trace,No
3/9/2001,87,65,16.6,3,15.3,Trace,No
3/10/2001,90,70,18,1.4,13.7,Trace,No
3/11/2001,100,85,18.3,2.8,6.5,2.7,No
3/12/2001,90,76,18.2,4.5,9.5,1.3,No
3/13/2001,76,64,18.5,3.2,21.1,0,No
3/14/2001,73,81,20.3,4,12,Trace,No
3/15/2001,45,79,22.2,5.5,8.8,0,No
3/16/2001,82,89,21.8,2.2,11.5,Trace,No
3/17/2001,77,85,22.9,6.4,7.3,Trace,No
3/18/2001,74,86,21.5,3.7,14.4,Trace,No
3/19/2001,94,84,20.7,3.5,16.7,Trace,No
3/20/2001,92,85,23,4.1,7,0.1,No
3/21/2001,31,72,22.6,7,7.7,0,No
3/22/2001,73,84,22.5,4,12.2,0,No
3/23/2001,80,84,24.4,5.5,9,0.2,No
3/24/2001,86,81,25.5,4,3.8,Trace,No
3/25/2001,80,87,23.7,5.5,6.4,46.2,No
3/26/2001,84,82,20.1,1.7,15,Trace,No
3/27/2001,97,89,19.8,1.8,13.2,5.4,No
3/28/2001,86,79,21,3.5,14.1,Trace,No
3/29/2001,51,71,19.9,4.9,16.3,0.6,No
3/30/2001,44,75,20.4,4.3,14.4,0,No
3/31/2001,72,81,21.9,4.2,12.5,Trace,No
4/1/2001,91,82,20.4,2.5,20.7,Trace,No
4/2/2001,60,83,21.9,4,12.5,Trace,No
4/3/2001,66,81,24,5.4,5.3,0,No
4/4/2001,96,93,20.7,5.4,20,41.3,No
4/5/2001,92,89,19.9,2.9,17.3,17.9,No
4/6/2001,98,92,20.2,1.5,18.1,5,No
4/7/2001,99,92,20.8,2.6,12.7,0.2,No
4/8/2001,96,90,24.3,5.4,10,0.1,No
4/9/2001,96,95,23.1,3.8,14.6,46.6,No
4/10/2001,98,89,21.4,0.8,24.2,0.3,No
4/11/2001,91,84,18.1,5.5,14,4.2,No
4/12/2001,46,65,17.8,6.1,11.6,0,No
4/13/2001,96,76,19.4,1.8,16,Trace,No
4/14/2001,93,72,21.1,3.3,8.7,Trace,No
4/15/2001,59,74,22.2,3.5,15.9,0,No
4/16/2001,77,82,22.6,5.1,12.7,0,No
4/17/2001,84,85,23.9,4.7,7.2,0,No
4/18/2001,93,91,23.7,3.2,10,5.4,No
4/19/2001,95,94,22.9,2.7,14,2.3,No
4/20/2001,87,84,26.5,4.5,9.1,Trace,No
4/21/2001,92,87,25.6,4.5,11.6,1.2,No
4/22/2001,99,90,21.6,3.4,24.9,3.6,No
4/23/2001,93,90,20.8,2.9,21.9,1.4,No
4/24/2001,90,89,23.1,5.5,10.9,Trace,No
4/25/2001,96,91,21.6,2.7,8.1,3.2,No
4/26/2001,71,82,22,4.1,19.3,Trace,No
4/27/2001,73,79,22.7,3.9,17.2,0,No
4/28/2001,89,90,24.2,3.4,13.6,Trace,No
4/29/2001,83,87,26.8,5.7,5.6,0.3,No
4/30/2001,67,82,27.8,6,6.2,0,No
5/1/2001,86,85,25.6,3.1,11.4,0.8,No
5/2/2001,88,87,24.9,3.1,10.3,Trace,No
5/3/2001,92,90,23.9,1.5,15.5,3.2,No
5/4/2001,89,87,24.5,3.1,12.9,0.1,No
5/5/2001,68,82,26.8,6.2,7,Trace,No
5/6/2001,71,80,28.1,5,10,0,No
5/7/2001,83,78,28.9,3.3,12.8,0,No
5/8/2001,88,82,29,4.8,8.3,5.2,No
5/9/2001,87,87,26.5,6.9,9.6,30.4,No
5/10/2001,88,80,24.7,3.4,8.7,Trace,No
5/11/2001,76,79,24.6,3.7,9.4,0.2,No
5/12/2001,68,75,25.7,6.2,8.7,0,No
5/13/2001,37,76,26.2,5.3,9.1,0,No
5/14/2001,60,75,27.1,4.6,7.2,0,No
5/15/2001,85,80,26.5,3.2,13.8,0.1,No
5/16/2001,88,80,26.1,2.8,18.4,1.2,No
5/17/2001,85,87,25.8,2.6,15.9,0.5,No
5/18/2001,91,86,26.8,2.7,8,22.8,No
5/19/2001,88,89,26.6,2.4,8,1.8,No
5/20/2001,75,81,28.3,5.7,8.7,Trace,No
5/21/2001,88,83,27.8,7.8,13,27.6,No
5/22/2001,87,88,26.8,4.1,6.9,14.6,No
5/23/2001,80,87,27.1,2.3,11.1,0,No
5/24/2001,54,83,27.5,4.5,13,0,No
5/25/2001,84,82,27.6,3.5,15.8,0,No
5/26/2001,58,80,28,4,14.3,0,No
5/27/2001,64,72,28.3,4.9,11,0,No
5/28/2001,80,81,27.7,3.1,18.6,1.2,No
5/29/2001,74,80,27.4,3,17.3,Trace,No
5/30/2001,89,89,26.3,4.5,8.3,50.8,No
5/31/2001,85,81,26.5,4.9,14.6,1.5,No
6/1/2001,85,74,26.2,2.8,21.1,0,No
6/2/2001,89,86,25.8,1.8,12.3,1.7,No
6/3/2001,88,82,27.4,5.9,9.2,Trace,No
6/4/2001,88,78,28.7,3.1,9.3,0,No
6/5/2001,90,85,27.5,4.5,11,73.6,No
6/6/2001,91,91,26.3,3,6.9,54.7,No
6/7/2001,95,91,25.9,4.1,5.3,72.3,No
6/8/2001,97,95,24.9,2.9,8.7,131.3,No
6/9/2001,93,93,26.1,3.5,7.4,54.5,No
6/10/2001,92,83,28.2,2.9,5.5,4.4,No
6/11/2001,93,90,26.3,4,5.3,101.3,No
6/12/2001,90,88,27.3,4.4,10.1,73.2,No
6/13/2001,89,84,27.7,5.9,15.7,41.6,No
6/14/2001,85,82,26.7,4,7.1,0.4,No
6/15/2001,80,88,27.1,4.5,8.3,4.9,No
6/16/2001,80,84,28.3,3.3,4.2,7.1,No
6/17/2001,58,79,29.2,5,5,Trace,No
6/18/2001,43,75,29.6,5,4.7,0,No
6/19/2001,57,75,29.6,4.6,10.9,0,No
6/20/2001,83,85,28.8,3.4,6.7,29.9,Yes
6/21/2001,73,82,29.4,4.2,9.3,0,Yes
6/22/2001,39,77,30,5.2,11,Trace,Yes
6/23/2001,64,81,29.6,7.2,11.6,39.4,Yes
6/24/2001,89,85,28,4.7,8.6,39.3,Yes
6/25/2001,88,94,26.5,2.8,10.5,106.1,No
6/26/2001,89,92,26.6,4,9.6,73.1,No
6/27/2001,91,93,25.9,3.6,8.8,136.4,No
6/28/2001,73,87,28.1,5.2,14.1,5.2,No
6/29/2001,78,84,28.6,3.8,17.3,2.9,No
6/30/2001,86,89,27.7,3.1,22,30.3,Yes
7/1/2001,92,88,27.1,3.2,27.5,57.8,Yes
7/2/2001,88,88,27.3,3.1,16.6,11.8,Yes
7/3/2001,72,85,27.9,3.3,17.7,6.9,Yes
7/4/2001,60,68,29.7,7.4,14.6,0,Yes
7/5/2001,88,69,30.1,6.7,12.8,15.8,Yes
7/6/2001,97,87,26.7,2.9,20.7,142.1,Yes
7/7/2001,91,84,28.6,2.8,12.5,8.8,Yes
7/8/2001,86,89,28.1,2.8,14.5,1.4,Yes
7/9/2001,60,81,29,5.1,7.8,0,No
7/10/2001,25,78,29.1,5.1,13.2,0,No
7/11/2001,70,80,29.3,4.4,16,0,No
7/12/2001,87,82,29.5,2.4,14.8,0,No
7/13/2001,90,83,27,4.6,10.3,41,No
7/14/2001,86,80,29.3,4.1,5.2,1.2,No
7/15/2001,92,92,26,4.8,4.6,114,No
7/16/2001,88,87,27,4.8,6.6,1,No
7/17/2001,89,87,27.2,4.8,7.7,37,No
7/18/2001,91,89,26.8,5.2,7.4,45.8,No
7/19/2001,86,89,27,3.3,7.6,10.8,No
7/20/2001,81,90,27.6,4.2,11.7,21.5,No
7/21/2001,86,93,26.8,3.6,12.1,87.3,No
7/22/2001,71,87,28,4.5,9.6,4.2,No
7/23/2001,51,78,29.1,4.9,5.2,0,Yes
7/24/2001,83,84,28.1,5.2,9.9,14.5,Yes
7/25/2001,94,86,26.7,2.9,31.8,17.7,Yes
7/26/2001,88,90,27,3.4,13.7,15.8,Yes
7/27/2001,77,87,28.1,3.4,10.8,Trace,No
7/28/2001,68,80,28.8,4.7,5.6,0,No
7/29/2001,32,78,29.2,5.2,11.7,0,No
7/30/2001,58,77,29.9,4.5,14.8,Trace,No
7/31/2001,71,76,30.2,4,13,Trace,No
8/1/2001,88,83,28.6,6.2,10,11.3,No
8/2/2001,86,90,26.9,5.9,9.8,54.5,No
8/3/2001,80,87,27.7,4.6,11.6,Trace,No
8/4/2001,22,77,29.1,4.9,9.8,0,No
8/5/2001,74,83,29.3,3.1,15,0.2,No
8/6/2001,64,79,29.7,4.2,6.7,Trace,No
8/7/2001,54,75,30.1,5,12,0,No
8/8/2001,35,75,30.3,5.2,9.8,0,No
8/9/2001,54,79,30,3.8,15.3,Trace,No
8/10/2001,81,85,29,4.2,18.3,20.9,No
8/11/2001,86,82,28.9,3.7,7.3,1.6,No
8/12/2001,83,82,28.8,7.5,5.7,32.1,No
8/13/2001,78,76,29,8,8,0.5,No
8/14/2001,64,78,29.5,4,9.4,0,No
8/15/2001,78,79,29.1,4.6,9,0.6,No
8/16/2001,82,78,28.5,3.6,6.4,0.1,No
8/17/2001,79,77,29.1,5.4,10.7,0,No
8/18/2001,70,72,29.8,4.3,11.6,0,No
8/19/2001,72,78,29.2,2.6,7.6,1.3,No
8/20/2001,49,73,29.9,5.3,9.9,0,No
8/21/2001,56,76,30.1,4.6,9.2,0,No
8/22/2001,28,76,30.2,5.1,6.4,0,No
8/23/2001,35,74,31,5,11.3,0,No
8/24/2001,70,76,30.9,4.1,10.1,0,No
8/25/2001,69,77,30.3,3.1,8.3,0,No
8/26/2001,73,75,30.4,3.7,8.9,0,No
8/27/2001,88,78,29.3,6,12.5,32.3,No
8/28/2001,89,88,27.3,2,20,17.4,Yes
8/29/2001,91,92,26.9,2.7,20.5,51.9,Yes
8/30/2001,95,95,26.5,3.1,8,90.6,Yes
8/31/2001,88,82,29.1,3.7,5,3.6,Yes
9/1/2001,92,92,27.2,4,6.9,133.2,Yes
9/2/2001,92,94,26.2,2.2,11,33.3,No
9/3/2001,92,92,26.1,1.9,16.8,73.9,No
9/4/2001,86,85,26.6,3,12.2,0.2,No
9/5/2001,91,92,25.9,2,5.8,100.8,No
9/6/2001,84,86,27.5,4.4,5.2,4.4,Yes
9/7/2001,83,90,26.8,3.9,8.1,98.7,Yes
9/8/2001,67,85,27.2,3.7,15.8,32.3,Yes
9/9/2001,83,84,27,2.9,9.7,1.5,Yes
9/10/2001,85,82,27.4,1.6,12.1,Trace,Yes
9/11/2001,85,82,27.8,2.8,13.2,Trace,Yes
9/12/2001,76,77,28.4,4.2,8.6,0,Yes
9/13/2001,59,79,28.4,3.8,7.1,0,Yes
9/14/2001,61,82,27.9,4.2,5.7,6,Yes
9/15/2001,47,72,29.2,5.3,6.3,0,Yes
9/16/2001,6,59,29.4,5.6,3.7,0,Yes
9/17/2001,9,68,29.7,5.4,9.3,0,Yes
9/18/2001,31,75,30.1,4.9,10.1,0,Yes
9/19/2001,65,68,30.5,5.6,5.7,0,Yes
9/20/2001,88,77,28,6,8.2,52.6,Yes
9/21/2001,89,88,26.5,3.1,17.9,26.4,No
9/22/2001,50,74,27.5,2.6,16.4,Trace,No
9/23/2001,40,66,28.2,4.1,8.6,0,No
9/24/2001,39,60,29.2,5.6,8.7,0,No
9/25/2001,27,55,29.7,5.2,14.3,0,No
9/26/2001,68,60,29,3.5,9.9,0,No
9/27/2001,17,57,29.1,5.4,10.3,0,No
9/28/2001,37,60,29.1,5.8,8.5,0,No
9/29/2001,35,61,29,5.2,10.5,0,No
9/30/2001,16,61,29,5,7.7,0,No
10/1/2001,59,67,28.6,5.2,14.6,9.2,No
10/2/2001,71,75,27,2.4,20.1,Trace,No
10/3/2001,60,76,27,2.3,16.7,0,No
10/4/2001,73,79,27,4.2,11.6,0.7,No
10/5/2001,84,75,26.5,3.2,18.3,0.2,No
10/6/2001,82,76,26.6,2.6,18.5,Trace,No
10/7/2001,65,80,26.9,2.1,16.4,Trace,No
10/8/2001,65,79,27.4,3.9,7.3,Trace,No
10/9/2001,86,71,26.8,3.3,9.9,Trace,No
10/10/2001,85,69,26.1,2.8,12.5,0,No
10/11/2001,47,71,26.5,2.5,19.7,Trace,No
10/12/2001,55,71,26.1,2.5,20.4,Trace,No
10/13/2001,64,71,25.6,1.8,17.5,0,No
10/14/2001,72,70,25.7,2.1,16.9,0,No
10/15/2001,63,76,26,3.6,9.3,0,No
10/16/2001,23,61,27.4,6.5,5.3,0,No
10/17/2001,20,60,26.8,5.6,8.2,0,No
10/18/2001,69,73,25.9,2.7,17.3,0.5,No
10/19/2001,60,70,25.2,2.1,20.4,Trace,No
10/20/2001,47,69,25,2.8,20.7,0,No
10/21/2001,44,73,25.3,3.3,19.3,0,No
10/22/2001,68,71,26,3.8,17.1,0,No
10/23/2001,66,74,25.6,2.1,19,0,No
10/24/2001,39,74,25.7,2.5,18.5,0,No
10/25/2001,42,74,25.2,1.9,22.1,0,No
10/26/2001,48,79,25.4,3,16.9,0,No
10/27/2001,43,79,26,4.3,8.2,0,No
10/28/2001,61,71,26.3,3.6,8.3,0,No
10/29/2001,88,72,24,3.2,11.5,0.1,No
10/30/2001,74,72,24.2,2.9,16.4,0,No
10/31/2001,67,74,24.9,2.8,15.8,0,No
11/1/2001,44,78,25.8,3.6,10.4,0,No
11/2/2001,74,82,25.7,2.3,15.3,0,No
11/3/2001,55,84,26.2,3.4,11,Trace,No
11/4/2001,90,81,24.8,2.4,22,0.7,No
11/5/2001,36,72,25.4,4.4,13.5,0,No
11/6/2001,65,63,22.7,3,11.2,0,No
11/7/2001,63,67,22.7,2.7,15.3,Trace,No
11/8/2001,22,70,22.8,3.8,11.3,Trace,No
11/9/2001,59,55,22.8,4.6,14.6,0,No
11/10/2001,37,54,22.1,4.9,12,0,No
11/11/2001,66,55,22.2,4.2,12.9,0,No
11/12/2001,76,59,22.1,2.5,19.6,Trace,No
11/13/2001,98,67,21.2,4.2,13.6,1,No
11/14/2001,99,55,17.7,7.6,19.2,1,No
11/15/2001,91,48,16.5,5.9,11.7,1.1,No
11/16/2001,12,46,18.5,5.5,7.4,0,No
11/17/2001,0,51,19.1,5.7,7.3,0,No
11/18/2001,0,57,19.7,5.4,9.5,0,No
11/19/2001,0,48,19.8,4.8,10,0,No
11/20/2001,1,50,19.6,4.6,9,0,No
11/21/2001,1,56,19.5,4.6,11.7,0,No
11/22/2001,3,62,19.6,4.5,10.8,0,No
11/23/2001,11,67,20.1,4.2,9.8,0,No
11/24/2001,6,68,20.2,5,5.4,0,No
11/25/2001,8,65,20.4,4.2,8.3,0,No
11/26/2001,16,60,20.9,3.7,17.4,0,No
11/27/2001,24,70,20.4,2.9,22.1,0,No
11/28/2001,90,82,20.9,2.2,18,0.2,No
11/29/2001,84,89,22.2,2.2,10.8,0.3,No
11/30/2001,56,86,22.7,3.8,9.2,0,No
12/1/2001,70,84,21.7,2,13.8,Trace,No
12/2/2001,84,80,21.8,1.6,15.9,0,No
12/3/2001,72,82,21.6,2,15.1,0,No
12/4/2001,36,73,23.2,5,7.2,0,No
12/5/2001,75,79,22.1,1.7,19,0,No
12/6/2001,93,75,21.4,3.6,9.2,0,No
12/7/2001,88,74,19.5,3.2,11.7,0,No
12/8/2001,94,82,20.1,2.2,17.3,7.1,No
12/9/2001,98,87,20.9,2.6,12.9,9.6,No
12/10/2001,92,83,21.3,4.1,9.8,7.8,No
12/11/2001,88,83,20.2,1.5,20.2,0,No
12/12/2001,84,84,21,2.5,12,0,No
12/13/2001,84,73,18.6,6.4,13,0,No
12/14/2001,90,68,15.1,4.4,11.4,0,No
12/15/2001,83,72,17.1,3.1,22.1,0,No
12/16/2001,94,78,18.9,2.2,19.6,Trace,No
12/17/2001,96,83,20.5,2.7,11.4,1.7,No
12/18/2001,99,92,17.3,4,8.4,18.4,No
12/19/2001,73,80,17.4,4.2,8.3,0,No
12/20/2001,84,78,18.7,3,12.4,Trace,No
12/21/2001,51,62,14.5,7.2,15.5,0,No
12/22/2001,14,45,11.7,5.4,13.5,0,No
12/23/2001,31,45,13.9,5.4,7,0,No
12/24/2001,38,56,15,4.7,8.2,0,No
12/25/2001,17,66,15.8,4.4,11.3,0,No
12/26/2001,46,70,15.8,3.6,14.7,0,No
12/27/2001,39,70,16.2,2.9,10.5,0,No
12/28/2001,6,54,15.7,5.1,8.6,0,No
12/29/2001,3,53,15.6,5.1,5.3,0,No
12/30/2001,3,63,16,4.1,6.9,0,No
12/31/2001,7,67,17.4,6,7.4,0,No
1/1/2002,23,63,18.9,6.1,4.6,0,No
1/2/2002,8,51,18.1,3.6,7.8,0,No
1/3/2002,14,55,16.4,4.5,6.6,0,No
1/4/2002,7,66,16.9,5.1,5.2,0,No
1/5/2002,15,55,18,6.2,3.7,0,No
1/6/2002,18,73,18.5,4,7.5,0,No
1/7/2002,6,69,19.2,5.7,3.3,0,No
1/8/2002,8,64,18.3,2.5,16.8,0,No
1/9/2002,32,75,17,2.1,19.4,0,No
1/10/2002,57,82,18.1,4.8,5,0,No
1/11/2002,18,81,19.2,5.1,3,0,No
1/12/2002,84,84,20.2,3.5,7.2,0,No
1/13/2002,82,80,21.5,4,8.3,0,No
1/14/2002,89,84,21.2,2.7,10.6,1.7,No
1/15/2002,98,93,19.7,1.3,19.7,1,No
1/16/2002,56,88,21.6,4.8,5,0,No
1/17/2002,47,89,20.6,5.2,10.8,Trace,No
1/18/2002,92,90,19.6,1.7,16.3,1.9,No
1/19/2002,92,89,17.5,2.8,11.5,0.5,No
1/20/2002,93,80,15.8,5.3,15,0,No
1/21/2002,4,57,12.9,6.2,13.2,0,No
1/22/2002,45,59,14.3,4.9,9.3,0,No
1/23/2002,60,63,15.8,2.8,16.3,0,No
1/24/2002,92,76,16.3,1.7,21.7,0,No
1/25/2002,100,88,16.5,3.3,16.9,0.2,No
1/26/2002,95,85,14.2,3.1,11,13.7,No
1/27/2002,99,93,12.2,2.3,8,6,No
1/28/2002,96,84,12.6,1.9,10.5,Trace,No
1/29/2002,90,76,13.8,3.9,8,Trace,No
1/30/2002,48,73,15.3,3.2,11,0,No
1/31/2002,27,77,15.9,3.4,15.7,0,No
2/1/2002,91,75,15.7,4.2,12.1,Trace,No
2/2/2002,87,80,13,5.4,8.6,2.6,No
2/3/2002,87,71,15.1,1.8,25.4,0,No
2/4/2002,88,74,16.4,2.4,15.2,0,No
2/5/2002,100,85,16,2.7,8.1,1.9,No
2/6/2002,89,84,16.2,1.8,15.3,0.1,No
2/7/2002,93,80,17.6,2.1,20.4,Trace,No
2/8/2002,81,82,18,3.8,12.4,0,No
2/9/2002,76,84,18.7,3.5,11.5,0,No
2/10/2002,88,74,18,2.1,8.8,0,No
2/11/2002,70,67,16.7,2.3,13.2,0,No
2/12/2002,16,68,16.8,3.5,13.1,0,No
2/13/2002,21,76,17.8,4.3,10.3,0,No
2/14/2002,47,75,18.6,3.8,16.8,0,No
2/15/2002,64,79,17.8,2.5,19.7,0,No
2/16/2002,72,75,18.3,3.7,15.7,0,No
2/17/2002,23,71,20.6,6.4,5.5,0,No
2/18/2002,35,77,19.6,2.3,15.5,0,No
2/19/2002,40,71,18.9,2.7,23.8,0,No
2/20/2002,85,75,17.5,3.1,23.5,0,No
2/21/2002,41,71,19.1,4.7,11.8,0,No
2/22/2002,14,78,20.6,5.1,8,0,No
2/23/2002,55,86,20.1,2.5,9,0,No
2/24/2002,79,81,20.2,2.5,12.1,Trace,No
2/25/2002,58,80,18.9,2.9,16.9,Trace,No
2/26/2002,32,81,20.3,4.9,10.6,0,No
2/27/2002,74,85,21.2,3.4,10,Trace,No
2/28/2002,56,83,21.7,4.8,10.2,0,No
3/1/2002,85,86,21.7,2.6,11.8,Trace,No
3/2/2002,53,81,21.4,3.3,10.2,0,No
3/3/2002,80,84,20.5,1.7,15.5,Trace,No
3/4/2002,81,80,20.4,2.7,16.2,Trace,No
3/5/2002,74,73,21.2,7.7,13,0,No
3/6/2002,43,47,17.5,6,11.5,0,No
3/7/2002,32,51,18.1,5,10,0,No
3/8/2002,60,60,19.5,4.4,17.8,0,No
3/9/2002,85,66,20.4,3.1,16.1,0,No
3/10/2002,66,78,21.1,3.7,10.3,0,No
3/11/2002,57,78,21.7,4.1,11.1,0,No
3/12/2002,68,84,21.9,3.5,11.8,0,No
3/13/2002,82,87,22,1.9,10.8,Trace,No
3/14/2002,87,85,22.7,3.7,7.8,Trace,No
3/15/2002,86,83,24.3,3.7,4.9,Trace,No
3/16/2002,94,89,23.2,5.7,9.5,1.1,No
3/17/2002,98,84,20.9,1.7,12.1,Trace,No
3/18/2002,90,73,20.7,2.6,12.9,0,No
3/19/2002,44,65,21.5,4.9,14.3,0,No
3/20/2002,66,79,22.7,5.3,6.7,Trace,No
3/21/2002,46,76,23.5,6,6.1,0,No
3/22/2002,82,84,23.5,3.3,6.5,Trace,No
3/23/2002,96,94,20.3,4.8,20.2,130,No
3/24/2002,93,95,19.6,1.1,16.5,33.7,No
3/25/2002,84,90,20.7,3.8,12.6,0.1,No
3/26/2002,89,90,21.2,1.2,16.5,Trace,No
3/27/2002,91,92,22.8,3.5,11.3,Trace,No
3/28/2002,89,95,22.5,1.5,11.8,2.3,No
3/29/2002,91,89,24.5,4.9,5,57,No
3/30/2002,96,93,22.3,2.8,9.8,13.6,No
3/31/2002,90,89,21.6,1.1,13.2,0.9,No
4/1/2002,54,82,22.7,4.5,14.8,0,No
4/2/2002,71,82,24.8,6.1,5.5,0,No
4/3/2002,76,81,25.8,3.8,11.5,0,No
4/4/2002,72,82,25.8,3.8,9.2,0,No
4/5/2002,80,79,26.1,3.9,6.8,0,No
4/6/2002,85,81,25.9,6.5,4.3,9.2,No
4/7/2002,81,78,26.2,3.6,4.1,0,No
4/8/2002,61,78,26.4,3.8,4.3,0,No
4/9/2002,79,82,25.8,5.5,8.3,0.1,No
4/10/2002,99,90,22.3,2.8,16.4,2.9,No
4/11/2002,94,80,18.8,3.3,11.7,Trace,No
4/12/2002,69,74,19.8,4.1,8.6,0,No
4/13/2002,32,73,21.6,4.8,11.7,0,No
4/14/2002,60,84,23.4,5.2,9.7,0,No
4/15/2002,76,86,25.3,5,8.7,Trace,No
4/16/2002,76,85,25.7,4.8,10.1,0,No
4/17/2002,83,83,26.1,4.8,9.1,0,No
4/18/2002,90,86,23.8,2.4,19,Trace,No
4/19/2002,88,85,23.2,2.8,15.3,Trace,No
4/20/2002,52,83,24.9,4.6,11.6,Trace,No
4/21/2002,32,78,25.9,6.1,5.2,0,No
4/22/2002,56,80,26.5,4.9,6.1,0,No
4/23/2002,52,81,27.2,4.1,10.6,0,No
4/24/2002,58,81,27.1,4.5,10.5,0,No
4/25/2002,92,84,24.5,3,21.7,Trace,No
4/26/2002,98,84,22.9,1.4,21,Trace,No
4/27/2002,92,83,23.4,2.3,17.5,0,No
4/28/2002,88,85,24.1,2.7,15.9,0.2,No
4/29/2002,79,85,25.5,4.3,14,Trace,No
4/30/2002,53,84,26.4,3.7,12.4,Trace,No
5/1/2002,53,83,26.3,3.4,12.9,Trace,No
5/2/2002,53,81,27.2,4.6,14.5,0,No
5/3/2002,48,79,27.5,4.5,15.2,0,No
5/4/2002,68,79,27.4,4.2,16.3,0,No
5/5/2002,79,79,27.1,3.4,18.1,Trace,No
5/6/2002,64,81,27.1,3.4,14.2,0.2,No
5/7/2002,29,77,27.7,4.8,9.5,0,No
5/8/2002,65,77,27.7,3.9,13.4,Trace,No
5/9/2002,88,90,26.4,2.8,11.3,19.3,No
5/10/2002,89,86,26.8,5.3,7.3,56.3,No
5/11/2002,82,79,27.6,6.2,6.5,31.3,No
5/12/2002,93,89,26.6,2.9,12.8,29.7,No
5/13/2002,81,87,26.5,4.1,15,6,No
5/14/2002,84,83,27.6,5.8,8.6,21.2,No
5/15/2002,90,80,26.4,4.5,9.1,1.4,No
5/16/2002,90,85,26.4,5.5,5.7,18.2,No
5/17/2002,92,89,24.4,4.2,10.7,23,No
5/18/2002,85,89,25.4,2.2,10.4,5.1,No
5/19/2002,88,94,25.7,3.2,5.5,34.3,No
5/20/2002,95,92,26.2,2.8,13.2,7.2,No
5/21/2002,89,81,29.2,3.5,5.5,0,No
5/22/2002,89,82,29,4.5,8.7,13.9,No
5/23/2002,91,80,27.7,4.6,9.1,3.4,No
5/24/2002,89,75,26.6,3.1,13.5,Trace,No
5/25/2002,88,68,26.4,4.1,14,Trace,No
5/26/2002,83,61,26.8,4.1,12.5,Trace,No
5/27/2002,63,73,27.2,4.7,17.6,Trace,No
5/28/2002,70,76,27.3,3.1,19.4,0,No
5/29/2002,57,77,27.8,4.2,9.5,0,No
5/30/2002,78,80,28,6,10.5,4.9,No
5/31/2002,78,77,28,4.5,12.3,0.2,No
6/1/2002,84,84,28.1,4.2,12.3,3.8,No
6/2/2002,89,89,26.4,3.7,15.4,3,No
6/3/2002,85,80,26.6,2.1,21.2,Trace,No
6/4/2002,84,79,27.6,3.3,21.1,Trace,No
6/5/2002,82,83,27.4,1.9,18.2,1,No
6/6/2002,75,83,27.8,4,18.3,3.3,No
6/7/2002,42,76,28.5,4.6,9.5,0,No
6/8/2002,53,79,28.7,4.3,9.3,0,No
6/9/2002,82,89,26.8,4,9.7,24.7,No
6/10/2002,87,84,27.9,4.6,8.3,9.7,No
6/11/2002,95,87,27.7,5.1,8.8,109.2,No
6/12/2002,89,85,28.1,3.8,7.5,6.4,No
6/13/2002,86,79,29,3.5,4.7,Trace,No
6/14/2002,84,74,29.3,4.2,6.8,Trace,No
6/15/2002,86,76,29.5,2.7,6.6,Trace,No
6/16/2002,85,79,29.1,4.3,9.7,11.9,No
6/17/2002,86,78,29.4,4.7,9.1,9.6,No
6/18/2002,85,78,29.4,3,6,0.5,No
6/19/2002,83,79,29.3,3.8,5.8,6.8,No
6/20/2002,84,83,28.7,3.9,4,15.6,No
6/21/2002,71,81,29.6,4.5,8.8,2.5,No
6/22/2002,72,85,28.9,4.4,11.1,5.5,No
6/23/2002,82,85,29.3,4.3,8.7,9.4,No
6/24/2002,51,75,30.2,4.5,6,Trace,No
6/25/2002,43,76,30.1,6.3,7.7,11.8,No
6/26/2002,50,74,30.5,4.5,9,0,No
6/27/2002,62,74,30.5,4.2,4.4,Trace,No
6/28/2002,81,74,30.4,3.3,12,Trace,No
6/29/2002,86,76,30,5,11.3,2.3,No
6/30/2002,88,76,29.9,3.2,8.9,0.6,No
7/1/2002,88,80,29.5,5.6,5.8,11.5,No
7/2/2002,88,83,28.7,5.4,8,4.7,No
7/3/2002,78,80,29.3,5.2,7.8,Trace,No
7/4/2002,50,78,29.5,5.4,7.5,12,No
7/5/2002,60,78,30.4,5.4,6.2,0,No
7/6/2002,86,86,28.8,4,10.7,5.6,No
7/7/2002,86,85,28.3,3.5,6.8,12.5,No
7/8/2002,86,79,28.5,6.4,8.6,0.5,No
7/9/2002,80,77,28.9,6.2,9.8,9.3,No
7/10/2002,73,74,29.5,5.1,8.6,0,No
7/11/2002,69,76,30.3,5.6,9.8,Trace,No
7/12/2002,39,73,30.4,4.9,11.4,0,No
7/13/2002,60,75,30.8,4.6,9.7,0,No
7/14/2002,57,79,30.8,4.6,9.7,Trace,No
7/15/2002,55,77,30.5,3.7,14.1,Trace,No
7/16/2002,82,84,28.2,4.2,12.8,24.3,No
7/17/2002,90,82,29.3,6.9,17.4,38.2,No
7/18/2002,88,79,29.7,2.2,18.6,0.9,No
7/19/2002,90,80,29.5,1.7,14.5,0.2,No
7/20/2002,88,82,29.3,3.7,5.6,8.8,No
7/21/2002,83,82,29.2,5.7,7.8,0.8,No
7/22/2002,86,83,28,6.6,7.8,17.9,No
7/23/2002,83,83,28,5.8,6.5,8,No
7/24/2002,81,81,29.2,4.3,9.4,Trace,No
7/25/2002,83,80,29.4,5.5,4.8,0.9,No
7/26/2002,89,86,27.9,5.9,6,41.8,No
7/27/2002,88,93,27,2,9.2,17.7,No
7/28/2002,88,92,26.7,3.5,13.9,16,No
7/29/2002,88,93,26,4.1,12.9,71.8,No
7/30/2002,90,93,26.8,3,9.3,7,No
7/31/2002,88,92,27,2.6,6.3,10.4,No
8/1/2002,39,79,28.8,5.7,7.2,Trace,No
8/2/2002,86,80,29.2,5.4,5.8,Trace,No
8/3/2002,87,87,27.6,4.1,10.5,13.3,Yes
8/4/2002,88,86,27.1,2.5,23.3,19.4,Yes
8/5/2002,90,84,27.1,4.7,19.6,6.2,Yes
8/6/2002,92,84,27.8,4.8,15.7,43.7,No
8/7/2002,87,82,28.7,2.5,13.1,1.2,No
8/8/2002,88,81,28.9,2.7,6.3,Trace,No
8/9/2002,93,92,26.6,4.2,5.6,91.7,No
8/10/2002,89,94,26.2,3.8,5.8,90.5,No
8/11/2002,83,89,27.7,3.9,11.4,3,No
8/12/2002,78,84,28.3,4.3,12.7,0.8,No
8/13/2002,63,81,28.6,4.1,12.7,0,No
8/14/2002,61,80,28.7,3.8,12.2,0,No
8/15/2002,76,77,29,4.5,13.2,0,Yes
8/16/2002,88,76,29,2.2,20.5,Trace,Yes
8/17/2002,88,78,28.9,2.8,24.7,1,Yes
8/18/2002,89,87,27.2,2.9,26.3,51.6,Yes
8/19/2002,88,89,27.2,2.6,16.7,26.8,Yes
8/20/2002,87,91,27.5,3.3,14.1,14.6,Yes
8/21/2002,68,88,28,3.4,12.4,Trace,No
8/22/2002,37,80,29,4.6,6.1,0,No
8/23/2002,25,73,29.1,4.2,8.7,0,No
8/24/2002,26,76,29.1,4.9,12.8,0,No
8/25/2002,47,75,29.3,4.5,13.6,Trace,No
8/26/2002,61,79,29.3,3.8,13.6,Trace,No
8/27/2002,71,79,29.7,4.1,12.7,0.4,No
8/28/2002,38,75,29.5,6.1,11.1,0,No
8/29/2002,16,69,29.8,5.4,12.5,0,No
8/30/2002,35,77,29.6,5.7,9.2,1.7,No
8/31/2002,38,77,29.2,4,7.2,0,No
9/1/2002,31,76,29.6,5.3,8.1,Trace,No
9/2/2002,43,74,29.4,5.2,8.6,0.6,No
9/3/2002,73,80,27.8,5.5,6.9,6.8,No
9/4/2002,43,73,28.2,4.7,6.8,0,No
9/5/2002,38,65,29.1,5.2,5.6,0,No
9/6/2002,55,69,30,6.1,8.5,0,No
9/7/2002,10,52,29.1,4.7,8.7,0,No
9/8/2002,31,59,28.2,6.1,6.8,0,No
9/9/2002,52,72,28.7,5.3,5.6,0,No
9/10/2002,86,82,28.2,5.8,8.3,49,Yes
9/11/2002,94,86,26,4.2,30,39.5,Yes
9/12/2002,89,86,26.5,3.3,12.7,17.8,Yes
9/13/2002,84,90,26.6,2.7,8,9.2,Yes
9/14/2002,90,92,26.1,2.5,6.7,56.2,No
9/15/2002,97,96,25.3,1.8,7.1,161.1,No
9/16/2002,95,96,25.4,3.7,12.3,121.9,No
9/17/2002,98,96,24.7,2,10.9,162.8,No
9/18/2002,74,81,27,4.7,21.7,3.5,No
9/19/2002,75,76,27.8,3.4,21.7,0,No
9/20/2002,38,77,27.5,2.5,19.6,0,No
9/21/2002,69,79,27.5,2.6,14.8,Trace,No
9/22/2002,90,87,26.1,2.9,9.3,83,No
9/23/2002,89,76,26.3,3.2,15.8,0,No
9/24/2002,88,79,25.4,2.6,20.3,0.4,No
9/25/2002,88,88,25,2,14.8,5.6,No
9/26/2002,86,87,26.2,2.6,16.3,0.2,No
9/27/2002,71,84,27.4,3.3,10.5,0.2,No
9/28/2002,73,85,27.1,2.7,12.3,0.8,No
9/29/2002,88,85,26.2,2.5,16.3,4.4,No
9/30/2002,85,77,26.3,1.4,18.8,Trace,No
10/1/2002,86,86,25.4,3.4,5.3,7.6,No
10/2/2002,83,78,26.3,3.4,7.7,0,No
10/3/2002,81,78,26.7,2.8,13.1,0,No
10/4/2002,77,82,26.9,2.6,12,0,No
10/5/2002,79,82,27.1,2.4,13.6,0,No
10/6/2002,86,66,25.2,3.2,9,Trace,No
10/7/2002,86,48,23.8,1.7,12,Trace,No
10/8/2002,17,45,24.1,5.1,11.3,0,No
10/9/2002,5,50,23.9,5.5,10.2,0,No
10/10/2002,27,64,24.5,5.1,8,0,No
10/11/2002,52,73,25.8,4.2,8.1,0,No
10/12/2002,79,77,26.5,3.2,13.7,0,No
10/13/2002,81,81,26.6,2.1,13.5,0,No
10/14/2002,38,77,26.3,2.9,14.5,0,No
10/15/2002,31,80,26.5,3.5,11.6,0,No
10/16/2002,70,81,26.5,2.8,14.6,0,No
10/17/2002,89,82,27.1,2.4,11.4,0.1,No
10/18/2002,81,87,26.6,3.6,5,54.9,No
10/19/2002,51,80,27.5,3.6,4.2,0,No
10/20/2002,76,79,27.6,4.4,4.5,0,No
10/21/2002,91,89,24.1,5.1,7.2,50.1,No
10/22/2002,88,85,23.5,0.8,12.9,Trace,No
10/23/2002,89,86,20.8,3.9,10.2,9.2,No
10/24/2002,74,77,22.1,4.6,8.7,Trace,No
10/25/2002,59,78,24.6,3.3,11.6,Trace,No
10/26/2002,70,78,24.9,3.5,11.3,0.5,No
10/27/2002,84,78,23.8,2.3,16.1,0.1,No
10/28/2002,93,83,24.1,1.7,20.5,1,No
10/29/2002,89,87,24.5,1.4,18.3,4.1,No
10/30/2002,90,96,23.5,0.9,12.9,66.2,No
10/31/2002,87,90,23,2.4,6,5.2,No
11/1/2002,57,73,22.9,4.6,8.9,0,No
11/2/2002,72,70,21.4,3.2,13.5,0,No
11/3/2002,8,51,20.7,4.4,16.2,0,No
11/4/2002,27,43,20,3.3,15.3,0,No
11/5/2002,35,61,20.6,4.2,14.8,0,No
11/6/2002,9,67,21.7,3.9,13.7,0,No
11/7/2002,2,64,23.6,5.9,3.3,0,No
11/8/2002,12,58,23.8,4.7,6.5,0,No
11/9/2002,50,72,22.7,1.6,21,0,No
11/10/2002,66,74,22.4,3.5,16.9,0,No
11/11/2002,62,83,23.9,3.4,10.7,0,No
11/12/2002,11,79,24.7,4.9,4.7,0,No
11/13/2002,16,78,24.4,3.7,7.1,0,No
11/14/2002,45,80,25.1,4,3.6,0,No
11/15/2002,68,83,25.7,6.2,5.6,Trace,No
11/16/2002,93,83,19.8,4,13.1,5.4,No
11/17/2002,91,73,20.1,3.7,10.3,Trace,No
11/18/2002,88,69,20.4,1.6,15.5,Trace,No
11/19/2002,88,81,19.6,3.2,14.9,5,No
11/20/2002,73,76,21.8,4.7,10.3,0,No
11/21/2002,51,72,22.3,3.7,9.2,0,No
11/22/2002,65,72,20.6,3.6,6.8,0,No
11/23/2002,57,74,21,3.9,4.6,0,No
11/24/2002,67,67,20.4,4.4,10.5,Trace,No
11/25/2002,68,63,18.5,4.1,11.5,0,No
11/26/2002,34,58,18.5,3.8,12.3,0,No
11/27/2002,87,64,19.1,1.6,16,Trace,No
11/28/2002,92,87,18.6,3.3,17.1,3,No
11/29/2002,91,86,20.6,2.6,17.3,0.7,No
11/30/2002,97,91,20.8,1.4,15.1,9.2,No
12/1/2002,92,90,20.4,1.4,21.5,2.3,No
12/2/2002,94,91,21.3,1.8,16.8,0.6,No
12/3/2002,57,89,22.7,3.3,10.6,0,No
12/4/2002,59,87,23.3,3.4,7.9,0,No
12/5/2002,89,92,23.2,1.1,10.9,0.2,No
12/6/2002,84,91,23.8,2.8,11.1,Trace,No
12/7/2002,72,90,24.3,2.4,10.3,0,No
12/8/2002,91,81,16.1,12.1,16,4.3,No
12/9/2002,62,65,13.2,4.2,12.9,Trace,No
12/10/2002,48,66,15.8,3.4,17,0,No
12/11/2002,93,75,15.7,3.5,14.6,8,No
12/12/2002,44,76,15.2,5.5,8.5,8,No
12/13/2002,59,71,16.2,4.2,17,0,No
12/14/2002,66,73,17.6,3.5,18.3,0,No
12/15/2002,66,77,19.4,3.4,13.7,Trace,No
12/16/2002,66,79,20.9,4.4,7.1,0.2,No
12/17/2002,78,79,20.6,1.9,15,Trace,No
12/18/2002,89,83,21.2,1.8,14.3,Trace,No
12/19/2002,79,87,22.5,4.6,9.3,Trace,No
12/20/2002,88,92,18.9,3.5,17,23,No
12/21/2002,82,84,19.3,3.7,7.7,0.7,No
12/22/2002,66,80,18.7,2.8,8.4,0,No
12/23/2002,84,73,18.9,4.5,6.7,0,No
12/24/2002,83,73,18.5,3.4,8.1,0,No
12/25/2002,86,74,17.4,3.2,11.3,0,No
12/26/2002,88,76,11.8,8.8,13.8,8.9,No
12/27/2002,92,90,8.2,2.5,12,7.4,No
12/28/2002,79,76,12,5.8,7.7,Trace,No
12/29/2002,72,77,15.1,4.5,7.8,0,No
12/30/2002,56,75,15.9,4,10.9,0,No
12/31/2002,85,78,15.4,3.6,8.7,0.5,No
1/1/2003,84,78,15.8,1.2,17.9,0,No
1/2/2003,88,78,16.4,2.2,17.5,Trace,No
1/3/2003,38,66,15.5,5.1,8.6,0.8,No
1/4/2003,39,68,15.2,4.5,9.8,0,No
1/5/2003,86,68,15.2,2.7,17.5,0,No
1/6/2003,92,80,11.8,6.1,15.8,16.5,No
1/7/2003,61,76,11.4,5.3,11.3,0.1,No
1/8/2003,33,72,13,5.1,10,0,No
1/9/2003,17,68,15.2,4.7,10.1,0,No
1/10/2003,2,62,15.2,5.3,9.3,0,No
1/11/2003,33,56,15,5.3,5.8,0,No
1/12/2003,13,62,15.1,4.4,7.2,0,No
1/13/2003,26,69,16.2,5.9,5.2,0,No
1/14/2003,61,57,16.9,4.3,11.9,0,No
1/15/2003,36,64,16.3,2.3,22.6,0,No
1/16/2003,70,73,16,3.1,14.2,0,No
1/17/2003,10,68,17.5,5.4,13.6,0,No
1/18/2003,35,66,18.6,2.8,14.3,0,No
1/19/2003,24,71,19.1,6.3,2.8,0,No
1/20/2003,42,73,18.1,2.8,14.2,0,No
1/21/2003,51,74,16.9,2.1,20.7,0,No
1/22/2003,27,72,18.1,5.3,5.8,0,No
1/23/2003,52,69,18.1,3,11,0,No
1/24/2003,88,79,16.3,1.9,24,Trace,No
1/25/2003,90,87,17.7,2.3,18.8,Trace,No
1/26/2003,87,88,20.1,4.7,7.3,0,No
1/27/2003,45,69,15.2,8.8,15.8,4.3,No
1/28/2003,29,56,13.6,4.9,10,0,No
1/29/2003,28,68,15.1,3.9,13.8,0,No
1/30/2003,90,74,16,2,23.8,Trace,No
1/31/2003,76,82,18.1,3.3,16.3,0,No
2/1/2003,78,82,19.5,4.5,5.2,Trace,No
2/2/2003,89,76,15.9,2.9,15.4,0,No
2/3/2003,88,80,15.2,1.2,12.2,Trace,No
2/4/2003,53,65,14.8,4.7,13.2,0,No
2/5/2003,23,60,14.5,4.3,8.9,0,No
2/6/2003,58,73,14.9,3.5,15.2,0,No
2/7/2003,88,76,16.1,1.8,14.8,Trace,No
2/8/2003,85,88,17.8,4.3,6.9,14.4,No
2/9/2003,76,92,18.4,2.8,12.4,0,No
2/10/2003,44,87,19.8,3.9,9.1,0,No
2/11/2003,50,85,19.9,5.9,8.7,0,No
2/12/2003,97,83,16.6,3.5,16.1,Trace,No
2/13/2003,88,80,15.6,2.9,16.4,Trace,No
2/14/2003,91,84,17.2,2.3,18.7,Trace,No
2/15/2003,89,90,19.1,2.9,13.2,Trace,No
2/16/2003,80,89,21.4,4.9,2,Trace,No
2/17/2003,90,88,18.4,3.7,18.6,Trace,No
2/18/2003,63,82,19.4,3.9,13.2,Trace,No
2/19/2003,70,85,20.4,3.9,7.2,Trace,No
2/20/2003,76,78,17.7,3.1,26.8,Trace,No
2/21/2003,86,83,18.1,2.5,18.2,0,No
2/22/2003,50,84,21.1,6.2,6,0,No
2/23/2003,55,82,21.5,4.7,3.6,0,No
2/24/2003,60,86,21,5.6,10.1,Trace,No
2/25/2003,88,84,19,2.4,20.4,Trace,No
2/26/2003,81,80,20.9,4.9,13.1,0,No
2/27/2003,48,79,22.5,5.4,9.5,Trace,No
2/28/2003,88,86,20.4,2.8,15.4,0.7,No
3/1/2003,56,86,22.3,4.4,9.2,0,No
3/2/2003,82,89,21.5,2.4,12.3,Trace,No
3/3/2003,83,89,21.9,3.2,13.2,0.3,No
3/4/2003,89,91,20,5.4,25.4,5.5,No
3/5/2003,99,94,18.1,2,23.6,10.7,No
3/6/2003,93,89,16.8,6.9,16.2,7.7,No
3/7/2003,81,67,13.9,4.5,12.1,0,No
3/8/2003,82,63,14.7,4.4,12.7,0,No
3/9/2003,90,70,15.1,1.9,17.1,0.7,No
3/10/2003,84,80,15.2,4.6,14.5,1.5,No
3/11/2003,38,66,16.4,3.4,26.2,0,No
3/12/2003,59,80,17.8,3.6,18.7,0,No
3/13/2003,44,80,19.1,3.9,13.2,0,No
3/14/2003,85,81,18.2,2.8,18.4,0,No
3/15/2003,88,83,20.2,3.2,12.3,Trace,No
3/16/2003,56,88,22.1,3.8,12,0,No
3/17/2003,48,86,23.2,5.5,8.4,0,No
3/18/2003,77,89,20.3,5.1,14.5,Trace,No
3/19/2003,88,84,16.9,2,14.7,Trace,No
3/20/2003,88,88,15.5,1.9,9.7,8.7,No
3/21/2003,86,84,16.8,4,7.4,0.1,No
3/22/2003,88,73,17.7,2.6,19.1,0.4,No
3/23/2003,90,78,17.9,1.6,11.6,0.7,No
3/24/2003,90,89,18.9,4.6,6.8,2.3,No
3/25/2003,75,83,20.2,4.1,11.3,0,No
3/26/2003,78,74,21,4.6,11.7,0,No
3/27/2003,67,84,23.3,5.4,4.8,0,No
3/28/2003,68,86,20.6,3.4,13.6,Trace,No
3/29/2003,88,85,19.9,3,16.2,Trace,No
3/30/2003,88,88,20.9,2.1,11.8,0,No
3/31/2003,88,85,24,5.4,5.3,Trace,No
4/1/2003,88,84,25.5,3.7,6,Trace,No
4/2/2003,88,87,25.8,1.9,6,0.8,No
4/3/2003,88,88,26.2,2.7,3.7,0.3,No
4/4/2003,91,86,23.7,5.4,6.7,1.3,No
4/5/2003,88,73,20.2,2.2,12.1,0,No
4/6/2003,89,78,19.4,1.5,25.8,0.5,No
4/7/2003,92,94,21.1,5.2,12.5,11.8,No
4/8/2003,89,94,21.6,5.5,13.3,65.4,No
4/9/2003,95,87,19.1,1.9,28,1.2,No
4/10/2003,96,94,18.8,2.2,23.5,2.6,No
4/11/2003,91,94,21.8,4.6,11,Trace,No
4/12/2003,86,86,25.8,4.1,5.8,0,No
4/13/2003,86,81,26.6,3.6,6.2,0,No
4/14/2003,89,77,23.3,5.6,11.2,0.5,No
4/15/2003,88,80,21.4,1.4,16.9,Trace,No
4/16/2003,88,80,21.6,2.5,20.5,Trace,No
4/17/2003,84,87,23.5,4.7,13,Trace,No
4/18/2003,79,89,24.9,4.2,10.1,Trace,No
4/19/2003,65,86,25.4,3.8,13.8,0,No
4/20/2003,56,84,25.4,3.5,13.3,0,No
4/21/2003,78,85,25,3.7,14.3,Trace,No
4/22/2003,59,77,24.5,5.6,13.8,0,No
4/23/2003,52,77,25.8,5.9,7.1,0,No
4/24/2003,48,77,26.5,5.5,8.5,0,No
4/25/2003,42,75,27,3.9,12.8,0,No
4/26/2003,74,79,26.3,3.7,12,0,No
4/27/2003,80,82,25,2.8,18,0,No
4/28/2003,66,80,25.3,3.5,15.2,Trace,No
4/29/2003,73,83,26.1,4.4,11.8,Trace,No
4/30/2003,80,71,25.5,3.9,11.2,0.1,No
5/1/2003,65,75,23.5,3.6,17.6,1.4,No
5/2/2003,85,82,24.1,2.1,14,0,No
5/3/2003,92,92,24.6,2,9.3,19.8,No
5/4/2003,88,89,25.5,5.3,8.1,33.4,No
5/5/2003,92,93,24.9,3.9,7.9,141.1,No
5/6/2003,88,84,28.1,2.6,6.4,Trace,No
5/7/2003,86,83,28.5,2,5.6,0.4,No
5/8/2003,75,80,28.7,3.5,7.4,Trace,No
5/9/2003,87,83,25.5,3.1,20.8,Trace,No
5/10/2003,64,80,25.4,3.1,16.4,Trace,No
5/11/2003,49,80,25.9,3.8,14.6,Trace,No
5/12/2003,85,86,26.3,2.7,14.7,Trace,No
5/13/2003,80,85,27.2,4.1,13.4,Trace,No
5/14/2003,81,80,28,6,6,2.3,No
5/15/2003,81,80,28.6,5.3,4.5,Trace,No
5/16/2003,88,77,29.1,3.4,8.3,Trace,No
5/17/2003,87,79,29.2,3.6,17,4.1,No
5/18/2003,89,88,26.7,3.4,7.8,16.4,No
5/19/2003,88,84,25.4,3.4,9.6,2.3,No
5/20/2003,75,80,26.9,4.7,13.4,0,No
5/21/2003,29,73,27.2,4,16.1,0,No
5/22/2003,62,83,27.5,3.3,14.9,0.1,No
5/23/2003,60,80,28,3.9,13.6,0,No
5/24/2003,81,81,28.5,3.4,7.4,Trace,No
5/25/2003,87,86,27.5,5.4,6.7,27.7,No
5/26/2003,76,79,27.1,3.1,18.3,Trace,No
5/27/2003,86,76,26.4,2,19.7,0,No
5/28/2003,89,81,25.8,1,12.2,Trace,No
5/29/2003,91,82,26.4,2.2,6.3,Trace,No
5/30/2003,70,77,28.1,4.7,9.2,0,No
5/31/2003,43,69,28.1,4.8,13.1,0,No
6/1/2003,28,66,27.3,4.2,16.6,0,No
6/2/2003,27,63,27.5,5.3,8.2,0,No
6/3/2003,51,68,27.4,4.4,8.3,0,No
6/4/2003,78,75,27.6,3.2,7.3,0,No
6/5/2003,68,78,27.7,3.6,11.6,0,No
6/6/2003,84,86,27.8,4.4,12.8,35.8,No
6/7/2003,86,88,27.2,4.2,15.6,29.4,No
6/8/2003,88,88,27,2.3,13.3,Trace,No
6/9/2003,90,94,25.7,2.2,14.5,128.1,No
6/10/2003,93,95,25.9,3.7,9.4,46.7,No
6/11/2003,89,91,25.7,3.9,9.6,134.3,No
6/12/2003,88,89,26.5,3.7,5.5,6.4,No
6/13/2003,92,92,26,3.4,4.2,22.7,No
6/14/2003,90,89,26.5,4.4,5.7,21.2,No
6/15/2003,89,92,26.1,2.1,6.8,14.1,No
6/16/2003,94,93,25.2,1.2,9.6,29.1,No
6/17/2003,75,68,27,6,5.3,0,No
6/18/2003,18,75,28.7,5.8,11,0,No
6/19/2003,21,75,29.5,5.8,8.3,0,No
6/20/2003,73,86,28.2,1.6,11.4,0.6,No
6/21/2003,89,90,26.7,3.3,6.3,34.6,No
6/22/2003,82,83,28,4.5,4.6,5.4,No
6/23/2003,79,79,28.9,3.6,4.7,Trace,No
6/24/2003,70,75,29.4,3.8,11.4,0,No
6/25/2003,83,77,29.4,3.4,6.6,1.9,No
6/26/2003,88,79,29.6,2.9,7.9,3.3,No
6/27/2003,90,78,29.5,2.1,9.4,1.2,No
6/28/2003,85,81,28.8,6.4,7,8.6,No
6/29/2003,66,75,29.4,3.8,5.2,Trace,No
6/30/2003,54,75,29.6,4.7,4.8,0.1,No
7/1/2003,47,76,29.3,5.4,4.5,7.7,No
7/2/2003,27,72,29.8,4.9,4.7,0,No
7/3/2003,22,68,30,5.8,6.3,0,No
7/4/2003,44,70,30,5.3,4.7,0,No
7/5/2003,43,70,30,4.9,9.7,0,No
7/6/2003,51,73,29.9,4.1,11,0,No
7/7/2003,46,72,30.2,5.3,10.3,Trace,No
7/8/2003,69,75,29.9,6.2,8.3,1.5,No
7/9/2003,63,73,30.2,4.9,7.9,0,No
7/10/2003,69,76,29.6,5.2,5.5,6.9,No
7/11/2003,77,82,28.9,5.1,8.5,5.9,No
7/12/2003,63,77,30,4.8,6.3,1.6,No
7/13/2003,41,72,30.4,4.4,8.7,Trace,No
7/14/2003,38,73,30.3,4.7,13.8,0,No
7/15/2003,35,75,30.3,4.9,14.7,0,No
7/16/2003,44,76,30,4.8,14.8,0,Yes
7/17/2003,44,73,29.8,5.1,15.3,0,Yes
7/18/2003,76,73,29.7,4.9,10.8,0,Yes
7/19/2003,69,74,30.1,5.5,10.5,Trace,Yes
7/20/2003,86,86,29.2,3.2,14.7,9.9,Yes
7/21/2003,79,87,28.2,3.8,15.4,27.3,Yes
7/22/2003,48,79,29.8,5.8,12.8,Trace,Yes
7/23/2003,81,77,29.4,6.6,30.5,31.2,Yes
7/24/2003,95,83,28,2.7,23.7,5.4,Yes
7/25/2003,83,84,28.6,4.3,10.3,4.4,Yes
7/26/2003,70,81,28.9,3.3,6.5,Trace,No
7/27/2003,57,79,28.7,4.9,9.8,0,No
7/28/2003,54,73,29.2,5.5,7.5,0,No
7/29/2003,48,75,29.3,4.5,8.8,0,No
7/30/2003,63,77,29.3,3.7,5.8,0,No
7/31/2003,61,75,29.7,4.9,7.8,Trace,No
8/1/2003,56,76,29.7,4.8,4.7,0.1,No
8/2/2003,48,75,30.1,4.4,6.5,0,No
8/3/2003,48,73,30.4,5.4,5.1,0,No
8/4/2003,74,79,29.4,7.2,12.5,38.5,No
8/5/2003,88,81,28,5.7,7.4,6.2,No
8/6/2003,89,82,27.9,2.4,5.3,1.9,No
8/7/2003,74,78,29.5,5.1,4.3,1.6,No
8/8/2003,71,78,29.8,4.6,5.2,0.6,No
8/9/2003,64,77,30,5.3,7.8,11.8,No
8/10/2003,59,77,30.5,4.5,9.5,1.2,No
8/11/2003,72,82,29.8,3.8,8.5,5.6,No
8/12/2003,85,88,28,2.9,10.3,20.3,No
8/13/2003,83,81,29.3,3.9,4.5,5.6,No
8/14/2003,74,84,28.8,5.1,8.7,6.2,No
8/15/2003,82,81,29.7,3.8,11.3,Trace,No
8/16/2003,86,87,28.2,3,6,8.2,No
8/17/2003,83,89,27.8,4.6,9.1,33.6,Yes
8/18/2003,79,77,29.2,4.4,5.4,0,Yes
8/19/2003,81,80,29.4,6.1,9.7,6.4,Yes
8/20/2003,70,76,28.5,5.7,10.4,4.7,Yes
8/21/2003,92,90,26.7,2.8,6.6,72.6,Yes
8/22/2003,86,91,26.9,5.1,7.8,49.3,Yes
8/23/2003,66,80,28.9,4.8,15,2,Yes
8/24/2003,92,87,26.9,4.5,31.1,77.5,Yes
8/25/2003,95,89,27,2.7,18.2,60.9,Yes
8/26/2003,83,81,28.5,3.1,11.2,Trace,Yes
8/27/2003,65,80,28.7,4.1,6.5,Trace,No
8/28/2003,46,77,28.7,4.3,7.4,0,No
8/29/2003,36,74,29,4,4.2,0,Yes
8/30/2003,28,76,29.2,4,6.4,0,Yes
8/31/2003,55,75,29.6,4.3,9.1,0.2,Yes
9/1/2003,84,76,29.5,4.3,8.9,0.2,Yes
9/2/2003,92,81,27.1,5.7,25.5,75.6,Yes
9/3/2003,93,90,26.1,3.6,16,27,Yes
9/4/2003,81,89,26.4,1.2,16,0.9,No
9/5/2003,88,88,26.9,3.2,14.9,6.5,No
9/6/2003,86,90,26.4,2.7,18.1,10.8,No
9/7/2003,88,92,26.2,3,18.6,36.5,No
9/8/2003,83,88,27.4,3.9,18.1,8.3,No
9/9/2003,44,82,28.3,3.5,10.8,0,No
9/10/2003,32,81,28.7,4.9,5.1,0,No
9/11/2003,37,74,29,3.7,4,0,No
9/12/2003,17,70,28.8,4.3,6.9,0,No
9/13/2003,60,81,29,3.4,13.1,0,No
9/14/2003,94,93,26,3.8,16.5,89,No
9/15/2003,97,95,25.6,2,10.5,97,No
9/16/2003,86,91,27,3.8,10.7,23.6,No
9/17/2003,79,85,27.9,3.3,9.7,0.3,No
9/18/2003,55,75,29.1,4.8,5.9,0,No
9/19/2003,36,78,29.3,4.7,11.9,0,No
9/20/2003,43,78,29.9,4.6,9.5,Trace,No
9/21/2003,81,80,27.8,4.7,7,15.2,No
9/22/2003,92,83,25.1,2.9,7.4,2.3,No
9/23/2003,85,77,26,2.6,9.8,0,No
9/24/2003,74,77,26.8,3.2,13.3,Trace,No
9/25/2003,43,69,27.3,3.8,18.1,0,No
9/26/2003,60,73,27.8,3.8,19.7,0,No
9/27/2003,40,76,27.9,3.1,15.7,0,No
9/28/2003,63,79,28.2,3.3,12.8,0,No
9/29/2003,53,75,28,3.1,14.2,Trace,No
9/30/2003,67,78,27.6,3.3,16.9,0.8,No
10/1/2003,40,77,27.5,2.8,13.3,Trace,No
10/2/2003,37,75,27.8,3.5,10.9,0,No
10/3/2003,58,73,27.9,2.9,16.5,0,No
10/4/2003,74,70,27.1,3.6,14,Trace,No
10/5/2003,69,68,26.8,3.9,12.1,0,No
10/6/2003,52,64,26.5,4.3,9,0,No
10/7/2003,47,67,25.9,4.5,8,0,No
10/8/2003,67,74,26.7,3.4,11.1,Trace,No
10/9/2003,75,77,27.3,2.2,21,Trace,No
10/10/2003,89,84,26.8,1.6,22.2,15.9,No
10/11/2003,85,89,26.7,3.8,5.5,32.7,No
10/12/2003,63,82,27.6,3.4,3.5,Trace,No
10/13/2003,75,79,27.2,5.4,7,Trace,No
10/14/2003,89,68,22.1,3.6,15.8,0,No
10/15/2003,87,69,21.7,3.4,10.5,0,No
10/16/2003,53,64,23.7,4.3,7.8,0,No
10/17/2003,24,68,24.1,3.8,9.9,0,No
10/18/2003,20,67,24.3,3.3,12.2,0,No
10/19/2003,31,64,24.3,3.1,18.4,Trace,No
10/20/2003,16,64,24.1,3.8,9.4,0,No
10/21/2003,11,68,24.6,4.3,5.6,0,No
10/22/2003,14,72,24.7,3.7,6.8,0,No
10/23/2003,10,71,24.4,3.1,8.8,0,No
10/24/2003,36,74,23.9,2.9,9.2,0,No
10/25/2003,2,64,24,4.4,8.4,0,No
10/26/2003,3,66,23.9,4,12.7,0,No
10/27/2003,63,74,24.4,3.5,11.3,0,No
10/28/2003,20,68,25,4.2,7.7,0,No
10/29/2003,14,65,24.7,2.9,18.6,0,No
10/30/2003,5,66,23.7,2.8,16.6,0,No
10/31/2003,27,75,23.7,3.1,12,0,No
11/1/2003,13,78,24.3,4.3,7.7,0,No
11/2/2003,5,75,25.6,5.5,5.4,0,No
11/3/2003,5,56,26.7,5.2,10.8,0,No
11/4/2003,19,71,24.9,3.3,17,0,No
11/5/2003,44,79,24.6,2.9,11.2,0,No
11/6/2003,38,80,24.4,3.2,8.9,0,No
11/7/2003,77,82,25.2,2.6,14.1,Trace,No
11/8/2003,89,92,24.5,2.2,11.3,32.7,No
11/9/2003,96,90,23.7,0.9,14.7,9.1,No
11/10/2003,91,79,20.8,5.3,14.7,0,No
11/11/2003,75,68,18.9,4.4,15.9,0,No
11/12/2003,47,64,17.7,4.3,14.4,0,No
11/13/2003,63,71,19.9,4.9,15.1,0,No
11/14/2003,45,75,22,2.8,13.5,0,No
11/15/2003,32,73,23.3,5.3,7.1,0,No
11/16/2003,85,73,23.6,2.1,12.2,Trace,No
11/17/2003,88,77,22.4,1.9,24.3,Trace,No
11/18/2003,92,85,22.4,2.6,21.3,2.6,No
11/19/2003,95,92,23.1,1.6,14.7,5.6,No
11/20/2003,79,92,24.2,1.8,8.1,0.1,No
11/21/2003,41,74,23,5.1,10.2,0,No
11/22/2003,90,71,19.7,3.2,12.4,Trace,No
11/23/2003,53,72,20.6,2.8,14.4,0,No
11/24/2003,35,76,21.8,3.5,13.4,0,No
11/25/2003,19,74,22.2,4.1,10.5,0,No
11/26/2003,26,72,22.1,3.7,13.3,0,No
11/27/2003,9,66,21,3.5,9.9,0,No
11/28/2003,13,64,19.5,5,13.7,0,No
11/29/2003,1,60,17.3,4.3,12.3,0,No
11/30/2003,4,67,16.4,4.5,9.6,0,No
12/1/2003,10,72,18.1,3.6,7.4,0,No
12/2/2003,2,68,18.3,3.7,9,0,No
12/3/2003,9,69,18.8,3.1,13,0,No
12/4/2003,28,76,19.6,2.5,17.2,0,No
12/5/2003,52,77,20.6,3.8,13.5,0,No
12/6/2003,38,72,22.3,4.8,7.4,0,No
12/7/2003,61,71,19.9,2.8,15.1,Trace,No
12/8/2003,84,73,19.1,2.3,15.6,Trace,No
12/9/2003,64,71,19.4,3.2,8,0,No
12/10/2003,59,69,18.4,3.5,14.8,0,No
12/11/2003,55,65,17.8,4.1,12.3,0,No
12/12/2003,38,56,16.1,3.9,11,0,No
12/13/2003,4,55,15.6,4.4,9.3,0,No
12/14/2003,2,56,15.9,5.4,7.4,0,No
12/15/2003,4,65,15.9,3.8,13.3,0,No
12/16/2003,23,65,16.6,4,11.2,0,No
12/17/2003,19,70,17.3,4.4,8.9,0,No
12/18/2003,30,64,18,4.1,11.1,0,No
12/19/2003,4,39,14,4.3,14.8,0,No
12/20/2003,58,45,12.5,4.1,10.8,0,No
12/21/2003,15,59,14.6,4.7,11,0,No
12/22/2003,13,71,16.3,4.2,7.8,0,No
12/23/2003,7,78,17.2,3.4,7.5,0,No
12/24/2003,4,72,18.2,4.9,8.7,0,No
12/25/2003,2,71,19.4,4.9,5.1,0,No
12/26/2003,11,49,18.7,4.3,10.5,0,No
12/27/2003,6,50,15,3.6,15.7,0,No
12/28/2003,17,67,15.8,5.3,12.3,0,No
12/29/2003,12,73,17.9,4.9,10.6,0,No
12/30/2003,4,72,18.7,3.7,10.1,0,No
12/31/2003,4,69,19.9,5.8,3.8,0,No
1/1/2004,37,75,18.5,2.2,16.6,0,No
1/2/2004,39,69,19.8,5.6,5.5,0,No
1/3/2004,42,74,18.3,2.5,18.5,0,No
1/4/2004,76,73,19,2.7,15.1,Trace,No
1/5/2004,49,77,19.8,3.5,10.5,0,No
1/6/2004,56,83,19.6,2.3,9.5,0,No
1/7/2004,45,79,18.9,2.1,19.9,0,No
1/8/2004,56,77,18.5,2.2,21.5,0,No
1/9/2004,50,76,18.5,2.8,16.1,0,No
1/10/2004,92,80,18.9,1.3,16,Trace,No
1/11/2004,86,78,18.7,3.9,7.3,1.8,No
1/12/2004,83,65,16.4,4.3,11.3,0,No
1/13/2004,56,64,14.2,5.2,11.7,0,No
1/14/2004,47,71,15.9,2.4,19.7,0,No
1/15/2004,67,79,17.8,3.5,16.1,0,No
1/16/2004,72,82,19,6.2,6,0.3,No
1/17/2004,56,72,15.6,3.3,10.5,0,No
1/18/2004,86,84,15.8,3.2,14,15,No
1/19/2004,90,92,11.9,3.2,8.9,30.7,No
1/20/2004,91,87,10.6,3.1,12.5,2.5,No
1/21/2004,40,59,10.3,4.9,13.1,0,No
1/22/2004,39,64,11.7,4.6,14.7,0,No
1/23/2004,93,73,11.8,4.8,14.2,0.7,No
1/24/2004,53,43,10.6,3.7,14.5,Trace,No
1/25/2004,46,52,11.1,4.6,11.3,0,No
1/26/2004,84,62,13.3,2.5,12.6,0,No
1/27/2004,88,65,13.4,2,8.5,0,No
1/28/2004,92,70,13.2,2.4,15,0,No
1/29/2004,89,82,15.4,2.4,12.5,0,No
1/30/2004,81,83,17.4,4.4,7.2,Trace,No
1/31/2004,92,85,16.6,2.1,18.3,Trace,No
2/1/2004,82,85,18.1,3.2,8.7,0,No
2/2/2004,83,87,19.7,3.8,11.3,Trace,No
2/3/2004,91,86,13.7,7,12.6,1.7,No
2/4/2004,91,90,9.6,2.6,10.6,15,No
2/5/2004,99,90,9.5,3.9,7,14.9,No
2/6/2004,94,74,12.1,1.4,10.5,Trace,No
2/7/2004,96,87,10.3,3.8,12.9,11.5,No
2/8/2004,94,92,9.2,2,9.2,8.7,No
2/9/2004,24,78,11.3,6.8,8.3,0,No
2/10/2004,36,73,13.9,4.4,13.1,0,No
2/11/2004,44,70,15.8,4.6,17.6,0,No
2/12/2004,36,74,17.8,5.8,7.3,0,No
2/13/2004,10,62,18.5,5.4,4.7,0,No
2/14/2004,4,59,18.7,5.8,5.8,0,No
2/15/2004,28,66,18.2,4,17.9,0,No
2/16/2004,82,72,18.4,3,18.5,Trace,No
2/17/2004,40,75,20,5.2,7.6,0,No
2/18/2004,43,85,19,2.6,9,0,No
2/19/2004,40,84,19.9,5.1,10.2,0,No
2/20/2004,72,84,20.4,3.2,12.8,0,No
2/21/2004,63,82,20.9,3.7,9.1,0,No
2/22/2004,31,80,21.8,5.4,7.3,0,No
2/23/2004,68,72,19.4,3.8,26.1,0,No
2/24/2004,86,79,18.4,2.6,17.3,0,No
2/25/2004,86,77,20.5,3.8,6.2,Trace,No
2/26/2004,63,80,20.1,2.8,12.8,Trace,No
2/27/2004,40,75,19.9,3.5,15.7,0,No
2/28/2004,80,83,21,3.5,12.9,0,No
2/29/2004,81,83,22.8,4.1,7.2,0,No
3/1/2004,84,83,24.2,2.4,6.3,Trace,No
3/2/2004,93,89,17.9,8.4,17,1.3,No
3/3/2004,81,65,14.7,2.3,14.1,0.2,No
3/4/2004,34,58,15.5,4.3,10.2,0,No
3/5/2004,59,70,17.8,5,10.5,0,No
3/6/2004,58,60,19.1,4.6,14.5,0,No
3/7/2004,71,63,17.8,3,20.8,0,No
3/8/2004,15,71,16.8,4.1,14.5,0,No
3/9/2004,2,75,18.1,5.3,9.8,0,No
3/10/2004,52,79,20.1,6.4,6.8,0,No
3/11/2004,55,76,22.5,5.7,6.4,0,No
3/12/2004,56,80,23,4.7,5.1,0,No
3/13/2004,90,87,19.4,3.2,15.8,Trace,No
3/14/2004,84,82,19.8,2.3,8.5,0,No
3/15/2004,84,80,19.7,2.4,14.6,Trace,No
3/16/2004,88,84,20.2,3.2,14.7,Trace,No
3/17/2004,84,91,22.3,5,9.3,0.5,No
3/18/2004,89,87,20.8,4.1,14.8,Trace,No
3/19/2004,88,75,18.9,2.8,21.3,0,No
3/20/2004,85,75,19.9,3.7,17,0,No
3/21/2004,79,75,20.1,3.8,12.6,0,No
3/22/2004,77,74,19.8,3.2,10.1,Trace,No
3/23/2004,90,81,18.8,1.7,19.8,Trace,No
3/24/2004,95,84,18.5,0.9,23.6,0.1,No
3/25/2004,98,96,17.8,0.8,19.2,8.3,No
3/26/2004,90,91,16.7,2.1,8.9,3.2,No
3/27/2004,92,89,16.9,2,8.8,0.1,No
3/28/2004,99,91,18,1.9,12.7,0.1,No
3/29/2004,98,94,18.4,1.2,17.1,0.4,No
3/30/2004,91,94,19.8,2.9,5.9,89,No
3/31/2004,95,92,18.9,1.1,22.7,1.1,No
4/1/2004,94,93,20.2,2.8,11.1,21,No
4/2/2004,86,79,19.9,2.3,13.9,Trace,No
4/3/2004,85,81,19.3,5.5,9.2,2.2,No
4/4/2004,63,85,20.1,3.7,14.5,Trace,No
4/5/2004,83,81,19.3,2.8,19.8,0,No
4/6/2004,86,86,21.1,3.7,14.3,0,No
4/7/2004,88,90,22.8,3.7,7.6,0.2,No
4/8/2004,88,76,19,5.1,9.7,2,No
4/9/2004,85,78,19.2,2.6,10.5,0,No
4/10/2004,71,79,21,4.2,12.7,0,No
4/11/2004,73,82,23.8,6,5,0,No
4/12/2004,57,80,24.6,4.5,5.4,0,No
4/13/2004,82,84,25.5,4.8,5.4,Trace,No
4/14/2004,92,93,22.4,4.6,16,54.3,No
4/15/2004,91,87,20.9,1.8,17,0.3,No
4/16/2004,90,89,22.1,2.1,11.5,2.4,No
4/17/2004,88,93,22.7,5.4,6.9,55.4,No
4/18/2004,47,72,23.7,5.4,11.1,0,No
4/19/2004,26,69,25.4,6.8,4.7,0,No
4/20/2004,27,79,25.2,4.4,10.7,0,No
4/21/2004,67,87,25.6,3.3,9.4,0,No
4/22/2004,69,77,27.4,5.3,10.4,0,No
4/23/2004,64,80,27.4,4,10.9,0,No
4/24/2004,87,85,23.9,4.8,20.7,Trace,No
4/25/2004,93,88,22.3,2.5,18.3,Trace,No
4/26/2004,85,87,24.8,3.9,11,Trace,No
4/27/2004,73,79,26.4,6.2,9.8,8.5,No
4/28/2004,91,83,23,3,23.9,0.9,No
4/29/2004,92,89,22.9,1.5,16.9,Trace,No
4/30/2004,63,86,25.2,5.7,10.4,0,No
5/1/2004,49,84,26,4.3,9.6,0,No
5/2/2004,64,86,26.3,4.2,12.2,0,No
5/3/2004,52,80,27.4,5.5,7.5,0,No
5/4/2004,76,83,25.1,5.5,10.9,Trace,No
5/5/2004,81,78,22.2,5.4,9.1,6.4,No
5/6/2004,77,82,24.1,3.6,14.3,0,No
5/7/2004,84,79,24.2,2.5,19.3,0,No
5/8/2004,89,91,24.4,2.3,9.9,124.4,No
5/9/2004,26,79,26.4,7,6.8,0,No
5/10/2004,52,80,27.3,6,6.6,0,No
5/11/2004,63,86,27.2,3,14.2,0,No
5/12/2004,79,81,28,4.2,5.8,0,No
5/13/2004,86,80,28.5,3.1,5.4,Trace,No
5/14/2004,87,90,26.2,4.4,11.1,31.6,No
5/15/2004,77,89,26.1,4,12.7,1.5,No
5/16/2004,55,83,27.6,4.7,10.3,Trace,No
5/17/2004,81,75,26.4,3.4,8.6,0,No
5/18/2004,87,82,25.7,3.1,10,Trace,No
5/19/2004,88,83,26.2,2.5,6,1.6,No
5/20/2004,79,81,25.3,3.8,14.5,1.1,No
5/21/2004,88,90,23.4,4,6.1,16.9,No
5/22/2004,88,84,23.9,3.1,10.9,0.2,No
5/23/2004,46,77,25.9,4.9,10.9,0,No
5/24/2004,53,73,26.4,4.7,14.9,Trace,No
5/25/2004,80,84,26.4,3.2,14.4,Trace,No
5/26/2004,47,83,27.3,3.7,8.3,Trace,No
5/27/2004,59,80,28.5,4.8,5.7,0,No
5/28/2004,78,81,28.4,5.2,6,10.1,No
5/29/2004,86,83,27.3,3.5,5,0.6,No
5/30/2004,81,81,28.1,3.7,5.5,0,No
5/31/2004,57,76,29,5.4,6.8,0,No
6/1/2004,76,81,28.2,4.3,13.2,0,No
6/2/2004,77,84,27.9,3.9,15,7.7,No
6/3/2004,74,82,28.1,2.9,14.8,Trace,No
6/4/2004,56,77,27.7,3.1,20.3,Trace,No
6/5/2004,84,80,27.1,2,17.6,Trace,Yes
6/6/2004,91,86,26.2,2.8,9.7,8.3,Yes
6/7/2004,94,87,26,3.1,4.4,1.2,Yes
6/8/2004,78,78,27.1,3.4,6.4,Trace,Yes
6/9/2004,56,77,27.9,4.4,4.6,Trace,Yes
6/10/2004,51,77,27.4,3,14.7,0,Yes
6/11/2004,36,70,27.3,3.2,19.5,0,Yes
6/12/2004,53,71,27.5,3.3,18.8,0,No
6/13/2004,31,65,27.8,3.8,18.2,0,No
6/14/2004,34,74,27.6,4.1,16.3,0,No
6/15/2004,79,88,27,2.5,12.5,27.9,No
6/16/2004,83,82,28.2,3.5,5.5,2.9,No
6/17/2004,71,80,29,3.6,5.8,Trace,No
6/18/2004,60,79,29.1,3.7,6.1,Trace,No
6/19/2004,60,76,29.9,3.9,13,Trace,No
6/20/2004,69,78,29.9,7.6,13.3,34.2,No
6/21/2004,82,85,28.6,6.5,6.2,27,No
6/22/2004,82,79,29.9,4.6,7.8,8.7,No
6/23/2004,84,81,29.4,4,6,9.7,No
6/24/2004,78,76,30.2,3.7,6.4,Trace,No
6/25/2004,66,75,30.2,4,6.5,Trace,No
6/26/2004,62,78,29.9,4.6,9,1.6,No
6/27/2004,64,80,29.6,3.4,7.7,0.2,No
6/28/2004,57,74,30.4,4.4,7,Trace,No
6/29/2004,36,72,31.4,5,14.7,0,No
6/30/2004,57,81,30.4,5.5,7.5,15.3,No
7/1/2004,48,76,31.6,5.5,10.2,Trace,No
7/2/2004,80,77,30.8,4.4,17.2,0.1,No
7/3/2004,91,85,29.4,1.9,17,8.6,No
7/4/2004,83,84,29,4.5,13.3,2,No
7/5/2004,84,78,29.9,3.3,10,1,No
7/6/2004,87,79,29.9,1.6,11.5,0.4,No
7/7/2004,81,79,29.8,5.3,12.8,18.3,No
7/8/2004,86,79,29.8,3.6,10.8,0,No
7/9/2004,77,75,29.5,3.2,10,Trace,No
7/10/2004,84,77,29,3.8,5.2,3.1,No
7/11/2004,79,77,29.1,3.8,6.2,1.2,No
7/12/2004,83,78,29,3.5,10.2,5.3,No
7/13/2004,71,80,28.5,4.6,8.3,8.1,No
7/14/2004,33,74,29.1,5.1,7.4,0,Yes
7/15/2004,45,74,29.1,6,11.2,0,Yes
7/16/2004,81,87,25.5,4.6,17.2,77.5,Yes
7/17/2004,84,92,25,4,10.3,44.4,No
7/18/2004,65,82,27.9,6.5,11.1,0,No
7/19/2004,79,86,27.8,4,9,19.1,No
7/20/2004,86,87,27.3,3.5,11.9,6.9,No
7/21/2004,90,94,26,2.6,16.2,58.9,No
7/22/2004,80,85,27.7,4.5,20.3,27.6,No
7/23/2004,83,82,28.2,2.8,13.9,0,No
7/24/2004,55,80,28.4,4.1,11,0,No
7/25/2004,64,79,28.6,3.3,17.1,Trace,No
7/26/2004,77,81,27.9,3.9,16.2,1.5,No
7/27/2004,68,75,28.7,4.4,9.7,Trace,No
7/28/2004,88,86,27.7,2.5,7.6,7.9,No
7/29/2004,91,96,25.8,3.9,8.4,94.3,No
7/30/2004,91,90,26.7,1.9,11.9,0.5,No
7/31/2004,54,82,28.2,3.9,9.3,Trace,No
8/1/2004,22,76,28.9,5.3,4,0,No
8/2/2004,33,76,29.3,4.7,9.7,0,No
8/3/2004,42,74,29.7,3.9,11.3,0,No
8/4/2004,68,78,29.1,6.2,8.4,23,No
8/5/2004,84,88,27.3,3.8,9.4,14,No
8/6/2004,81,92,26.3,2.7,8.4,83.9,No
8/7/2004,44,79,28.5,3.9,9.4,0,No
8/8/2004,38,74,29.3,4.5,2.7,0,No
8/9/2004,39,76,30.1,4.9,8.9,0,No
8/10/2004,18,72,31.1,5,13,0,No
8/11/2004,79,81,28.2,5.9,11.6,36.4,No
8/12/2004,79,80,27.7,4,12.4,2.7,No
8/13/2004,64,76,29.1,5,10.3,0,No
8/14/2004,82,80,28.9,6.2,8.3,18.3,No
8/15/2004,81,81,28.9,2.5,8.6,Trace,No
8/16/2004,41,75,29.2,4.8,6.1,0,No
8/17/2004,16,73,30.4,5.9,13.6,0,No
8/18/2004,53,77,30.6,3.4,7.5,Trace,No
8/19/2004,64,80,29.9,3.6,7.8,0,No
8/20/2004,87,85,27.7,4.4,8.2,10.3,Yes
8/21/2004,90,95,26.1,2,5.7,64.3,Yes
8/22/2004,77,93,26.4,1.9,8.3,16.4,Yes
8/23/2004,48,84,28.1,5.2,4.1,12,Yes
8/24/2004,58,84,28.5,4.5,8.6,29.8,Yes
8/25/2004,63,72,30.1,5.2,13.3,0,Yes
8/26/2004,88,78,27.5,4.3,19.4,12,Yes
8/27/2004,97,93,25.8,2.2,11,5.7,Yes
8/28/2004,86,92,26.5,3.7,9.3,21.8,No
8/29/2004,92,91,26.8,3.4,7.7,114.7,No
8/30/2004,88,87,27.7,4,6,14.3,No
8/31/2004,86,88,27.7,3.9,5.5,8.9,No
9/1/2004,53,87,28.5,3,12.1,0,No
9/2/2004,66,83,29,3.3,11.8,Trace,No
9/3/2004,74,91,27.8,3.8,11.7,18.2,No
9/4/2004,65,81,28.6,3.8,6.3,Trace,No
9/5/2004,52,78,29.1,5.6,4.7,0,No
9/6/2004,79,79,29.3,6.2,8,Trace,No
9/7/2004,64,79,29.3,4.5,7.6,0,No
9/8/2004,89,94,26.7,2.7,8,34.3,No
9/9/2004,97,90,25,1.9,12.8,29.1,No
9/10/2004,89,80,25.2,3.3,8.6,Trace,No
9/11/2004,87,73,25.8,3.2,9.5,0,No
9/12/2004,88,70,26.5,4.1,6.9,0,No
9/13/2004,51,63,27.9,4.9,3.9,0,No
9/14/2004,42,60,28,4,3.5,0,No
9/15/2004,74,63,28.2,4.3,6.9,Trace,No
9/16/2004,50,75,28.5,3.1,6.9,0,No
9/17/2004,70,82,28.2,3.2,10.2,Trace,No
9/18/2004,82,86,28,3.7,12.8,6.8,No
9/19/2004,71,93,26.5,2.4,8.6,58.8,No
9/20/2004,44,82,27.6,4,4.4,Trace,No
9/21/2004,48,80,27.6,6.7,7.3,16.2,No
9/22/2004,75,79,26.8,4.9,5.8,0.9,No
9/23/2004,22,70,27.1,5.7,5.5,0,No
9/24/2004,83,77,27.2,2.3,14.1,Trace,No
9/25/2004,51,75,26.9,2.7,14.1,0.1,No
9/26/2004,17,65,27.3,4.9,5.7,0,No
9/27/2004,13,59,27.9,5.6,4,0,No
9/28/2004,31,69,28,4.5,6.6,0,No
9/29/2004,57,76,28.5,4.6,8.7,Trace,No
9/30/2004,73,82,27.7,3.1,16,2.9,No
10/1/2004,58,78,28,4.5,8.8,Trace,No
10/2/2004,81,59,23.9,3.8,15,0,No
10/3/2004,37,50,23.2,4.6,9,0,No
10/4/2004,23,53,24.1,5.3,8.1,0,No
10/5/2004,14,60,24.9,5.9,6.8,0,No
10/6/2004,9,63,25.1,6.1,5.6,0,No
10/7/2004,31,67,25.3,4,3.4,Trace,No
10/8/2004,32,45,25.9,6,7.2,0,No
10/9/2004,12,54,25.6,6.9,8,0,No
10/10/2004,27,65,25.5,5.6,7.7,0,No
10/11/2004,61,73,25.6,5.4,6.3,0,No
10/12/2004,34,68,25.7,5.7,6.3,0,No
10/13/2004,12,60,25.6,5.4,13,0,No
10/14/2004,48,70,25.1,2.9,18.3,Trace,No
10/15/2004,19,67,24.7,4,16.8,0,No
10/16/2004,20,73,24.5,3.4,10.6,0,No
10/17/2004,23,73,24.6,4,6.5,0,No
10/18/2004,5,52,26,6.3,5.8,0,No
10/19/2004,2,52,25.8,5.1,9.7,0,No
10/20/2004,10,64,24.7,4.9,10.6,0,No
10/21/2004,55,73,25.1,2.5,13,Trace,No
10/22/2004,46,70,24.7,2.9,17.4,Trace,No
10/23/2004,29,64,24.3,3.1,20.5,0,No
10/24/2004,33,65,24.5,5.1,9.5,Trace,No
10/25/2004,55,56,26.1,5.5,7.6,0,No
10/26/2004,80,58,25.5,6,14.1,2.3,No
10/27/2004,69,66,23.5,4,16.2,Trace,No
10/28/2004,57,74,23.4,2.6,18.4,Trace,No
10/29/2004,47,72,23.7,3.3,15.3,0,No
10/30/2004,30,76,23.9,3.4,15.7,0,No
10/31/2004,22,76,24.1,3.9,10.9,0,No
11/1/2004,27,77,24.5,4.5,4.5,0,No
11/2/2004,44,71,24,3.9,11.5,0,No
11/3/2004,45,76,23.8,2.2,19.3,0,No
11/4/2004,34,73,23.1,2.4,20.1,0,No
11/5/2004,52,79,23.5,2.7,12.7,0,No
11/6/2004,57,77,23.6,3.3,9.9,0,No
11/7/2004,45,77,23.8,2.3,18.8,Trace,No
11/8/2004,55,78,23.7,2.4,18.3,0,No
11/9/2004,87,84,24.2,1.8,14.3,Trace,No
11/10/2004,81,87,25.2,3,11.4,Trace,No
11/11/2004,55,85,25.5,2.7,12,Trace,No
11/12/2004,72,80,25.5,3.3,12.1,Trace,No
11/13/2004,85,80,24.4,1.6,17.8,Trace,No
11/14/2004,55,82,25,3.7,7.9,0,No
11/15/2004,66,73,23.2,4.4,8.8,0,No
11/16/2004,86,70,19.8,3.2,11.8,0,No
11/17/2004,59,65,20.9,5,9.9,0,No
11/18/2004,4,48,20.6,4.8,11.8,0,No
11/19/2004,0,51,20.4,4.4,9,0,No
11/20/2004,2,68,20.4,3.8,12,0,No
11/21/2004,18,70,20.8,3.7,13.7,0,No
11/22/2004,34,69,21.7,4.5,13.7,0,No
11/23/2004,79,74,22,2.7,12.7,Trace,No
11/24/2004,91,80,22.8,3.3,14.9,0.4,No
11/25/2004,80,77,23.7,4.1,9.8,0,No
11/26/2004,71,66,22.2,4.7,13,0,No
11/27/2004,75,65,19.4,3.3,7.5,0,No
11/28/2004,9,66,20.5,4.5,5.9,0,No
11/29/2004,11,73,21.2,4.5,9.4,0,No
11/30/2004,18,71,21.2,3.4,15.5,0,No
12/1/2004,32,72,21.5,3.4,18.8,0,No
12/2/2004,31,76,22,4.2,12.4,0,No
12/3/2004,72,62,23.3,5.2,7.8,0,No
12/4/2004,11,53,22.1,5.5,13.2,0,No
12/5/2004,28,54,19.3,4.2,12.5,Trace,No
12/6/2004,39,69,19.5,2.8,15.6,Trace,No
12/7/2004,72,50,19.4,3.5,9.2,0,No
12/8/2004,15,55,18.3,4.4,7.2,0,No
12/9/2004,3,65,18.8,4.1,9.8,0,No
12/10/2004,5,67,19.3,4.1,9.8,0,No
12/11/2004,12,73,19.4,3.4,14.6,0,No
12/12/2004,4,55,20.5,5.3,7.9,0,No
12/13/2004,21,60,19.2,4.2,16.5,0,No
12/14/2004,26,72,19.2,3.6,16.4,Trace,No
12/15/2004,14,77,20.4,4.6,9,0,No
12/16/2004,29,75,20.3,3.3,19.8,0,No
12/17/2004,28,77,20.1,3.4,16.3,0,No
12/18/2004,41,82,20.1,3.9,10.1,0,No
12/19/2004,33,82,20.3,3.4,9.8,0,No
12/20/2004,27,81,20.3,3.4,11.5,Trace,No
12/21/2004,72,76,19.9,1.8,21.3,0,No
12/22/2004,81,83,20.2,2.1,17.8,Trace,No
12/23/2004,61,81,21.4,4.3,6.6,0,No
12/24/2004,71,78,19.6,2.3,16.1,Trace,No
12/25/2004,81,79,19.1,2.1,14.7,0,No
12/26/2004,51,78,19.3,2.5,15.3,Trace,No
12/27/2004,46,73,18.8,4.5,7.2,0,No
12/28/2004,60,70,13.5,7.2,14.1,0,No
12/29/2004,39,71,12.4,6,9.9,0,No
12/30/2004,87,68,14.2,7.5,13.5,0,No
12/31/2004,47,46,9.4,3.4,16.3,0,No
1/1/2005,19,43,9.4,5.7,10,0,No
1/2/2005,61,53,12.1,3.4,5.1,0,No
1/3/2005,68,65,15.3,6,8.3,0,No
1/4/2005,85,62,16.7,2.9,7.4,0,No
1/5/2005,87,77,16.9,1.8,16.4,0,No
1/6/2005,27,69,17.5,5.2,4.8,0,No
1/7/2005,36,80,17.4,3.1,16.3,0,No
1/8/2005,88,77,17.7,2.6,11.8,0,No
1/9/2005,56,70,16.2,3.3,11.7,0,No
1/10/2005,47,73,15.2,3.8,12.7,0,No
1/11/2005,27,76,16.6,3.8,13.2,0,No
1/12/2005,51,74,16,3.8,10.3,0,No
1/13/2005,92,82,12,6.3,11.5,3.5,No
1/14/2005,42,56,11.3,6.9,12.6,0,No
1/15/2005,21,52,12.5,5.6,7,0,No
1/16/2005,22,56,13.5,4.7,6.5,0,No
1/17/2005,34,72,14.4,3.1,13.7,0,No
1/18/2005,68,78,15.8,3.6,16,0,No
1/19/2005,78,81,16.8,2.8,14.3,0,No
1/20/2005,87,82,15.8,1.3,17.2,0,No
1/21/2005,81,79,15.9,2.8,19.8,Trace,No
1/22/2005,60,84,17.3,4.3,10.6,Trace,No
1/23/2005,30,84,18.2,5,10.4,0,No
1/24/2005,76,82,17.8,3.2,15.2,0,No
1/25/2005,81,88,19.8,3.4,7.5,0,No
1/26/2005,78,91,18.5,3.9,11.5,Trace,No
1/27/2005,86,87,18.2,2.9,14.7,Trace,No
1/28/2005,92,93,18.9,1.3,10.5,0.4,No
1/29/2005,94,93,18.3,1.9,13.9,Trace,No
1/30/2005,100,94,17.3,4,13.4,1,No
1/31/2005,96,85,13.8,2,8.2,1,No
2/1/2005,95,75,13,2.2,10.3,Trace,No
2/2/2005,97,82,13.1,1.9,24.3,Trace,No
2/3/2005,100,91,13.6,1.7,26,0.6,No
2/4/2005,97,93,16.6,4.6,10.8,Trace,No
2/5/2005,97,94,18.5,1.3,9.2,Trace,No
2/6/2005,92,93,18.5,1.6,12.1,0.1,No
2/7/2005,54,87,20.7,6.4,5.8,0.1,No
2/8/2005,88,94,19.3,3.3,13.9,0.3,No
2/9/2005,89,85,19.3,3.6,16.5,Trace,No
2/10/2005,82,85,19.2,7.5,8.8,Trace,No
2/11/2005,86,77,16.1,2.7,13.8,0,No
2/12/2005,60,80,17.4,4.6,14.3,0,No
2/13/2005,83,82,16.6,2.7,19.8,Trace,No
2/14/2005,92,85,17,3,23,Trace,No
2/15/2005,96,94,19.1,3.5,13.5,0.2,No
2/16/2005,89,89,22.8,4.2,7.1,Trace,No
2/17/2005,90,90,22.6,4.9,6.3,1.1,No
2/18/2005,96,85,15.2,6.7,13.1,0.9,No
2/19/2005,88,61,12.6,4,13.1,0,No
2/20/2005,93,70,9.9,1.8,12.6,Trace,No
2/21/2005,98,79,10.3,1.6,10.4,Trace,No
2/22/2005,100,87,12.3,3.2,7.1,Trace,No
2/23/2005,95,91,16,4.4,11.2,Trace,No
2/24/2005,96,93,20,5.7,2.6,2.7,No
2/25/2005,96,95,18.2,4.8,17.6,0.8,No
2/26/2005,100,88,15.3,2.5,32,Trace,No
2/27/2005,97,89,14.1,1.4,21.5,3.7,No
2/28/2005,90,86,13.8,3.7,5.8,8.7,No
3/1/2005,94,85,13.7,1.9,21.6,6.7,No
3/2/2005,98,91,13.9,2.7,13.2,12.7,No
3/3/2005,76,77,12.6,3.8,10.6,3.7,No
3/4/2005,74,63,12.5,3.6,8.7,1.1,No
3/5/2005,14,52,13.9,6.2,7.5,0,No
3/6/2005,0,58,14.1,4.6,12.3,0,No
3/7/2005,34,70,16.2,6.5,11,0,No
3/8/2005,26,78,18.1,5.7,11.6,0,No
3/9/2005,67,84,19.6,4.9,9.7,0,No
3/10/2005,86,87,20.7,4.2,6.9,0,No
3/11/2005,94,95,21.1,1.3,9.4,0.5,No
3/12/2005,93,93,15.8,12.2,17.3,5.5,No
3/13/2005,92,74,10.5,2,10.9,Trace,No
3/14/2005,89,72,12.6,2.3,13.9,Trace,No
3/15/2005,98,88,14.8,4,18.6,0.1,No
3/16/2005,94,90,18.6,3.9,10.7,Trace,No
3/17/2005,73,85,22,6.6,4.5,Trace,No
3/18/2005,80,79,19.1,5.4,19.2,0,No
3/19/2005,47,71,17,4,23.5,0,No
3/20/2005,68,70,18.8,6.2,13.1,0,No
3/21/2005,88,83,18.9,2.3,18.2,0.9,No
3/22/2005,88,92,20.6,3,9.9,4.7,No
3/23/2005,87,77,20.9,7.2,5.8,8,No
3/24/2005,76,66,18.3,4.7,10.3,Trace,No
3/25/2005,81,70,17.2,1.9,21,0,No
3/26/2005,92,83,17.4,2.7,20,0.9,No
3/27/2005,92,90,19.5,4.9,12.8,3.4,No
3/28/2005,81,91,22.8,5.8,6.5,Trace,No
3/29/2005,88,89,22.5,5.9,10,Trace,No
3/30/2005,97,93,17.3,4,27.4,3.6,No
3/31/2005,93,90,17.4,2.1,21,0.8,No
4/1/2005,99,91,18,1.3,16.9,Trace,No
4/2/2005,77,81,20.7,5.1,5,0.2,No
4/3/2005,74,72,21.7,6,9.7,0,No
4/4/2005,63,70,20.5,3.5,17.9,0,No
4/5/2005,86,76,20,2.7,13.8,0,No
4/6/2005,77,83,22,5.2,8.9,0,No
4/7/2005,63,86,23.2,6,10.2,0,No
4/8/2005,86,87,25,5.5,9.4,0.4,No
4/9/2005,88,84,25.9,4,6.6,0,No
4/10/2005,87,86,25.9,2.9,6.4,0,No
4/11/2005,86,83,25.9,4.1,8.1,Trace,No
4/12/2005,89,90,21.3,7.3,15,4.1,No
4/13/2005,92,91,16.1,2.7,7.8,15.7,No
4/14/2005,74,75,19.8,5.9,10.8,0.3,No
4/15/2005,84,79,21,3.3,14.7,0.3,No
4/16/2005,94,85,21,2.3,19.4,1.4,No
4/17/2005,85,80,21.4,3.1,18.2,Trace,No
4/18/2005,24,80,23.3,5.3,9.8,0,No
4/19/2005,28,79,24.1,5.6,9.7,0,No
4/20/2005,66,77,25.4,6.6,9.7,0,No
4/21/2005,83,84,24.3,3.4,11.5,0,No
4/22/2005,61,81,25.3,5.9,5.9,0,No
4/23/2005,74,83,25.7,4.7,6.8,0,No
4/24/2005,81,87,25.1,3.4,10.3,0,No
4/25/2005,88,91,24.4,1.8,8.7,3.5,No
4/26/2005,91,89,23.5,2.4,13.7,Trace,No
4/27/2005,99,92,22.2,1.7,16.5,3.1,No
4/28/2005,85,85,25,6,7.9,0.2,No
4/29/2005,87,83,27.2,2.9,5.2,2.4,No
4/30/2005,88,82,27.7,2.9,6.5,0.7,No
5/1/2005,88,82,27.8,1.5,7.9,Trace,No
5/2/2005,87,80,28,2.5,6.4,Trace,No
5/3/2005,77,79,28.1,3.9,4.9,0,No
5/4/2005,82,80,27.8,3.3,4.3,Trace,No
5/5/2005,87,77,28.2,2.9,9.2,0,No
5/6/2005,69,75,25.6,6.2,11.3,22.6,No
5/7/2005,78,77,25.4,3,11.1,Trace,No
5/8/2005,91,93,24.9,2,10.6,37.1,No
5/9/2005,92,91,24.6,5.2,6.4,67.5,No
5/10/2005,89,94,24.2,2.8,12.1,87.9,No
5/11/2005,93,94,24,1.5,18.6,0.2,No
5/12/2005,88,88,27.1,5.3,6.3,Trace,No
5/13/2005,87,81,28.8,2.2,7.4,0,No
5/14/2005,85,79,29.1,2.3,6.6,Trace,No
5/15/2005,84,81,29.1,2.2,7,5.5,No
5/16/2005,84,84,28.5,4.6,5.5,9.6,No
5/17/2005,83,79,29.2,3.3,6,6.5,No
5/18/2005,85,81,29.1,8.1,6.5,47.2,No
5/19/2005,87,92,26.3,3.4,11.1,16.4,No
5/20/2005,88,93,26.2,2,10.2,38.1,No
5/21/2005,72,88,27.1,3,9.7,0.4,No
5/22/2005,44,75,29.1,5.7,4.3,Trace,No
5/23/2005,75,83,28,5.3,3.1,8.5,No
5/24/2005,84,88,26.6,4.4,4.5,44.7,No
5/25/2005,72,87,26.8,1,13,Trace,No
5/26/2005,90,94,25.6,3,11.5,30.5,No
5/27/2005,90,92,25.8,5.1,6,85.6,No
5/28/2005,91,89,26.3,4,11.5,0.3,No
5/29/2005,86,82,25.7,1.7,21.2,Trace,No
5/30/2005,58,77,26.3,4,23.5,Trace,No
5/31/2005,82,83,26.7,4.5,11.7,Trace,No
6/1/2005,86,82,28.1,5,5.6,Trace,No
6/2/2005,86,82,29.3,2.8,15.1,3.2,No
6/3/2005,83,81,29.8,7.4,9.6,1.7,No
6/4/2005,86,92,27.1,3.6,10.6,32.5,No
6/5/2005,88,78,25.2,3.4,20.1,7,No
6/6/2005,88,82,25.6,1.1,21.4,Trace,No
6/7/2005,89,84,25,2.2,18.6,1.4,No
6/8/2005,84,82,26.3,3.1,18.6,Trace,No
6/9/2005,80,87,25.7,2.9,16,5.3,No
6/10/2005,58,83,28,6.1,9.6,0.9,No
6/11/2005,69,79,29.7,4.9,13.3,0,No
6/12/2005,86,80,29.3,4,14.6,4.8,No
6/13/2005,88,86,27.9,2.3,8.3,8.1,No
6/14/2005,88,86,28.6,5.2,12.5,19.2,No
6/15/2005,90,92,27.2,4.2,7,168.5,No
6/16/2005,91,93,26.3,2.1,4.8,26.1,No
6/17/2005,87,91,26.8,5,6,35.1,No
6/18/2005,91,82,28.9,3.3,11.1,3.3,No
6/19/2005,88,80,29.4,2.6,13.7,Trace,No
6/20/2005,88,81,29.5,2.2,14,1,No
6/21/2005,90,84,28.7,4.5,13.2,106.3,No
6/22/2005,90,87,27.4,4.6,8.2,32.7,No
6/23/2005,95,91,26.7,3.7,5.3,106.6,No
6/24/2005,91,93,26.2,4.5,8.2,232.6,No
6/25/2005,82,85,28.5,4.4,4.2,3.9,No
6/26/2005,83,85,28.7,4.7,5.5,11.5,No
6/27/2005,80,80,29.4,3.4,5.9,3.4,No
6/28/2005,68,82,29.4,3.6,10.8,Trace,No
6/29/2005,80,88,27.9,4.7,10.7,31.8,No
6/30/2005,88,91,26.1,3.1,7.9,47,No
7/1/2005,84,90,26.8,5.1,8.7,18.4,No
7/2/2005,58,87,28.2,4.3,12.6,0,No
7/3/2005,33,82,29.2,4.7,10.7,0,No
7/4/2005,58,78,29.9,5.2,6.5,0,No
7/5/2005,33,75,29.9,5.3,6,0,No
7/6/2005,23,74,29.8,5.4,7,0,No
7/7/2005,77,85,28,3.4,7.8,38.1,No
7/8/2005,83,77,28.8,4.1,7,Trace,No
7/9/2005,78,86,27.4,4.2,7,33.5,No
7/10/2005,67,80,29.2,5.4,6.8,4.3,No
7/11/2005,39,75,29.9,4.7,4.1,0,No
7/12/2005,35,73,30,4.5,4.4,0,No
7/13/2005,58,75,29.8,4.5,10.6,0.2,No
7/14/2005,61,75,30,4.3,11.6,0,No
7/15/2005,41,77,30,5.1,6.5,0,No
7/16/2005,49,74,30.4,4.4,7,Trace,No
7/17/2005,39,71,30.3,4.9,13.1,0,No
7/18/2005,74,72,31.2,5.4,17.5,0,No
7/19/2005,76,69,31.8,8.5,16.1,28.5,No
7/20/2005,52,76,30.8,9.8,13.8,20.4,No
7/21/2005,84,79,29,8.1,8.1,4.4,No
7/22/2005,86,89,26.5,4.2,7.2,79.7,No
7/23/2005,73,82,27.6,4.1,8.8,0,No
7/24/2005,37,82,28.7,4.7,10.9,0,No
7/25/2005,34,76,29.5,5.7,4.1,0,No
7/26/2005,33,75,29.2,5.6,5.4,0,No
7/27/2005,36,78,29.2,4.2,11.6,0,No
7/28/2005,65,81,29.4,3.8,17.8,0.7,No
7/29/2005,89,92,27.4,3.2,22.5,35.4,No
7/30/2005,90,94,26.9,2.8,13.2,47.3,No
7/31/2005,87,94,27.1,2.3,10,49.5,No
8/1/2005,57,89,28.2,4.5,10,15.9,No
8/2/2005,31,78,29.3,4.6,5.3,0,No
8/3/2005,34,77,29.4,4.9,12.8,0,No
8/4/2005,57,79,29.7,4.5,12.8,0,No
8/5/2005,76,78,29.8,4.4,14.6,0,No
8/6/2005,68,78,30.3,5.1,12.8,Trace,No
8/7/2005,62,78,30.3,3.9,9.1,Trace,No
8/8/2005,64,82,29.9,3.7,14.8,Trace,No
8/9/2005,86,88,28.1,4.6,16.8,48.5,No
8/10/2005,85,90,27.7,2.9,22.5,26.4,Yes
8/11/2005,72,86,28.5,4.7,18.8,12.6,Yes
8/12/2005,65,75,29.4,5.5,13.6,9.4,Yes
8/13/2005,92,90,26.7,5.6,12,83.9,Yes
8/14/2005,87,81,28.8,6.3,12.3,2.5,Yes
8/15/2005,85,88,27.6,3,6.3,14.9,No
8/16/2005,88,94,26.2,2.2,11.2,49,No
8/17/2005,87,96,25.6,1.8,9.1,51.6,No
8/18/2005,90,92,25.9,3.1,6.4,39.7,No
8/19/2005,97,92,25.5,2.4,13.3,242.9,No
8/20/2005,99,93,25,2.6,19.5,303.3,No
8/21/2005,91,90,27.2,1.9,9.4,17.8,No
8/22/2005,86,82,28.5,3.5,7,0,No
8/23/2005,63,80,28.8,4.5,9.3,Trace,No
8/24/2005,80,85,27.6,4.2,9,16.6,No
8/25/2005,85,80,27.5,3.3,5,0,No
8/26/2005,88,88,27.1,2,13.2,2.8,No
8/27/2005,90,89,27.3,1.6,16.2,0.3,No
8/28/2005,86,86,28,3,17.7,2.5,No
8/29/2005,69,89,28,3.8,17,9.1,No
8/30/2005,41,85,28.3,5.5,8.3,21.3,No
8/31/2005,20,76,29.4,5.5,11.3,0.3,No
9/1/2005,49,66,30.1,3.9,16.8,0,No
9/2/2005,85,69,29.2,3.9,12.7,0,No
9/3/2005,84,87,27.9,4.4,9.7,11.7,No
9/4/2005,87,93,26.7,2.2,14.4,54.3,No
9/5/2005,31,77,28.3,4.4,8.8,0,No
9/6/2005,73,82,27.9,3.8,5.3,11.5,No
9/7/2005,60,79,28.5,5,7.2,20.4,No
9/8/2005,81,86,27.9,3.9,13.4,0.7,No
9/9/2005,77,80,28.4,3.5,10.7,0,No
9/10/2005,69,77,28.2,3.7,6.3,Trace,No
9/11/2005,56,75,28.7,4.9,5,Trace,No
9/12/2005,63,80,29.1,3.5,13.1,Trace,No
9/13/2005,79,87,28.7,3.7,17.3,13.2,No
9/14/2005,65,79,29.3,3.9,12.3,Trace,No
9/15/2005,53,80,29.1,4.3,14.4,1.7,No
9/16/2005,45,76,29.5,3.5,15.4,Trace,Yes
9/17/2005,79,83,27.8,5.5,24.6,23,Yes
9/18/2005,87,86,28.2,3.5,26.2,3.8,Yes
9/19/2005,59,84,28.8,3.1,14.5,Trace,Yes
9/20/2005,64,79,28.8,4.8,7,2.7,No
9/21/2005,49,77,29.5,4.1,10.3,0,Yes
9/22/2005,63,68,31,5.4,12.4,0,Yes
9/23/2005,80,67,28.6,4.7,18.2,Trace,Yes
9/24/2005,88,78,26.5,3.6,28.7,10.6,Yes
9/25/2005,94,90,25.8,3.9,32.1,130.2,Yes
9/26/2005,92,92,25.9,2,25.6,37.2,Yes
9/27/2005,87,93,25.9,1.7,17.6,30.6,Yes
9/28/2005,65,85,27,3.5,13.2,1,Yes
9/29/2005,64,82,27.4,3.1,8.6,0,No
9/30/2005,47,82,27.6,4,8.4,0,No
10/1/2005,36,80,28.6,4,5.8,0,No
10/2/2005,54,78,29,7.5,8.8,3.6,No
10/3/2005,72,67,29.6,4.8,9.7,0,No
10/4/2005,59,70,27.7,5,7,0,No
10/5/2005,79,74,27.8,4.5,7.2,0.1,No
10/6/2005,62,77,28.1,4.2,11,0.1,No
10/7/2005,71,78,28.1,3.4,13.9,2.1,No
10/8/2005,67,63,27.4,4.3,15.2,0,No
10/9/2005,72,66,26.5,3.9,12.8,Trace,No
10/10/2005,60,74,26.8,3.8,14.8,Trace,No
10/11/2005,65,74,27.3,3.1,18.9,0.6,No
10/12/2005,71,76,26.7,2,16.5,Trace,No
10/13/2005,47,77,27,4.2,11.1,0.1,No
10/14/2005,34,79,27.2,4.1,8.1,0,No
10/15/2005,53,78,26.9,3.4,7.7,0,No
10/16/2005,45,75,26.1,4,7.8,0,No
10/17/2005,75,80,26.3,2.5,12.4,Trace,No
10/18/2005,61,70,26.1,2.5,20.1,Trace,No
10/19/2005,41,66,25.6,3.7,20.6,Trace,No
10/20/2005,31,68,25.5,4.3,16.5,0,No
10/21/2005,21,69,26.1,4.8,11.7,0,No
10/22/2005,44,61,25.2,4.5,11.4,Trace,No
10/23/2005,39,62,23.3,4,12.2,0,No
10/24/2005,10,65,23,5,8.9,0,No
10/25/2005,84,73,24.4,3,12.8,0,No
10/26/2005,59,76,24.8,3.7,13.5,0,No
10/27/2005,57,76,25.4,3.2,17.9,0,No
10/28/2005,40,79,25.8,3.6,14.5,0,No
10/29/2005,80,70,24.8,3.5,9.9,0,No
10/30/2005,87,67,22.9,4.1,12,0,No
10/31/2005,88,61,22.1,2.7,17.2,Trace,No
11/1/2005,86,63,22.9,1.8,16.2,Trace,No
11/2/2005,82,75,24.6,3.3,18.3,0,No
11/3/2005,66,76,24.9,3.3,14.6,0,No
11/4/2005,53,82,24.8,3.3,14.2,0,No
11/5/2005,42,86,25.3,3.8,10.2,0,No
11/6/2005,47,82,26.3,3.9,4,0,No
11/7/2005,72,88,26.1,3.6,7.9,0,No
11/8/2005,59,87,25.6,2.2,12,0,No
11/9/2005,67,86,25.6,2.5,10.5,Trace,No
11/10/2005,50,86,25.9,4.3,6,0,No
11/11/2005,30,85,25.6,3.7,7.1,0,No
11/12/2005,55,81,25.8,4,12.4,0,No
11/13/2005,85,81,25.4,1.5,17.8,0,No
11/14/2005,88,84,25.3,2.1,17.9,Trace,No
11/15/2005,89,81,22.5,4.2,13.9,1.6,No
11/16/2005,69,72,21.1,4.1,12.8,0,No
11/17/2005,50,73,21.2,4.4,10.3,Trace,No
11/18/2005,58,69,21.1,4.1,12.1,0,No
11/19/2005,38,68,19.3,4.3,11.5,0,No
11/20/2005,20,68,17.9,5.2,12.5,0,No
11/21/2005,28,63,18.5,4.1,13,0,No
11/22/2005,28,63,19.1,5.6,9.3,0,No
11/23/2005,32,65,20.9,5.3,9,0,No
11/24/2005,55,71,20.8,4,7.7,0,No
11/25/2005,64,79,21.1,2.8,9.8,0,No
11/26/2005,17,78,21.7,5.1,7.9,0,No
11/27/2005,21,78,21.9,3.9,14.9,0,No
11/28/2005,76,79,23.5,4.6,7.1,0,No
11/29/2005,48,75,23,3.2,10,Trace,No
11/30/2005,81,79,21.4,2,19.3,Trace,No
12/1/2005,30,79,21.1,3.1,17,0,No
12/2/2005,20,81,21.8,4,13.8,0,No
12/3/2005,79,76,22.1,3.1,17.1,0,No
12/4/2005,39,61,19,5.1,11.1,0,No
12/5/2005,94,56,15.7,4.8,13.1,0,No
12/6/2005,95,54,12.1,2.5,11.9,Trace,No
12/7/2005,93,55,14.1,4.8,8.5,0,No
12/8/2005,66,66,17.5,4.1,13.9,0,No
12/9/2005,66,78,19,4.1,15.3,0,No
12/10/2005,81,81,20.5,3.5,12.2,0,No
12/11/2005,59,70,19.8,4.7,9.5,0,No
12/12/2005,84,63,16.1,3,13.5,0,No
12/13/2005,88,63,15.7,3.9,11.9,Trace,No
12/14/2005,88,52,15.4,3.1,11.8,0,No
12/15/2005,74,39,14.6,5,13.4,0,No
12/16/2005,65,48,15.1,5.2,9.5,0,No
12/17/2005,27,42,15.8,4.9,11.2,0,No
12/18/2005,10,48,13.4,4.4,12.1,0,No
12/19/2005,20,65,14.3,5.3,12.7,0,No
12/20/2005,22,68,16.6,5.2,10.3,0,No
12/21/2005,24,37,15.2,4.4,19.7,0,No
12/22/2005,4,32,12.7,4.4,13.9,0,No
12/23/2005,13,58,14.5,5.3,7,0,No
12/24/2005,43,72,17.4,4.6,11,0,No
12/25/2005,83,62,18.6,4.2,9.8,0,No
12/26/2005,51,63,19.2,3.4,12.5,0,No
12/27/2005,85,75,17.9,2.8,19.8,Trace,No
12/28/2005,92,86,16.7,1.5,9.4,1.6,No
12/29/2005,81,83,18.5,5.5,8.8,0.1,No
12/30/2005,95,93,18,3.6,11.5,7.8,No
12/31/2005,51,85,19.9,4.9,4.7,Trace,No
1/1/2006,56,82,19.2,3.9,12.3,0,No
1/2/2006,31,80,18.5,4.2,14,0,No
1/3/2006,85,83,17.5,2.1,20,0,No
1/4/2006,89,85,18.7,2.9,14.4,Trace,No
1/5/2006,79,80,17.1,6.3,8.5,0,No
1/6/2006,88,67,11.2,3.9,13.1,0,No
1/7/2006,51,59,10.4,4.7,13.5,0,No
1/8/2006,85,61,11.7,2.7,11.3,0,No
1/9/2006,88,57,12.8,4,6.7,0,No
1/10/2006,88,77,15.6,2.7,14,Trace,No
1/11/2006,71,79,17,4,15.7,0,No
1/12/2006,51,83,19,3.6,11.6,0,No
1/13/2006,15,83,19.5,5.8,6.1,0,No
1/14/2006,41,86,18.5,2.2,9.8,0,No
1/15/2006,47,81,19,4.3,9.8,0,No
1/16/2006,58,83,19.9,3.7,12.9,0,No
1/17/2006,89,90,18.9,1.8,19.6,0.7,No
1/18/2006,93,93,18.9,1.9,19.3,0.8,No
1/19/2006,100,94,18.7,0.7,17.7,0.3,No
1/20/2006,88,94,17.1,4.6,8.4,1.3,No
1/21/2006,93,85,13,2.9,12.2,4.3,No
1/22/2006,88,80,12.8,1.7,8.9,Trace,No
1/23/2006,87,72,12.3,4.4,9.7,0,No
1/24/2006,84,70,13.6,4.7,6.3,Trace,No
1/25/2006,62,67,15.8,5,5.8,0,No
1/26/2006,68,64,15.3,4.8,7.8,0,No
1/27/2006,83,71,15.8,4.7,10.9,Trace,No
1/28/2006,96,93,15,2.3,9.2,6.8,No
1/29/2006,71,92,17.2,4.7,10.2,2.1,No
1/30/2006,59,83,19.1,4.1,12.3,0,No
1/31/2006,62,80,20.5,5.3,3.9,0,No
2/1/2006,56,86,19.1,2.9,14.6,0,No
2/2/2006,40,78,17.8,3,24.7,0,No
2/3/2006,55,79,18.4,4.1,16.1,0,No
2/4/2006,89,82,15.7,1.9,15.4,Trace,No
2/5/2006,82,75,15.8,3.4,14.2,0,No
2/6/2006,31,78,18.2,6.4,5,0,No
2/7/2006,21,76,19.1,5.5,13.5,0,No
2/8/2006,43,69,17,4.2,24,0,No
2/9/2006,77,75,15.4,2.6,21.7,0,No
2/10/2006,52,78,16.5,5.9,8.5,0,No
2/11/2006,23,78,18.3,5.7,5.7,0,No
2/12/2006,64,73,18,2.9,16.7,0,No
2/13/2006,94,71,17.6,2.9,18.1,0,No
2/14/2006,96,88,18.6,2.8,12.6,4.7,No
2/15/2006,72,90,20.9,5.9,5.8,0,No
2/16/2006,86,87,22.4,5.7,3.8,0,No
2/17/2006,88,84,17.3,4.4,18.5,Trace,No
2/18/2006,88,84,14.6,2.7,12.3,Trace,No
2/19/2006,88,84,15.2,6.2,7.1,0.5,No
2/20/2006,76,81,17,5,9.1,0,No
2/21/2006,62,81,19,6.4,13.6,0,No
2/22/2006,71,77,21.3,6.2,6.3,0,No
2/23/2006,90,82,18.4,3.4,14.4,Trace,No
2/24/2006,88,87,17.1,1,15.8,Trace,No
2/25/2006,88,84,17.7,3.7,14.7,0.3,No
2/26/2006,85,82,19.1,5.9,13.5,0.3,No
2/27/2006,91,89,15.2,2.5,34.1,11.9,No
2/28/2006,92,94,14.2,6.9,12.8,20,No
3/1/2006,63,71,10.6,3.8,14.3,0.1,No
3/2/2006,64,68,12.7,6.1,7.9,0,No
3/3/2006,5,74,15,6.3,12.1,0,No
3/4/2006,70,74,15.6,3,18.3,Trace,No
3/5/2006,89,88,17.2,3.3,14.8,2.4,No
3/6/2006,91,92,19.3,2.9,10.2,1.8,No
3/7/2006,86,90,19.9,1.8,15.7,Trace,No
3/8/2006,77,86,19.8,3.6,16,0,No
3/9/2006,51,87,20.8,5.3,5.3,0,No
3/10/2006,47,88,20.5,2.9,12,0,No
3/11/2006,87,90,21,3.1,11.7,0,No
3/12/2006,90,93,20.7,8,11.6,0.8,No
3/13/2006,89,86,12.1,6.4,12.8,5.1,No
3/14/2006,84,81,12.5,6,8.4,0.3,No
3/15/2006,87,82,16.5,4.1,13.6,Trace,No
3/16/2006,81,82,20.2,5.8,3.2,Trace,No
3/17/2006,86,91,19.9,1.5,15.6,Trace,No
3/18/2006,57,89,22.4,6.6,7.6,0.3,No
3/19/2006,71,81,21.5,3.5,18.9,Trace,No
3/20/2006,88,81,18.3,1.6,24.5,Trace,No
3/21/2006,88,91,19.5,3.7,16.9,Trace,No
3/22/2006,93,96,21.1,2.8,10.8,Trace,No
3/23/2006,88,95,22.6,6.4,8.3,11.2,No
3/24/2006,91,95,17.5,1.9,23.5,15.7,No
3/25/2006,89,93,17.5,1.4,21.6,6.6,No
3/26/2006,94,96,18.5,2.1,17.6,3,No
3/27/2006,94,96,18,1.8,13.5,1.1,No
3/28/2006,36,75,19.5,5.9,7,0,No
3/29/2006,57,74,19.8,3.5,17.1,0,No
3/30/2006,81,84,20.5,3.5,15.8,Trace,No
3/31/2006,83,86,21.8,3.8,10.9,Trace,No
4/1/2006,68,86,23.2,6,8.6,Trace,No
4/2/2006,86,88,23.4,3.1,3.2,0.1,No
4/3/2006,81,90,23.9,4.4,10.3,Trace,No
4/4/2006,79,83,25.5,5.1,5.5,0,No
4/5/2006,87,82,26.3,3.6,8.4,0,No
4/6/2006,83,86,24.4,4.6,13.7,Trace,No
4/7/2006,86,88,22.2,1.8,14.8,Trace,No
4/8/2006,81,73,22.3,4.1,14.6,0,No
4/9/2006,86,89,24.1,3.5,9.7,Trace,No
4/10/2006,85,83,27,3,15.3,Trace,No
4/11/2006,86,80,27.6,3.1,9.8,Trace,No
4/12/2006,81,77,27.8,3.3,9.3,Trace,No
4/13/2006,97,86,23.2,7.6,12,0.9,No
4/14/2006,99,87,19.5,1.8,9.5,0.1,No
4/15/2006,90,83,16.8,3.6,11.8,1,No
4/16/2006,87,80,17.5,3.1,10,Trace,No
4/17/2006,76,74,20.5,5.4,16.3,0,No
4/18/2006,57,81,22.8,4.9,14.5,0,No
4/19/2006,39,75,25.5,6.8,5,0,No
4/20/2006,69,84,24.7,6.8,12,0.2,No
4/21/2006,77,84,23.3,4.1,17.6,0,No
4/22/2006,73,81,26.1,6,5.8,0,No
4/23/2006,81,82,27.4,4.5,4.6,0,No
4/24/2006,90,94,24.3,3.3,10.2,109.4,No
4/25/2006,88,91,23.6,2.2,18.2,Trace,No
4/26/2006,83,83,26.8,5.4,7.5,8,No
4/27/2006,89,86,27,3.1,5.2,11.9,No
4/28/2006,95,95,23.3,5.8,13,66,No
4/29/2006,92,91,22.6,3.5,8.2,1.6,No
4/30/2006,70,82,25.3,4.7,3.6,0,No
5/1/2006,78,83,27.4,4.6,12.6,0,No
5/2/2006,88,86,27,6.5,13.4,70.1,No
5/3/2006,89,95,22.8,1.9,11.6,108.2,No
5/4/2006,87,91,24.2,1.8,13.9,0.2,No
5/5/2006,86,89,26.4,4.1,7.6,1.3,No
5/6/2006,71,78,28.1,3.5,7.7,0,No
5/7/2006,56,79,28.2,3.5,6,0,No
5/8/2006,53,79,28.5,4.8,4.1,0,No
5/9/2006,47,76,28.5,5,8,0,Yes
5/10/2006,39,74,28.8,4,10.3,0,Yes
5/11/2006,80,85,27.5,5,14.7,Trace,Yes
5/12/2006,49,81,26.5,5,15.2,Trace,Yes
5/13/2006,41,75,26.6,8.2,10.3,Trace,Yes
5/14/2006,35,69,23.7,6.6,13.7,Trace,Yes
5/15/2006,88,69,24.7,4.6,12.6,Trace,Yes
5/16/2006,92,76,24.5,3.6,16.8,1.6,Yes
5/17/2006,92,82,22.8,3.2,30.9,15,Yes
5/18/2006,68,68,25.3,6.2,13.2,Trace,Yes
5/19/2006,52,67,25.7,6.9,7.5,0,No
5/20/2006,88,85,24.6,2.5,14.3,1,No
5/21/2006,94,97,23.3,2.5,13,69.7,No
5/22/2006,91,92,25.5,2,3.6,22.9,No
5/23/2006,91,95,25,2.4,3.4,30.9,No
5/24/2006,85,94,25.5,2,7.4,0.5,No
5/25/2006,73,83,26.7,4,4.5,0,No
5/26/2006,82,80,27.7,3.4,11.5,Trace,No
5/27/2006,88,86,26.9,1.4,8.6,5.5,No
5/28/2006,89,90,25,3.4,10.7,59.7,No
5/29/2006,91,94,23.1,2.1,14.4,4.2,No
5/30/2006,88,94,24,4.3,15.3,13,No
5/31/2006,90,90,26.2,4.8,9,27.7,No
6/1/2006,88,88,27.1,2.3,9.8,33.2,No
6/2/2006,91,93,26.5,3.2,4.8,80.2,No
6/3/2006,89,86,27.7,1.4,6.1,0.6,No
6/4/2006,87,82,28.2,2.2,10.7,1.5,No
6/5/2006,87,81,28.5,1.4,13.1,Trace,No
6/6/2006,87,81,28.9,3.1,13.9,0.8,No
6/7/2006,88,81,28.8,1.8,14,0.4,No
6/8/2006,88,84,28.6,2.1,18.8,12.4,No
6/9/2006,90,92,26.4,4.2,16.7,136.7,No
6/10/2006,89,91,24,2.8,11.7,26.4,No
6/11/2006,89,89,24,4.7,14.6,9.5,No
6/12/2006,89,92,24.4,3.1,9.8,9.4,No
6/13/2006,88,89,27.4,6,5.8,65.2,No
6/14/2006,81,82,28.5,3.3,8.5,0.4,No
6/15/2006,92,84,28.4,1.5,10.9,0.2,No
6/16/2006,80,82,28.8,3,6.1,0.1,No
6/17/2006,66,79,29.3,4.2,5,Trace,No
6/18/2006,78,83,29,3.4,5.1,Trace,No
6/19/2006,85,86,27.7,2.2,5.5,0.6,No
6/20/2006,70,85,28,5,9.8,Trace,No
6/21/2006,62,87,28.2,5.9,10.8,10,No
6/22/2006,68,90,27.6,2.2,9.3,10.4,No
6/23/2006,43,78,29.2,6.7,6.3,1,No
6/24/2006,34,74,29.8,4.7,9,0,No
6/25/2006,44,77,30,4.6,6.5,0,No
6/26/2006,34,78,29.9,4.7,10.3,0,No
6/27/2006,72,84,29.7,4,14.5,0.1,Yes
6/28/2006,85,92,27.2,4,15.2,51,Yes
6/29/2006,84,87,28.3,4.6,10.7,16.6,Yes
6/30/2006,79,87,28.7,4.5,15.2,2.5,No
7/1/2006,68,87,28.9,4,15.3,2.9,No
7/2/2006,57,87,29.2,3.9,16.3,5.3,No
7/3/2006,77,86,29.2,3.7,13.2,6.3,No
7/4/2006,77,84,29,4.8,8.1,14.8,No
7/5/2006,69,79,29.6,3.6,7,1.5,No
7/6/2006,73,77,29.8,4.7,10.3,2,No
7/7/2006,79,78,30,4.1,10.5,3.2,No
7/8/2006,77,81,29.7,4.9,10.7,19.5,No
7/9/2006,84,82,29.4,4.8,7.3,7,No
7/10/2006,88,84,29.6,2.7,5.5,6.8,No
7/11/2006,81,89,28.7,4.7,3,32.3,No
7/12/2006,51,79,30,4.2,7.8,0,No
7/13/2006,75,77,30.7,5.8,16.7,Trace,No
7/14/2006,79,80,30.2,3.4,18.7,0.2,No
7/15/2006,97,83,28.8,2,23.4,7,No
7/16/2006,97,86,28,4.9,10.8,195.6,No
7/17/2006,87,82,29,3.8,7.8,5.3,No
7/18/2006,73,79,29.7,4.2,7,Trace,No
7/19/2006,51,78,29.5,4,3.4,Trace,No
7/20/2006,34,76,29.5,4.5,8.7,0,No
7/21/2006,35,74,29.9,4.9,4.7,0,No
7/22/2006,46,81,29.3,3.6,7.8,0,No
7/23/2006,46,81,29.8,4,4.7,Trace,No
7/24/2006,58,80,29.9,7.6,10,10.1,No
7/25/2006,70,73,30.9,4.7,14.2,0,No
7/26/2006,88,78,28.8,3.9,13.6,Trace,No
7/27/2006,91,91,25.8,2.6,8,72.8,No
7/28/2006,89,95,25.5,4.4,10.6,85.6,No
7/29/2006,93,98,24.6,1.6,11.3,87.2,No
7/30/2006,85,91,26.5,3.6,15.4,3.8,No
7/31/2006,57,80,28.3,4.7,14,Trace,Yes
8/1/2006,39,78,28.9,5.9,8.6,0,Yes
8/2/2006,84,84,26.9,3.4,30.3,26,Yes
8/3/2006,94,90,25.8,2.6,31.9,54.2,Yes
8/4/2006,89,89,27.4,4.4,15.3,18,Yes
8/5/2006,86,90,27.4,3.9,16.5,5.9,No
8/6/2006,81,91,26.8,3.7,13,4.6,Yes
8/7/2006,55,82,27.9,4.4,4.5,0.1,Yes
8/8/2006,54,80,28.5,5,6.5,0,Yes
8/9/2006,70,77,28.8,4.9,8.6,Trace,Yes
8/10/2006,88,91,26.7,4.2,7.2,45.6,Yes
8/11/2006,80,90,27.6,3.2,16.9,3.7,No
8/12/2006,66,84,28.8,3.9,14.4,Trace,No
8/13/2006,31,83,29.1,4.9,11.8,0,No
8/14/2006,39,83,28.9,4.1,12.2,0,No
8/15/2006,68,84,28.9,4.1,10.9,0,No
8/16/2006,40,83,29.1,4.5,10.1,0,No
8/17/2006,49,76,29.7,4.8,8.9,0,No
8/18/2006,73,78,30.1,4.1,12.5,Trace,No
8/19/2006,85,81,27.6,5.5,13.1,51.1,No
8/20/2006,86,84,28.3,3.6,5.7,0.1,No
8/21/2006,60,79,28.9,5.1,9.5,0,No
8/22/2006,53,78,28.9,5,9.4,Trace,No
8/23/2006,49,78,29.3,4.7,8,0,Yes
8/24/2006,80,92,27.6,3.4,12,38.8,Yes
8/25/2006,89,90,27.3,3.9,5.5,20.6,Yes
8/26/2006,79,83,28.3,4.9,6.5,2.2,No
8/27/2006,77,87,28.2,5.3,8.5,2.3,No
8/28/2006,79,88,28.3,2.4,10.8,2.2,No
8/29/2006,65,82,29.3,4.1,10,Trace,No
8/30/2006,46,77,29.2,3.8,8.7,Trace,No
8/31/2006,67,77,29.3,3.8,16.3,0,No
9/1/2006,57,76,29.9,5,13.8,0,No
9/2/2006,71,78,30,3.8,11.3,Trace,No
9/3/2006,80,81,28.8,2,7.5,Trace,No
9/4/2006,76,80,28.5,3.8,11.9,0.6,No
9/5/2006,72,78,29,4.2,13.4,3.2,No
9/6/2006,85,81,28.3,4.7,12.2,4.9,No
9/7/2006,90,87,26.4,3,6,35.1,No
9/8/2006,88,85,27.4,3.4,2.6,11.8,No
9/9/2006,88,90,26,5.1,5.7,92.4,No
9/10/2006,85,82,24.1,4.7,10.8,3.5,No
9/11/2006,85,74,23.7,3.7,10.7,Trace,No
9/12/2006,88,88,22.2,2.8,10,5,Yes
9/13/2006,96,98,24.3,3.2,16.1,248.3,Yes
9/14/2006,88,96,25.3,3.2,5.7,12.9,No
9/15/2006,86,84,26.4,4.4,3.8,1,No
9/16/2006,84,76,26.4,2.9,5.3,Trace,No
9/17/2006,24,64,26.6,6,7.1,0,No
9/18/2006,57,71,26.1,5.3,10,0,No
9/19/2006,48,75,26.2,5,12.3,0,No
9/20/2006,57,72,26.3,5.9,10.5,0,No
9/21/2006,81,70,26.5,5.2,10.5,0,No
9/22/2006,82,74,26.7,4.2,15.5,0,No
9/23/2006,69,68,27.2,5.4,23.2,0,No
9/24/2006,88,78,25.8,2.5,23.6,0.9,No
9/25/2006,65,76,26.6,4.2,24,Trace,No
9/26/2006,31,74,26.4,4.9,19.5,0,No
9/27/2006,44,75,26.2,4.2,19.7,0,No
9/28/2006,35,75,26.2,4.8,17.9,0,No
9/29/2006,52,73,27.5,7.1,15.5,0,No
9/30/2006,88,76,26.6,3.3,18.9,0.6,No
10/1/2006,88,78,26.3,1.9,16.8,Trace,No
10/2/2006,88,77,26.9,3.8,8.5,Trace,No
10/3/2006,70,80,26.9,5,6,5.1,No
10/4/2006,55,73,27.1,4.6,3.8,Trace,No
10/5/2006,24,75,26.8,5.5,8.5,0,No
10/6/2006,63,77,26.3,4.1,7.2,Trace,No
10/7/2006,16,71,26.2,4.8,7,0,No
10/8/2006,60,79,26.3,4,11.6,0,No
10/9/2006,84,83,25.2,2.1,9.4,0.6,No
10/10/2006,64,77,26.2,4.9,9.5,0,No
10/11/2006,73,78,26.8,5.1,8.5,0,No
10/12/2006,34,77,26.7,4.5,13.7,0,No
10/13/2006,56,77,26.8,4.8,11.5,0,No
10/14/2006,84,82,26.4,2.9,6.5,5.3,No
10/15/2006,88,84,26.6,3.1,9.7,10.7,No
10/16/2006,85,85,25.9,4.2,14.6,7.1,No
10/17/2006,84,82,26.4,3.3,13.3,0,No
10/18/2006,65,80,26.5,3.6,13.6,0,No
10/19/2006,79,78,26.1,2.4,13,0,No
10/20/2006,51,77,26.4,4.6,8.8,0,No
10/21/2006,49,79,26.4,3.8,12.7,0,No
10/22/2006,36,79,26.5,5.1,10.1,0,No
10/23/2006,56,79,27.3,5.7,8.4,Trace,No
10/24/2006,86,79,26.4,3.7,20,1.9,No
10/25/2006,84,77,26.3,3.5,16.2,Trace,No
10/26/2006,72,73,26,4.2,13.6,0,No
10/27/2006,65,70,25.4,5.4,12.8,Trace,Yes
10/28/2006,54,68,26.1,5.8,10.6,Trace,Yes
10/29/2006,40,72,26.2,6.1,9.2,Trace,Yes
10/30/2006,44,71,25.9,5.9,8.2,0.5,Yes
10/31/2006,74,63,25.7,5,12.8,Trace,Yes
11/1/2006,81,47,25,3.6,22,0,Yes
11/2/2006,79,56,23.6,3.8,16.7,0,Yes
11/3/2006,73,66,23,5,12.6,Trace,Yes
11/4/2006,10,67,23.9,6.7,11,0,Yes
11/5/2006,10,69,24.2,6,13.3,0,Yes
11/6/2006,12,58,24.9,6.3,5.5,0,Yes
11/7/2006,18,61,23.8,5.1,15.7,0,No
11/8/2006,26,68,23.6,4.7,18.2,0,No
11/9/2006,15,75,24.2,5.1,11.3,0,No
11/10/2006,16,75,25,5.6,6.1,0,No
11/11/2006,18,60,26,5.6,9.8,0,No
11/12/2006,27,57,23.3,4.5,17.2,0,No
11/13/2006,80,74,23,4,12.5,Trace,No
11/14/2006,88,77,24.5,3.2,11.2,0.3,No
11/15/2006,95,84,22,3.6,22.5,9.2,No
11/16/2006,89,85,22.5,4.3,18.3,Trace,No
11/17/2006,80,84,23.6,2.9,16.8,0,No
11/18/2006,79,90,23.9,3.1,11,1.6,No
11/19/2006,86,86,24.1,2.3,4.4,Trace,No
11/20/2006,85,82,23.6,3.1,11.7,Trace,No
11/21/2006,95,90,22,4,13.7,66.5,No
11/22/2006,95,94,20.7,2.5,5.5,9.7,No
11/23/2006,80,83,22.1,3.5,4,3,No
11/24/2006,88,83,22.5,2.2,17.4,0,No
11/25/2006,89,91,22.8,1.1,13,Trace,No
11/26/2006,76,88,24.1,3.2,6.5,1.2,No
11/27/2006,83,90,23.5,3.4,5.1,7,No
11/28/2006,88,80,20.7,3.7,10.1,1.1,No
11/29/2006,96,84,21.1,1.9,13.2,Trace,No
11/30/2006,82,78,20.6,3.5,8.7,0,No
12/1/2006,64,68,19.1,4.9,9.5,0,No
12/2/2006,42,71,18.5,5.4,9.7,0,No
12/3/2006,66,73,19.1,4,11.4,0,No
12/4/2006,60,73,19.2,4.3,15.7,0,No
12/5/2006,67,78,20.2,5.6,10.9,0,No
12/6/2006,69,80,20.9,2.8,20.8,0,No
12/7/2006,56,83,22.4,4.9,10.1,0.3,No
12/8/2006,24,81,22.8,4.1,12.4,0,No
12/9/2006,88,77,21.2,3.2,9.8,0,No
12/10/2006,87,71,18.9,2.9,9.8,0,No
12/11/2006,79,72,19.7,4,7.4,Trace,No
12/12/2006,83,73,21.6,4.1,7.4,Trace,No
12/13/2006,88,87,20,4.6,9.3,13,No
12/14/2006,88,89,16.8,2.7,11.5,5.8,No
12/15/2006,94,92,15.7,2,5.3,9.3,No
12/16/2006,68,60,15.8,2.9,13.1,1.5,No
12/17/2006,3,41,14.9,4.7,14.6,0,No
12/18/2006,18,54,14.8,5.6,13,0,No
12/19/2006,16,60,16.1,5.8,12,Trace,No
12/20/2006,10,58,17.3,5.1,9.1,0,No
12/21/2006,4,56,17,5.2,9.3,0,No
12/22/2006,6,55,17.2,5.4,6.8,0,No
12/23/2006,40,69,17,4.2,16.3,0,No
12/24/2006,64,70,18.4,4.3,8.6,0,No
12/25/2006,15,50,18.1,5.4,5,0,No
12/26/2006,29,77,17.7,4.2,7.6,0,No
12/27/2006,10,77,17.7,4.6,7.8,0,No
12/28/2006,11,67,17.5,4.3,10.8,0,No
12/29/2006,43,71,15.2,3.3,16.8,0,No
12/30/2006,29,71,15.9,4.7,14.3,0,No
12/31/2006,38,76,17.4,4.3,20.5,0,No
1/1/2007,64,80,18.5,4.4,14.2,0,No
1/2/2007,86,82,18.8,2.8,16.7,Trace,No
1/3/2007,92,92,18.6,1.7,11.6,8.5,No
1/4/2007,79,77,17.4,3.2,7.3,0,No
1/5/2007,36,69,16.1,5.5,9.1,0,No
1/6/2007,43,58,14.3,4.6,14.9,0,No
1/7/2007,22,55,13.5,5.1,12.2,0,No
1/8/2007,26,52,13.6,5.2,8.8,0,No
1/9/2007,23,52,14.3,5.5,6.3,0,No
1/10/2007,86,61,16.1,3.7,12.1,Trace,No
1/11/2007,87,77,17.2,1.7,16.4,0,No
1/12/2007,86,81,17.9,2.5,7.3,0,No
1/13/2007,53,77,17.2,4.8,10.2,0,No
1/14/2007,81,79,17.2,3.9,13.6,0,No
1/15/2007,87,78,18.3,4.9,15,Trace,No
1/16/2007,81,76,20.4,5.8,11.9,0.4,No
1/17/2007,97,95,17.4,6.2,6.8,20,No
1/18/2007,88,80,15.9,4.3,8.8,0.2,No
1/19/2007,88,78,16.8,3.7,8,Trace,No
1/20/2007,90,86,16.9,2.5,14.5,0.5,No
1/21/2007,94,87,16.7,2,11.5,0,No
1/22/2007,88,85,16.6,1.9,14.1,Trace,No
1/23/2007,70,80,16.7,4.7,10.2,0,No
1/24/2007,69,70,14.1,4.7,7.9,0,No
1/25/2007,72,71,15.2,3,9.2,0,No
1/26/2007,6,66,15.1,6.7,8.3,0,No
1/27/2007,11,61,14.7,7.8,8,0,No
1/28/2007,6,41,15,5.2,12.4,0,No
1/29/2007,1,51,14,6.3,7.9,0,No
1/30/2007,9,65,15.7,7.6,3.8,0,No
1/31/2007,10,56,16.7,5.8,8,0,No
2/1/2007,18,41,17.3,5.4,10.9,0,No
2/2/2007,30,48,16,6.8,8.7,0,No
2/3/2007,23,71,15.4,5.4,11.3,0,No
2/4/2007,34,64,16.6,6,10.1,0,No
2/5/2007,9,73,18.1,6.3,10.8,0,No
2/6/2007,18,74,19.6,7,7.5,0,No
2/7/2007,47,70,20.7,6.1,9.9,Trace,No
2/8/2007,65,66,21.7,5.4,9.5,Trace,No
2/9/2007,55,81,22.2,5.3,2.7,0,No
2/10/2007,83,86,20.7,2.8,4.8,0,No
2/11/2007,88,82,19.3,1.9,14.8,Trace,No
2/12/2007,86,80,19.3,3.4,13.7,0,No
2/13/2007,79,90,20.7,3.9,11.8,Trace,No
2/14/2007,85,83,21.7,4.2,5,0,No
2/15/2007,88,88,18.9,4.2,19.5,0.6,No
2/16/2007,88,93,19.6,3.2,13.3,Trace,No
2/17/2007,83,90,22,3.2,5.3,Trace,No
2/18/2007,74,84,23.1,4,1.9,Trace,No
2/19/2007,82,92,20.1,3.3,12.5,Trace,No
2/20/2007,89,91,19.1,2.3,17.4,1,No
2/21/2007,90,87,19.8,2.7,15.8,0.2,No
2/22/2007,94,92,18.5,1.3,12.4,4,No
2/23/2007,65,81,19.7,3.6,15.4,0,No
2/24/2007,86,83,18.6,1.8,20.2,0.1,No
2/25/2007,78,80,20.4,6.5,8.1,1,No
2/26/2007,88,78,19,2.9,17.7,Trace,No
2/27/2007,66,76,18.8,4.7,17.4,Trace,No
2/28/2007,87,81,19.4,2.3,19.2,Trace,No
3/1/2007,82,83,19.3,2.5,17.7,Trace,No
3/2/2007,71,81,21.2,5.9,14.4,0,No
3/3/2007,51,83,22.1,5.4,14,0,No
3/4/2007,83,87,22.3,5,5.7,0.1,No
3/5/2007,64,80,21.4,7.7,8.9,3.4,No
3/6/2007,89,82,15,5.3,15.4,8.1,No
3/7/2007,94,83,12.8,3.4,12.4,1,No
3/8/2007,89,88,14.6,2.6,12.6,0.1,No
3/9/2007,100,90,16.1,2.6,15.6,Trace,No
3/10/2007,94,91,18.9,4,12.8,Trace,No
3/11/2007,99,91,18.1,2.8,16.5,0.1,No
3/12/2007,95,88,17.3,1.6,21.6,Trace,No
3/13/2007,89,89,19.4,4.1,12.1,Trace,No
3/14/2007,89,92,20.6,3.2,11.3,Trace,No
3/15/2007,84,89,22.5,5,10.5,0,No
3/16/2007,83,87,23.9,4.6,7.1,0.2,No
3/17/2007,91,90,19.1,5.5,20.3,0.6,No
3/18/2007,88,81,18.4,2.9,18.2,Trace,No
3/19/2007,72,82,18,7.3,9.8,7.1,No
3/20/2007,79,67,16.9,5.4,8.9,0,No
3/21/2007,85,75,18.5,4.5,14.8,0,No
3/22/2007,83,80,19.7,3.6,13.6,Trace,No
3/23/2007,88,83,20.6,3.6,17.7,Trace,No
3/24/2007,88,89,22.1,4.1,6.5,1,No
3/25/2007,81,86,23.8,4.2,4.8,Trace,No
3/26/2007,92,93,23,3.8,9.8,2,No
3/27/2007,89,87,24.9,4.4,9.8,3.9,No
3/28/2007,87,79,22.2,3.9,17.1,Trace,No
3/29/2007,74,82,24.1,5.1,8.6,Trace,No
3/30/2007,84,84,25.1,4.6,6,0,No
3/31/2007,77,78,25.6,2.7,4.9,Trace,No
4/1/2007,82,79,25.9,2.9,5,0,No
4/2/2007,88,89,23.2,8.8,7,24.2,No
4/3/2007,88,80,15.5,4,13.3,1.6,No
4/4/2007,93,88,14,2.8,14,8.9,No
4/5/2007,88,84,16,2.4,10.6,Trace,No
4/6/2007,91,84,18.3,4.1,3,1.7,No
4/7/2007,91,86,18.4,4,9.2,0.6,No
4/8/2007,89,82,19,4,5.1,0.3,No
4/9/2007,78,68,20.4,5.3,15.7,Trace,No
4/10/2007,91,85,18.5,3,10.6,6.6,No
4/11/2007,53,73,20.3,6,11.8,0,No
4/12/2007,27,65,20.8,6.1,15,0,No
4/13/2007,77,71,22.3,7.5,4,0,No
4/14/2007,82,72,23.1,4.7,4,Trace,No
4/15/2007,69,77,24.6,6,5.8,0,No
4/16/2007,83,80,25.8,5.8,7.3,0,No
4/17/2007,88,83,25.1,6.5,7.7,6.6,No
4/18/2007,35,53,22.1,10.9,11.2,0,No
4/19/2007,51,75,21.8,5.4,14.5,0,No
4/20/2007,79,84,23,5.7,13.3,0,No
4/21/2007,86,89,24.2,2.5,11.5,Trace,No
4/22/2007,86,85,26,3.9,7.2,Trace,No
4/23/2007,88,83,25.2,3.9,8.9,7.8,No
4/24/2007,89,93,23.3,5.4,7.8,64.4,No
4/25/2007,86,86,20.9,2.1,6.8,0.6,No
4/26/2007,43,72,22.9,6.2,17.8,0,No
4/27/2007,32,71,24,6.7,15.7,0,No
4/28/2007,75,79,23.3,4.3,18.9,Trace,No
4/29/2007,87,85,22.5,1.5,19.2,0.4,No
4/30/2007,88,87,23.3,3.5,9.2,1.8,No
5/1/2007,75,76,25.6,7.2,6,0,No
5/2/2007,78,80,25.3,7.2,8.2,0,No
5/3/2007,78,71,24.6,5.7,8,Trace,No
5/4/2007,88,91,24,2.3,6.3,6.9,No
5/5/2007,89,88,24.3,2.9,9.3,2.3,No
5/6/2007,80,63,25.9,5.9,3,0,No
5/7/2007,15,61,26.5,9.3,8.6,0,No
5/8/2007,37,75,25.7,7.2,13.3,0,No
5/9/2007,83,76,25.7,6.1,17.3,0,No
5/10/2007,80,72,26.1,4.9,17.4,0,No
5/11/2007,74,75,25.6,5.4,18.4,0,No
5/12/2007,65,77,26.5,6.2,12.5,0,No
5/13/2007,65,77,26.3,5.6,12.6,0,No
5/14/2007,58,76,26.2,6.7,15,0,No
5/15/2007,61,78,26.7,7,9.3,0,No
5/16/2007,60,78,27.4,5.4,9,0.1,No
5/17/2007,85,69,28,7.1,8.8,Trace,No
5/18/2007,77,80,27.7,8.3,16,13.8,No
5/19/2007,90,87,24.9,6.3,12.2,47.2,No
5/20/2007,92,95,22.4,1.7,16.3,81.6,No
5/21/2007,89,95,23.4,1.5,16.8,29.7,No
5/22/2007,89,97,24.5,1.5,11.3,37.3,No
5/23/2007,86,86,27.8,6.2,7.7,0.6,No
5/24/2007,80,81,28.9,3.7,5.2,0,No
5/25/2007,63,77,29.5,3.7,8.4,0,No
5/26/2007,80,79,29.5,4.4,4.8,0,No
5/27/2007,88,88,26.5,7.5,4.7,53,No
5/28/2007,77,88,26.8,4,5,10.9,No
5/29/2007,58,79,28.7,6.5,5.8,0,No
5/30/2007,59,79,29.1,5.2,10.3,0,No
5/31/2007,70,81,28.5,5.8,3.7,4.9,No
6/1/2007,68,78,29.6,6.8,9.5,4,No
6/2/2007,81,80,29.5,6.4,10.8,9.2,No
6/3/2007,66,77,29.9,3.4,12.2,0.1,No
6/4/2007,58,78,29.9,6,12.3,0.1,No
6/5/2007,81,77,29.7,4.5,15.4,Trace,No
6/6/2007,85,81,29.5,4,12.6,1.3,No
6/7/2007,89,85,28.8,4.7,13.4,41.3,No
6/8/2007,90,84,28.7,4.1,13.2,14.1,No
6/9/2007,88,83,29.1,3.2,11.3,5.4,No
6/10/2007,94,91,25.7,6.2,11.5,95.5,No
6/11/2007,87,85,27.9,5,8,Trace,No
6/12/2007,87,86,27.8,2.2,9.4,6.8,No
6/13/2007,88,84,28.1,5.3,12.1,35.3,No
6/14/2007,88,90,25.8,4.1,7.7,29.6,No
6/15/2007,86,90,26.3,4.3,4.9,13.1,No
6/16/2007,86,81,28.1,6.5,3.3,Trace,No
6/17/2007,87,85,27.6,2.8,7.5,0.5,No
6/18/2007,74,84,28.1,5.5,13.5,0,No
6/19/2007,66,80,29.2,5.9,12.1,0,No
6/20/2007,45,79,29.6,6,12.2,0,No
6/21/2007,51,80,29.1,4.9,9.9,5.6,No
6/22/2007,49,76,29.9,5.9,6.3,0,No
6/23/2007,64,74,29.8,5.1,7.5,0,No
6/24/2007,68,75,30.2,4.8,13,0,No
6/25/2007,80,79,29.6,4.4,10.2,3.2,No
6/26/2007,73,82,29.2,7.8,6.5,15.3,No
6/27/2007,84,90,27.7,2.7,6.5,34.9,No
6/28/2007,91,94,26.4,2.9,6.8,53.2,No
6/29/2007,88,90,26.6,5.2,5.3,62.3,No
6/30/2007,87,92,25.9,5,8.3,59.3,No
7/1/2007,84,90,27.2,4.5,9.4,3,No
7/2/2007,86,88,27.7,7.7,11.6,15.5,No
7/3/2007,82,86,28.4,6.3,14.2,0.3,No
7/4/2007,77,86,28.3,4.8,11.8,19.3,No
7/5/2007,82,85,28.3,5,8.3,17.8,No
7/6/2007,69,82,29,5.6,6.5,5.5,No
7/7/2007,59,77,29.9,6.2,7.5,Trace,No
7/8/2007,48,75,29.8,5.8,5.3,0.3,No
7/9/2007,49,73,29.9,6.1,9.3,2.7,No
7/10/2007,53,74,29.7,4.6,14.7,0.4,No
7/11/2007,45,74,29.9,4.8,13.3,0,No
7/12/2007,50,74,29.9,5,11.4,0,No
7/13/2007,70,76,29.9,3.8,14.1,0,No
7/14/2007,67,74,30.6,6,11.3,0,No
7/15/2007,66,77,30.6,5.8,9,0.6,No
7/16/2007,78,78,30.1,4.8,7,0.8,No
7/17/2007,75,76,30.2,4.6,7.4,1.6,No
7/18/2007,84,77,29.9,4.3,9.1,3.7,No
7/19/2007,70,76,29.8,4.2,13.5,5.4,No
7/20/2007,63,76,29.6,4.3,14.2,0,No
7/21/2007,36,75,29.7,4.3,15.5,0,No
7/22/2007,38,75,30,5,14.3,0,No
7/23/2007,31,75,29.8,5.1,15,0,No
7/24/2007,53,74,29.9,5.8,10.7,0,No
7/25/2007,33,71,29.9,5.9,9.5,0,No
7/26/2007,35,71,29.7,6.4,6.9,0,No
7/27/2007,47,73,30.2,6.9,8.8,Trace,No
7/28/2007,47,75,30.7,6.1,11.8,Trace,No
7/29/2007,47,74,30.4,6.6,8.3,Trace,No
7/30/2007,59,74,30.1,4.8,7.2,Trace,No
7/31/2007,45,74,29.8,6.1,5.6,Trace,No
8/1/2007,46,72,29.9,5.1,11.1,0,No
8/2/2007,26,71,30.2,5.1,10.8,0,No
8/3/2007,25,71,30.8,6.9,9.6,0,No
8/4/2007,52,76,30.8,6.2,13.4,0,No
8/5/2007,73,81,29.3,5.3,12.3,7.7,Yes
8/6/2007,88,92,26.7,4.4,10.3,100.4,Yes
8/7/2007,73,87,28.3,6.8,10.9,17.4,Yes
8/8/2007,77,80,28.5,6.4,10.4,17.9,Yes
8/9/2007,88,93,26.7,3.5,15.9,33.6,Yes
8/10/2007,91,91,25.7,1.9,11.3,57.8,Yes
8/11/2007,93,91,26,1.7,13,39.9,Yes
8/12/2007,95,91,26.8,0.9,11.6,5.3,No
8/13/2007,88,87,28.1,4,9.5,Trace,No
8/14/2007,90,89,26.4,3.4,11.6,14.7,No
8/15/2007,88,86,26.7,3,7.6,10.9,No
8/16/2007,86,92,25.5,2.1,7.3,60.7,No
8/17/2007,69,85,27.1,5.9,14,27.9,No
8/18/2007,66,76,28.6,7.6,15.1,1.2,No
8/19/2007,68,78,28.9,7.3,13.6,0,No
8/20/2007,91,83,28.5,2,19.4,Trace,No
8/21/2007,88,80,28.6,1.5,16,Trace,No
8/22/2007,88,85,27.8,2.8,11.1,15.1,Yes
8/23/2007,84,82,28.4,2.2,5.8,Trace,Yes
8/24/2007,80,86,28,6.3,8.2,15.3,Yes
8/25/2007,86,86,27.7,5.7,6.2,10.3,Yes
8/26/2007,76,83,27.6,5.8,8.6,Trace,Yes
8/27/2007,84,89,27.6,4.4,14.7,25,No
8/28/2007,80,87,27.9,5.5,14.9,25.9,No
8/29/2007,70,85,28.3,6.2,13,1.3,No
8/30/2007,55,80,28.5,3.9,5.1,0.1,No
8/31/2007,31,75,28.9,6.2,4.5,0,No
9/1/2007,60,72,29.1,4.4,3.8,0,No
9/2/2007,84,83,27.4,4.3,7.1,3.7,No
9/3/2007,78,79,28.3,4.1,5,Trace,No
9/4/2007,84,82,27.7,4.2,6.3,2.3,No
9/5/2007,88,78,26.8,3.4,4.9,1.5,No
9/6/2007,87,69,26.7,3.4,6.6,0,No
9/7/2007,85,78,26.8,2.9,8.2,0.1,No
9/8/2007,83,79,27.4,3.9,14.8,Trace,No
9/9/2007,87,81,27.4,3.4,18.1,Trace,No
9/10/2007,84,80,27.5,2.4,20.5,Trace,No
9/11/2007,59,78,27.8,5.3,16.3,10.7,No
9/12/2007,54,76,27.2,5.7,16.9,Trace,No
9/13/2007,23,69,27.8,5.1,16.3,0,No
9/14/2007,52,70,28.4,5.2,6.3,0,No
9/15/2007,40,70,29.4,5.8,5.1,0,No
9/16/2007,76,80,28.5,3.6,8,6,No
9/17/2007,82,78,28,4,6.4,0.5,No
9/18/2007,35,51,28.9,5.5,11,0,No
9/19/2007,38,54,28.2,5.2,10.8,0,No
9/20/2007,74,58,27.8,5,12.3,0.1,No
9/21/2007,81,69,27.9,9,7.6,1.7,No
9/22/2007,73,62,28.7,6.6,12.7,0,No
9/23/2007,89,81,25.8,4,17.8,12.5,No
9/24/2007,90,94,25.4,1.8,20.8,60.1,No
9/25/2007,86,87,26.8,2.9,20.1,2.1,No
9/26/2007,65,79,27.3,4.6,17,1,No
9/27/2007,38,78,27.6,5.2,13.5,0,No
9/28/2007,51,78,27.9,5.8,12.7,0,No
9/29/2007,65,76,28.5,5.6,12.8,Trace,No
9/30/2007,79,74,29,5.3,14.3,0,No
10/1/2007,88,74,28.6,3.1,22.3,Trace,No
10/2/2007,88,85,26.8,3.5,32.8,17.6,No
10/3/2007,88,88,26.2,3.3,24.8,22.2,No
10/4/2007,78,75,27.4,4.6,15,0,No
10/5/2007,60,75,27.9,4.5,8.3,0,No
10/6/2007,22,68,29.1,4.8,14.2,0,No
10/7/2007,63,62,29.4,3.6,13.2,0,No
10/8/2007,84,69,28.9,4.7,8.7,0,No
10/9/2007,64,62,25.8,6.1,14.2,Trace,No
10/10/2007,84,70,25.6,4.3,13.4,2.1,No
10/11/2007,84,77,25.9,4.1,14.7,Trace,No
10/12/2007,88,79,25.9,3.3,16.7,0.2,No
10/13/2007,88,73,25.8,5.4,18.8,1.4,No
10/14/2007,88,78,25.4,3,13.8,0.2,No
10/15/2007,84,67,24.7,4.4,11.5,0,No
10/16/2007,73,62,24.3,5.2,10.5,0,No
10/17/2007,80,64,23.8,5.2,9.1,Trace,No
10/18/2007,65,72,24.1,4.8,11.5,Trace,No
10/19/2007,20,56,24.5,6.1,10.4,Trace,No
10/20/2007,18,60,24,5.1,14,0,No
10/21/2007,31,68,23.7,4.2,17.4,0,No
10/22/2007,42,71,24.1,5.2,13.1,0,No
10/23/2007,56,74,24.5,5.3,14.4,0,No
10/24/2007,35,71,25.3,6.4,17.7,Trace,No
10/25/2007,38,75,25.7,5.5,14.6,0,No
10/26/2007,23,71,25.7,6.8,10.5,0,No
10/27/2007,53,76,24.9,4,14.2,0,No
10/28/2007,77,76,24.6,3.8,11.5,0,No
10/29/2007,66,72,24.7,4.6,17.5,0,No
10/30/2007,89,82,23.3,4.8,11.8,6.3,No
10/31/2007,89,84,22.8,3.2,9.2,1.7,No
11/1/2007,93,84,20.1,3.9,11.3,2.1,No
11/2/2007,89,74,19,6.2,11.2,1.6,No
11/3/2007,75,62,21,5.8,8.2,Trace,No
11/4/2007,21,64,21.6,6.3,12.7,0.2,No
11/5/2007,54,53,21.8,6.3,10.7,0,No
11/6/2007,51,54,23.2,6.9,11.9,0,No
11/7/2007,86,56,22.7,3.4,13.3,Trace,No
11/8/2007,88,70,21.4,3.9,11.3,Trace,No
11/9/2007,45,64,23,5.6,9.9,0,No
11/10/2007,26,72,22.2,5.3,15.1,0,No
11/11/2007,51,71,21.6,4.4,19,0,No
11/12/2007,32,70,21,3.7,20.8,0,No
11/13/2007,27,70,21.1,5,17.9,0,No
11/14/2007,33,74,21.5,4.7,15.7,0,No
11/15/2007,47,73,21.9,5.5,13.5,0,No
11/16/2007,32,72,22.6,4.5,15.4,0,No
11/17/2007,56,75,22.7,4.2,16.7,0,No
11/18/2007,70,72,22.1,3.7,10.2,0,No
11/19/2007,72,67,20.5,4,8.1,Trace,No
11/20/2007,28,67,19.4,6,9.6,0,No
11/21/2007,53,66,20.8,5.6,12.1,Trace,No
11/22/2007,81,71,20.7,4.4,14.8,0,No
11/23/2007,71,69,20.6,4.8,12.6,0,No
11/24/2007,72,66,21,5.1,12.3,0,No
11/25/2007,84,65,21.7,4.7,6.8,0,No
11/26/2007,86,55,22.1,4.5,12.4,0,No
11/27/2007,48,38,19.4,5.9,14.5,0,No
11/28/2007,13,31,16.4,5.8,12.8,0,No
11/29/2007,13,39,16.8,6.1,5.6,0,No
11/30/2007,21,56,17.1,5.2,12.7,0,No
12/1/2007,50,73,18.4,5.2,15.2,0,No
12/2/2007,45,69,20.4,5.7,10.8,0,No
12/3/2007,20,61,20,5.3,8.6,0,No
12/4/2007,51,68,18.6,4.6,15.1,0,No
12/5/2007,85,67,18.7,3.1,14.6,0,No
12/6/2007,82,67,19.4,3.8,6.1,0,No
12/7/2007,52,64,19.2,4.9,7.7,0,No
12/8/2007,55,72,18.4,4,17.3,0,No
12/9/2007,81,74,19.1,4.4,14.2,0,No
12/10/2007,45,78,19.7,3.4,13.8,0,No
12/11/2007,45,70,21.1,5.5,8.2,0,No
12/12/2007,43,73,21.6,4.5,8.8,0,No
12/13/2007,31,74,21.4,4.9,6.8,Trace,No
12/14/2007,53,76,19.5,3.1,15.8,Trace,No
12/15/2007,43,78,19.3,4.1,17,0,No
12/16/2007,77,78,19.4,2.5,19.9,0,No
12/17/2007,73,70,21.2,5.8,7.9,Trace,No
12/18/2007,64,77,21,3.6,9.5,0,No
12/19/2007,88,82,19.6,1,5.6,Trace,No
12/20/2007,72,79,19.9,3.2,16.8,0,No
12/21/2007,56,80,21.2,4,14.2,0,No
12/22/2007,73,84,21.7,3.6,8,Trace,No
12/23/2007,92,88,20.1,2.2,14.3,1.1,No
12/24/2007,79,84,17.8,3.9,8.4,14.6,No
12/25/2007,73,72,17.3,3.4,8,0,No
12/26/2007,38,73,17.7,4.2,13.8,Trace,No
12/27/2007,18,74,18.2,4.1,12.2,0,No
12/28/2007,23,77,19.2,5.3,9.9,0,No
12/29/2007,57,66,18.1,5.1,9.8,0,No
12/30/2007,68,54,15.9,4.5,12.8,0,No
12/31/2007,23,41,14,4.7,12.6,0,No
1/1/2008,8,33,12.9,5.5,11.4,0,No
1/2/2008,11,42,12.9,5.8,9.4,0,No
1/3/2008,13,57,14.5,6.3,8.8,0,No
1/4/2008,17,73,15.7,4.8,11.1,0,No
1/5/2008,23,62,17,6.6,5.5,0,No
1/6/2008,31,76,17.8,4.8,12.9,0,No
1/7/2008,59,67,20.2,6.7,5.2,0,No
1/8/2008,79,72,20.8,4.1,11.3,Trace,No
1/9/2008,71,77,21.4,5.2,11.9,0,No
1/10/2008,89,85,20.8,1.6,13.8,Trace,No
1/11/2008,85,92,21.4,3.2,10.2,Trace,No
1/12/2008,42,78,22,6.2,5.1,0,No
1/13/2008,88,78,18.7,5.9,11.6,Trace,No
1/14/2008,84,66,15.3,3.7,11.2,Trace,No
1/15/2008,87,70,14.7,4,10.2,0.7,No
1/16/2008,81,62,14.2,4.8,13,Trace,No
1/17/2008,87,69,12.7,2.6,11.6,Trace,No
1/18/2008,83,78,14.7,3.8,17.6,Trace,No
1/19/2008,85,84,16.6,3.1,19.1,Trace,No
1/20/2008,40,83,18.4,6.1,10.3,Trace,No
1/21/2008,46,76,17.4,4.5,11,0,No
1/22/2008,69,74,17.1,3.9,7.4,Trace,No
1/23/2008,86,62,17.1,3.9,6.4,Trace,No
1/24/2008,90,77,14,5.8,11.7,0.5,No
1/25/2008,88,95,12.7,1.9,13.9,19.2,No
1/26/2008,88,89,13.6,3,12.8,Trace,No
1/27/2008,88,84,11.7,1.9,9.8,0,No
1/28/2008,93,87,13.8,5.1,7.5,Trace,No
1/29/2008,97,90,12.7,3.4,10.1,0.6,No
1/30/2008,95,96,11.9,4.9,11.2,10.4,No
1/31/2008,92,90,9.8,2.2,10.2,1.9,No
2/1/2008,91,85,11.2,1.9,12,0,No
2/2/2008,88,93,9.3,2.8,11.7,12.3,No
2/3/2008,78,70,11,6.4,7.7,0.3,No
2/4/2008,88,79,12.1,2.9,10.7,Trace,No
2/5/2008,89,87,12.6,1.9,12.3,1.6,No
2/6/2008,86,73,11.3,3.9,9.1,0.3,No
2/7/2008,88,80,9.9,3,7.5,0.5,No
2/8/2008,88,66,11.7,4.5,8,0,No
2/9/2008,45,55,11.3,6.9,8.2,0,No
2/10/2008,86,62,11.8,2.9,10.1,0,No
2/11/2008,88,67,11,4.1,10.1,Trace,No
2/12/2008,69,48,11,7.1,10.1,Trace,No
2/13/2008,84,54,11.6,4.5,10.2,Trace,No
2/14/2008,88,56,12.5,3.6,9.3,Trace,No
2/15/2008,62,59,12.6,5.5,9.8,0.3,No
2/16/2008,73,64,13.5,6.1,16.5,Trace,No
2/17/2008,81,74,15.1,6.4,16.6,0.4,No
2/18/2008,74,75,15.6,5.4,15.6,0,No
2/19/2008,53,78,14.9,5.7,10.7,Trace,No
2/20/2008,8,71,15.7,8.2,7.7,0,No
2/21/2008,24,71,16.6,8.5,15.2,0,No
2/22/2008,87,83,17.4,3.3,8,3.8,No
2/23/2008,88,92,18,4.4,12.2,7.1,No
2/24/2008,88,84,14.3,1.6,27.9,0.4,No
2/25/2008,88,85,15,3.6,18,0.5,No
2/26/2008,78,84,16.4,6.4,10.1,Trace,No
2/27/2008,38,66,13.5,6.3,9.4,Trace,No
2/28/2008,24,65,14.4,6,6.1,0,No
2/29/2008,80,61,15.2,3.6,5.6,Trace,No
3/1/2008,7,57,16.4,8.8,7.6,0,No
3/2/2008,15,58,18.2,10.6,4.4,0,No
3/3/2008,9,53,19.6,9.8,8.5,0,No
3/4/2008,6,56,18.4,6.1,15.8,0,No
3/5/2008,10,59,17.1,6.5,20,0,No
3/6/2008,76,61,17.7,6.7,14.4,0,No
3/7/2008,56,71,19.1,6.1,15.5,0,No
3/8/2008,26,71,18.6,7.6,17,0,No
3/9/2008,16,79,19.1,6.9,10.9,0,No
3/10/2008,48,77,19.2,6.7,14.7,0,No
3/11/2008,26,75,19.9,6.8,11,0,No
3/12/2008,25,80,20.4,5.8,12.4,0,No
3/13/2008,87,82,21.1,6.2,5.7,Trace,No
3/14/2008,88,77,21.5,6.2,10.9,Trace,No
3/15/2008,64,65,20.1,5.4,18.6,0,No
3/16/2008,68,78,20.9,6.6,12.3,0,No
3/17/2008,88,87,21.5,3.3,11.1,0,No
3/18/2008,87,88,21.7,5.6,7.9,Trace,No
3/19/2008,82,80,23,8.2,9.8,0,No
3/20/2008,87,77,20,2.3,25.9,Trace,No
3/21/2008,87,84,19.9,2.9,17.7,Trace,No
3/22/2008,85,93,20.1,1.4,11.3,28,No
3/23/2008,86,77,19.1,1.5,7,Trace,No
3/24/2008,52,66,20.7,6.6,11.1,0,No
3/25/2008,79,76,19.3,2.1,9.4,Trace,No
3/26/2008,79,84,17.8,3.7,3.5,10.7,No
3/27/2008,59,81,20,6.3,8.8,0,No
3/28/2008,91,93,22.1,3.2,9.2,13.8,No
3/29/2008,73,86,24.1,6,6.8,0,No
3/30/2008,87,89,23.8,3.2,3.8,Trace,No
3/31/2008,92,96,19,5.6,23.4,4.7,No
4/1/2008,98,96,17,0.7,25.7,4.3,No
4/2/2008,95,94,18.4,2.5,10.5,0.7,No
4/3/2008,99,97,18.6,1,14.8,1.4,No
4/4/2008,90,94,20.3,4.9,15.6,0.9,No
4/5/2008,71,89,22.6,6.3,10.8,Trace,No
4/6/2008,72,83,23.7,6.8,2.5,0,No
4/7/2008,71,82,25.4,6.7,7,0,No
4/8/2008,86,80,26.4,3.3,10.1,0,No
4/9/2008,85,83,26.3,2.4,7.6,Trace,No
4/10/2008,84,87,26.1,4,6.2,Trace,No
4/11/2008,88,89,23.3,4,16.4,Trace,No
4/12/2008,88,93,22.7,3.2,13.2,Trace,No
4/13/2008,92,94,22.5,1.2,11.5,1.3,No
4/14/2008,86,87,22.8,3.9,15.5,0,No
4/15/2008,66,81,23.6,6.6,13.2,0,Yes
4/16/2008,47,81,25.6,8.7,8.5,0,Yes
4/17/2008,81,84,25.3,5.7,13.9,Trace,Yes
4/18/2008,88,81,22.6,1.8,24.4,Trace,Yes
4/19/2008,93,94,22.1,4.8,18.3,237.4,Yes
4/20/2008,88,83,26.1,2.4,6.5,0,Yes
4/21/2008,80,85,26.2,3.9,3.3,Trace,No
4/22/2008,72,79,26.3,5.3,6,0,No
4/23/2008,88,74,22.2,4,8.2,0.4,No
4/24/2008,88,75,20.9,2.5,9.9,0.1,No
4/25/2008,88,79,21,1.2,9,0.7,No
4/26/2008,81,69,22.9,7.3,7.1,Trace,No
4/27/2008,88,85,23.2,2.5,11.7,Trace,No
4/28/2008,88,92,21.5,2.5,9,7.8,No
4/29/2008,85,79,22.5,3.7,12.9,Trace,No
4/30/2008,81,83,23.9,5.7,9.1,Trace,No
5/1/2008,88,83,24.6,3.5,2,Trace,No
5/2/2008,87,93,23.8,3,8.9,7.1,No
5/3/2008,88,92,25,5,9.7,2.2,No
5/4/2008,75,89,26.2,6,11,Trace,No
5/5/2008,86,88,26.1,8.7,10.3,4.5,No
5/6/2008,88,84,22.2,5.1,23.3,2.1,No
5/7/2008,84,88,24.2,5.4,15.2,Trace,No
5/8/2008,49,84,27,5.7,7.5,Trace,No
5/9/2008,65,81,27.8,5.1,10.4,0,No
5/10/2008,88,79,24.3,6.2,9.3,3.5,No
5/11/2008,88,83,22.4,4.2,10.5,Trace,No
5/12/2008,66,76,24.1,5.9,13.1,0,No
5/13/2008,7,63,24.6,7.5,17.6,0,No
5/14/2008,18,72,24.7,7,16.5,0,No
5/15/2008,15,68,24.6,7,14.5,0,No
5/16/2008,53,67,25.2,5.9,12.1,0,No
5/17/2008,77,65,25,4.8,9.2,0,No
5/18/2008,79,72,25.9,5.5,4.5,Trace,No
5/19/2008,88,92,23.2,4,5.9,20.1,No
5/20/2008,88,98,20.9,1.9,22.9,32.9,No
5/21/2008,87,91,22.9,5,15.8,Trace,No
5/22/2008,89,94,24.1,3.7,13.9,1.4,No
5/23/2008,74,86,26.8,7,6.4,0.3,No
5/24/2008,85,83,27.6,3.2,4.7,0.4,No
5/25/2008,84,83,27.7,2.6,6,0.3,No
5/26/2008,85,87,27.5,3.5,4,9.9,No
5/27/2008,82,81,28.3,3.5,5.3,Trace,No
5/28/2008,85,82,28.3,2,11.5,6.9,No
5/29/2008,90,87,27.8,4.8,8.3,60.6,No
5/30/2008,89,90,26.8,3.6,7.5,39,No
5/31/2008,88,91,26,2.5,9.2,0.7,No
6/1/2008,88,92,25.2,4.7,13.8,23.1,No
6/2/2008,87,95,25.5,3.7,6.8,36.6,No
6/3/2008,89,95,25.6,4.4,10.6,44.9,No
6/4/2008,84,95,24.9,1.9,10.4,18.3,No
6/5/2008,82,86,25.8,3.9,4.5,0.1,No
6/6/2008,96,96,24,2.1,7.1,130.8,No
6/7/2008,93,93,25.5,4.7,4.8,307.1,No
6/8/2008,81,86,27.6,2.9,3.1,0,No
6/9/2008,82,81,28.1,3.9,4.8,0,No
6/10/2008,84,81,28.2,3,6.9,4.5,No
6/11/2008,81,81,28.1,5.7,13.3,1.7,No
6/12/2008,88,81,28.4,5.1,6.3,7.2,No
6/13/2008,89,87,27.3,4.9,8.7,62.5,No
6/14/2008,89,93,25.3,3.2,4,80.8,No
6/15/2008,90,92,26.5,5.1,6.3,41.3,No
6/16/2008,88,96,26.3,2.5,6.3,32.3,No
6/17/2008,88,95,25.1,1.4,6.3,86.9,No
6/18/2008,88,93,25.6,3.1,5.6,24.8,Yes
6/19/2008,84,87,27.4,5.8,5.3,7.6,Yes
6/20/2008,53,79,28.7,6.1,4.1,0,Yes
6/21/2008,33,78,28.7,6.5,3.9,0,Yes
6/22/2008,38,77,28.7,6.3,8.1,0,Yes
6/23/2008,56,75,28.9,4.9,8.6,0,Yes
6/24/2008,82,79,28.8,3.1,19.5,0.6,Yes
6/25/2008,88,93,25.7,3.1,27.8,146.1,Yes
6/26/2008,91,89,26.3,3.6,14.4,100.4,Yes
6/27/2008,90,91,25.6,3.3,6.5,60,No
6/28/2008,86,93,25.9,4.3,7.7,35.5,No
6/29/2008,86,92,26.2,4.5,7.5,44.5,No
6/30/2008,88,93,26.2,4.9,7.1,48.5,No
7/1/2008,78,83,28.5,5.5,7,4,No
7/2/2008,61,78,28.8,5.2,5.1,Trace,No
7/3/2008,52,77,29.1,5.1,4.6,0,No
7/4/2008,56,79,29,5.6,8.9,0,No
7/5/2008,73,85,28.9,6.7,11.7,11.6,No
7/6/2008,85,96,25.8,4.7,12.7,54.4,No
7/7/2008,91,96,25.5,2.1,10.8,39.4,No
7/8/2008,90,90,26.8,4.1,7.5,51.3,No
7/9/2008,89,97,25.6,3.2,7,43.3,No
7/10/2008,90,93,26.2,4.3,6.4,59.9,No
7/11/2008,87,90,26.3,3.2,7.2,12.8,No
7/12/2008,91,92,25.1,4.3,5.3,114.3,No
7/13/2008,88,90,26.1,3.9,6.6,11.7,No
7/14/2008,84,88,27.6,6,6.7,30.7,No
7/15/2008,86,89,27.4,5.9,8.3,33.8,No
7/16/2008,70,84,28.2,4.9,7.6,Trace,No
7/17/2008,44,78,29.1,4.8,12,0,No
7/18/2008,83,80,29.2,3.1,16.8,Trace,No
7/19/2008,83,82,29.1,2.9,13.2,3.9,No
7/20/2008,81,78,29.6,4.4,10.1,0,No
7/21/2008,70,76,29.9,4.9,9.3,Trace,No
7/22/2008,66,75,29.5,3.3,9.8,Trace,No
7/23/2008,59,74,29.5,3.7,7.6,0,No
7/24/2008,23,72,29.6,4.9,12.3,0,No
7/25/2008,13,74,29.6,4.8,10.3,0,No
7/26/2008,20,71,30.2,4.8,10,0,No
7/27/2008,53,70,29.8,5.5,12.2,Trace,No
7/28/2008,40,71,31,6.3,12.9,Trace,No
7/29/2008,88,77,30.5,3.4,13.8,Trace,No
7/30/2008,85,82,29.2,2,13,Trace,No
7/31/2008,86,80,28.8,4.2,9.1,Trace,No
8/1/2008,76,84,28.2,4.7,13.9,Trace,No
8/2/2008,70,77,29.1,5.1,11,Trace,No
8/3/2008,57,75,29.7,6.6,10.8,0,No
8/4/2008,76,76,29.5,5.7,11.8,Trace,Yes
8/5/2008,93,80,27.7,3.4,18.3,6.1,Yes
8/6/2008,99,92,25.9,1.8,31,74.1,Yes
8/7/2008,90,91,26.5,4.6,16.6,72.3,Yes
8/8/2008,90,95,26,1.9,9.8,48.3,Yes
8/9/2008,83,80,27.8,5.8,6.2,0,No
8/10/2008,79,80,27.7,4.1,5.2,0,No
8/11/2008,93,90,25.7,2.6,6.3,17.7,No
8/12/2008,73,84,27.9,6.6,7.6,Trace,No
8/13/2008,34,75,29,4.8,8.9,0,No
8/14/2008,21,77,28.8,4.4,16.9,0,No
8/15/2008,52,77,29,4.4,15.6,0,No
8/16/2008,61,76,29.1,4.1,12.8,0,No
8/17/2008,58,76,29.5,5,7,Trace,Yes
8/18/2008,55,78,29.8,5.8,14.6,Trace,Yes
8/19/2008,47,78,29.5,5.9,12.1,Trace,Yes
8/20/2008,30,74,29.7,5.3,15,0,Yes
8/21/2008,80,71,30.6,5.3,9.9,Trace,Yes
8/22/2008,95,82,26.6,6.7,28.4,61.6,Yes
8/23/2008,82,81,25.6,4.5,16.2,36.9,Yes
8/24/2008,78,82,28,6,7.9,Trace,No
8/25/2008,73,80,28.7,5.3,6.7,Trace,No
8/26/2008,59,78,28.5,5,7,0,No
8/27/2008,41,72,28.9,5.3,7.2,0,No
8/28/2008,49,76,28.9,4.9,7.9,0,No
8/29/2008,39,77,29.1,5.8,8.4,0,No
8/30/2008,39,74,29.5,4.6,6.3,0,No
8/31/2008,80,75,29.4,4.2,12.2,0,No
9/1/2008,77,75,29.5,4.4,12.7,0,No
9/2/2008,88,85,27.9,4.3,9.5,6.7,No
9/3/2008,83,82,28.1,6.3,7.3,9,No
9/4/2008,84,77,28.4,4,5.2,Trace,No
9/5/2008,85,85,27.6,3.3,5.7,6.3,No
9/6/2008,79,86,27.3,5.9,9.4,25.8,No
9/7/2008,67,80,28.5,5.7,11,5.5,No
9/8/2008,67,75,28.3,5.2,14.4,Trace,No
9/9/2008,63,74,28.7,6,17,0.2,No
9/10/2008,53,71,29.3,6.3,9.1,0,No
9/11/2008,56,72,29.4,4,10.1,0,No
9/12/2008,55,68,30.3,4.3,6.4,0,No
9/13/2008,39,60,30.8,5.9,4.6,0,No
9/14/2008,60,60,30.4,3.7,8.4,0,No
9/15/2008,43,60,30.8,5.1,5.7,0,No
9/16/2008,30,64,30.4,5,4.5,0,No
9/17/2008,63,76,30.4,4.4,7.8,0,No
9/18/2008,78,81,29.2,5.8,8.5,1.6,No
9/19/2008,77,87,28.3,3.8,10,23.5,Yes
9/20/2008,49,80,29.5,5.1,11.4,0,Yes
9/21/2008,41,74,29.7,4.6,6.7,0,Yes
9/22/2008,37,72,31.2,6,11.3,0,Yes
9/23/2008,86,71,29.5,7.3,31.5,34.1,Yes
9/24/2008,89,88,27.1,4,19.2,43.7,Yes
9/25/2008,86,85,28.3,4.1,21,0.4,Yes
9/26/2008,70,79,28.8,6.1,16.2,0.1,No
9/27/2008,76,75,28.2,4.9,16.5,Trace,No
9/28/2008,62,70,27.6,7,9.1,2.3,No
9/29/2008,55,62,27.8,6.9,10.8,0,No
9/30/2008,72,63,27.7,5.6,6.3,0,Yes
10/1/2008,80,70,27,5.2,10.1,0,Yes
10/2/2008,83,80,27,5.3,15.7,3,Yes
10/3/2008,85,83,26.3,2.9,21.9,2.4,Yes
10/4/2008,89,86,27.4,5.5,12.7,14,Yes
10/5/2008,90,87,25.9,4.3,10.9,122.6,Yes
10/6/2008,81,75,24.2,3.2,18.3,Trace,No
10/7/2008,88,78,23.7,2.7,8.8,Trace,No
10/8/2008,85,78,25.5,3.6,16.3,0.5,No
10/9/2008,72,75,26.7,5,19.9,Trace,No
10/10/2008,40,73,27.4,5.3,16.8,0,No
10/11/2008,48,75,27.3,4.5,18,0,No
10/12/2008,88,74,26.2,1.5,21.8,Trace,No
10/13/2008,88,75,25.3,1.8,21.3,0.3,No
10/14/2008,83,74,26.1,5.4,14.4,Trace,No
10/15/2008,55,72,26.5,5.2,17.5,Trace,No
10/16/2008,57,76,26.8,5.9,8.9,0,No
10/17/2008,82,81,26.5,3.2,18.6,0.1,No
10/18/2008,77,77,27.1,4.5,18.5,0,No
10/19/2008,61,77,27,5.1,15.5,1.6,No
10/20/2008,49,74,26.9,4.7,19.5,Trace,No
10/21/2008,49,76,26.7,4.2,16.8,0,No
10/22/2008,33,78,26.8,5.6,11.8,0,No
10/23/2008,43,74,27.4,4.5,6,0,No
10/24/2008,76,75,27.3,3.7,16.2,Trace,No
10/25/2008,86,76,26.5,3.6,19.2,Trace,No
10/26/2008,44,79,27,5.2,12.7,0,No
10/27/2008,66,78,26.8,4.1,14.6,Trace,No
10/28/2008,57,76,26,4.5,16.9,0.1,No
10/29/2008,76,77,26.3,3.9,16.3,0,No
10/30/2008,72,78,27,4,14.7,0,No
10/31/2008,69,81,26.9,2.9,14.5,0,No
11/1/2008,86,82,26.3,1.4,18.2,0.2,No
11/2/2008,88,87,25.9,1.6,17.5,2.6,No
11/3/2008,84,85,24.9,3.6,11,51.2,No
11/4/2008,86,82,25.2,4.1,18.5,Trace,No
11/5/2008,85,84,25.5,2,17.5,0.3,No
11/6/2008,81,83,26.3,3.4,15.2,0,No
11/7/2008,57,82,26.9,4,12,Trace,No
11/8/2008,69,71,24.3,5.7,11.8,Trace,No
11/9/2008,73,64,20.7,3.8,19.3,Trace,No
11/10/2008,15,51,19.6,5.8,15,0,No
11/11/2008,10,47,19.4,6.9,11.7,0,No
11/12/2008,11,50,20,7,9.3,0,No
11/13/2008,27,63,22.3,6.1,12.3,Trace,No
11/14/2008,47,73,23.5,4.7,12.7,Trace,No
11/15/2008,52,76,23.9,4.8,11.4,0,No
11/16/2008,20,73,24.1,4.9,12.2,0,No
11/17/2008,25,75,23.3,4.1,15.7,0,No
11/18/2008,54,69,21.6,3.5,14.4,0,No
11/19/2008,54,59,18.9,4.7,14.2,0,No
11/20/2008,16,56,17.5,4.8,12.6,0,No
11/21/2008,20,62,19.7,6,13.4,0,No
11/22/2008,85,70,21.4,4.2,14.1,0,No
11/23/2008,78,75,22.9,5.1,7.3,Trace,No
11/24/2008,47,61,23,5.4,7.3,0,No
11/25/2008,56,61,21.3,4.8,13.1,0,No
11/26/2008,70,63,21.2,4.8,9.5,0,No
11/27/2008,34,37,19.4,5.9,18.4,0,No
11/28/2008,6,36,15.3,5.7,12.6,0,No
11/29/2008,3,36,16.9,6.5,11.2,0,No
11/30/2008,0,47,17.2,5.6,10.3,0,No
12/1/2008,5,64,18.3,5.6,9.3,0,No
12/2/2008,10,61,18.9,6.2,10.5,0,No
12/3/2008,57,69,19.9,4.1,15.6,Trace,No
12/4/2008,82,67,22,3.9,13.3,0.2,No
12/5/2008,63,49,17.8,3.9,13.2,Trace,No
12/6/2008,38,42,15.6,4,12.7,0,No
12/7/2008,55,55,15.7,4.7,14.5,0.4,No
12/8/2008,51,44,17.6,5.6,8.8,Trace,No
12/9/2008,8,54,18.1,6.5,4,0,No
12/10/2008,7,55,18.9,6,9.9,0,No
12/11/2008,28,54,20.3,6.4,5.1,0,No
12/12/2008,88,74,19.9,1.5,18.7,0,No
12/13/2008,79,65,21.6,4.6,5.3,0,No
12/14/2008,47,52,19.1,4.5,10.3,0,No
12/15/2008,12,64,16.5,4.7,11.2,0,No
12/16/2008,15,69,17,5.4,8.5,0,No
12/17/2008,13,65,18,6.2,7.5,0,No
12/18/2008,13,62,18.9,6.1,10.5,0,No
12/19/2008,44,65,19.3,5.1,17.1,0,No
12/20/2008,7,72,20.1,6.2,10.9,0,No
12/21/2008,37,61,21.1,4.6,10.8,0,No
12/22/2008,28,56,16.5,7.5,12.1,Trace,No
12/23/2008,68,61,14.1,5.4,11.1,0,No
12/24/2008,87,60,18,5.8,5,0,No
12/25/2008,76,67,19.6,4.5,8.3,0,No
12/26/2008,85,72,18.6,3,23.8,Trace,No
12/27/2008,88,74,19,2.9,15.2,Trace,No
12/28/2008,92,80,19.3,2.3,11.3,0.1,No
12/29/2008,88,75,20.6,5.4,5.7,2,No
12/30/2008,88,84,16.7,2.6,7.2,5.2,No
12/31/2008,88,73,14.5,3.7,12.2,1.1,No
1/1/2009,33,53,14.2,5.9,9.8,0,No
1/2/2009,10,56,13.7,5.5,13.7,0,No
1/3/2009,79,64,15.1,5.2,17.8,0,No
1/4/2009,58,70,17,6,12.5,Trace,No
1/5/2009,23,77,17.2,4.6,19.3,0,No
1/6/2009,56,77,17.5,4.1,20.7,0,No
1/7/2009,32,68,17.2,4.8,9,0,No
1/8/2009,4,60,15.2,6.3,11.1,0,No
1/9/2009,20,47,12.6,5.4,16.6,0,No
1/10/2009,0,33,12,5.6,12.9,0,No
1/11/2009,8,49,12.5,7,9.8,0,No
1/12/2009,7,45,13.8,6.7,13.1,0,No
1/13/2009,4,36,12.7,6.1,9.1,0,No
1/14/2009,3,47,12.4,6.2,10.9,0,No
1/15/2009,2,59,13.2,6,13.4,0,No
1/16/2009,7,66,14.4,6,11.5,0,No
1/17/2009,5,67,16.3,5.9,14,0,No
1/18/2009,22,75,18.8,8,3.3,0,No
1/19/2009,48,74,19.2,5,13.6,0,No
1/20/2009,71,75,18.1,4.3,23.2,0,No
1/21/2009,53,73,20,6.7,9.7,0,No
1/22/2009,48,74,18.7,6,9.4,0,No
1/23/2009,81,70,17.5,5.4,12.5,0,No
1/24/2009,88,53,11.6,3.5,13.6,0,No
1/25/2009,87,60,13.3,5.1,17.6,0,No
1/26/2009,88,66,14.6,3.6,18.7,0,No
1/27/2009,88,78,12.2,1.7,9.5,Trace,No
1/28/2009,81,83,15,4.5,13.8,Trace,No
1/29/2009,79,82,16.3,4.5,18.8,0,No
1/30/2009,34,73,16,4.4,10.7,0,No
1/31/2009,31,70,16.7,6.6,18.3,0,No
2/1/2009,81,74,17.5,4.5,18.8,Trace,No
2/2/2009,50,69,18.6,5.8,15.6,0,No
2/3/2009,10,73,19.6,6.3,5.3,0,No
2/4/2009,47,80,18.2,4.1,16.1,0,No
2/5/2009,36,80,19.1,6.5,14.3,0,No
2/6/2009,59,78,19.2,4.7,17.6,0,No
2/7/2009,34,75,19.1,6.3,14.1,0,No
2/8/2009,70,70,20.4,6.1,16,0,No
2/9/2009,36,74,20.3,6.7,10.9,0,No
2/10/2009,21,82,19.4,3.6,11,0,No
2/11/2009,42,80,20.2,7,8.9,0,No
2/12/2009,67,81,21.5,5.3,8.7,0,No
2/13/2009,85,81,23.8,3,7.4,0,No
2/14/2009,84,87,24,2.5,5.7,Trace,No
2/15/2009,88,91,22.4,4.7,10.3,0.1,No
2/16/2009,88,92,19.7,2.8,18.6,0.4,No
2/17/2009,88,81,18.4,4.1,25.4,Trace,No
2/18/2009,82,77,19.5,5.7,19.3,Trace,No
2/19/2009,62,87,19.4,5.4,13.9,0.3,No
2/20/2009,40,75,21.4,6.5,7.5,Trace,No
2/21/2009,81,80,18.8,3.6,23.6,Trace,No
2/22/2009,85,88,20.5,5.3,12.8,Trace,No
2/23/2009,80,89,22.7,6.2,12,0,No
2/24/2009,80,88,23.3,4.8,12.1,Trace,No
2/25/2009,55,83,23.7,6.8,12,Trace,No
2/26/2009,83,91,21.6,3.1,15.2,0.3,No
2/27/2009,82,85,21.6,6.3,16.1,Trace,No
2/28/2009,88,85,20.4,3.5,21,Trace,No
3/1/2009,88,88,19.1,1.9,18.1,0.8,No
3/2/2009,88,78,18.8,3,16,Trace,No
3/3/2009,88,79,18.8,2.5,15.3,Trace,No
3/4/2009,88,89,18.4,1.6,20,0.4,No
3/5/2009,88,95,19.4,2.7,13.9,38.5,No
3/6/2009,89,89,16.9,5.4,9.5,11.6,No
3/7/2009,88,85,14.6,2,11.5,0.2,No
3/8/2009,88,88,15.8,2,11.5,0.1,No
3/9/2009,86,76,17.2,3.5,7.7,0.4,No
3/10/2009,88,75,18,2.5,25.7,0,No
3/11/2009,88,84,19,3.2,22.4,Trace,No
3/12/2009,93,85,19.7,3.5,19.4,Trace,No
3/13/2009,89,84,20.1,10.4,12.7,Trace,No
3/14/2009,46,54,16.2,8.6,12.8,Trace,No
3/15/2009,47,66,18.2,8.3,11.4,0,No
3/16/2009,69,73,20.4,6.3,10.8,0,No
3/17/2009,40,79,21.8,7.8,8.1,0,No
3/18/2009,59,84,22.4,5.3,7.6,0,No
3/19/2009,68,85,22.9,5.8,6.8,0,No
3/20/2009,73,84,23.9,5.6,6.3,0,No
3/21/2009,89,90,22.6,2.9,13.7,0.1,No
3/22/2009,83,84,25.7,3.7,4.6,Trace,No
3/23/2009,88,89,23.9,6.6,13.2,Trace,No
3/24/2009,88,91,20.4,2.5,20.3,27.1,No
3/25/2009,89,89,18.5,2.6,18.1,27.9,No
3/26/2009,87,80,18.5,0.8,25.8,Trace,No
3/27/2009,88,93,19.5,2.1,18.3,10.4,No
3/28/2009,88,94,20.9,3.2,16.8,0.6,No
3/29/2009,88,89,19.7,2.6,17,2.6,No
3/30/2009,84,79,19.4,3.9,19.4,Trace,No
3/31/2009,87,78,19.7,5.9,14.5,Trace,No
4/1/2009,83,67,19.9,4.6,20.4,0,No
4/2/2009,85,70,18.4,4.1,30.2,Trace,No
4/3/2009,88,78,18.8,3.7,26.5,Trace,No
4/4/2009,85,79,21.5,5.3,14.7,Trace,No
4/5/2009,82,79,23.5,5.1,7.4,0,No
4/6/2009,88,82,19.1,4.2,13.1,8.1,No
4/7/2009,88,70,18.2,2.9,14.8,0.6,No
4/8/2009,84,75,20.8,6.6,15.8,0,No
4/9/2009,76,55,20.9,5.3,26,0,No
4/10/2009,74,61,20.9,4.4,22.5,0,No
4/11/2009,73,77,21.5,5,19,0,No
4/12/2009,88,84,21.9,3.7,12.7,Trace,No
4/13/2009,77,84,23.7,6.8,4.2,5,No
4/14/2009,45,80,24.7,6.7,8.8,0,No
4/15/2009,86,83,23.1,3.7,18,4.3,No
4/16/2009,72,88,23.1,4.6,9.8,2.9,No
4/17/2009,64,80,23.9,6.3,15.2,0,No
4/18/2009,86,86,21.9,2.1,23.6,34.1,No
4/19/2009,92,92,25.5,5.9,8,4.5,No
4/20/2009,70,75,27.2,4.5,7.2,0,No
4/21/2009,75,64,25.3,7.1,18,1.5,No
4/22/2009,88,76,22.4,3,26.5,Trace,No
4/23/2009,94,86,22.2,2.5,21,0.2,No
4/24/2009,89,89,22.8,2.8,16.7,Trace,No
4/25/2009,91,94,22.8,4.2,9.1,43,No
4/26/2009,88,92,19.2,1.3,15.4,4.5,No
4/27/2009,84,71,21,5.4,22.8,0,No
4/28/2009,36,60,21.9,5.8,28.3,0,No
4/29/2009,70,69,21.9,5.6,20.9,0,No
4/30/2009,68,68,22.7,5.3,21.2,Trace,No
5/1/2009,34,69,23.3,7.2,21.5,0,No
5/2/2009,16,63,23.7,6.8,13.8,0,No
5/3/2009,52,73,24.2,7.3,11.5,Trace,No
5/4/2009,80,79,23.6,7,13.5,0.3,No
5/5/2009,51,71,24,6.2,18.1,0,No
5/6/2009,53,72,23.5,5.9,20.8,0,No
5/7/2009,29,58,24.2,8.5,19.2,0,No
5/8/2009,42,70,24.3,7,15.1,0,No
5/9/2009,66,76,25.2,6.4,16.8,Trace,No
5/10/2009,88,82,25.4,4.6,14.3,Trace,No
5/11/2009,68,81,26.5,6.6,14,0,No
5/12/2009,53,78,27,6.7,8.1,0,No
5/13/2009,53,78,27.1,6.5,9.5,Trace,No
5/14/2009,63,77,26,5.2,16.3,Trace,No
5/15/2009,59,77,26.3,5.9,12.7,0,No
5/16/2009,75,82,25.8,3.9,9.2,0.1,No
5/17/2009,77,80,27.3,5.9,7,0.2,No
5/18/2009,74,75,28.5,5.6,9,0,No
5/19/2009,79,76,28.6,5.1,6.2,0.3,No
5/20/2009,88,78,27.6,6.7,8,10.9,No
5/21/2009,83,84,27.5,6.1,10.4,1.4,No
5/22/2009,85,82,27.7,3.4,16.6,2.3,No
5/23/2009,91,93,25.7,2.5,24,62.3,No
5/24/2009,93,94,25.5,2,18.3,61.2,No
5/25/2009,94,94,24.9,1.3,14.5,29.8,No
5/26/2009,86,94,25.3,2.9,11.2,20.2,No
5/27/2009,84,92,25.5,5.5,16,39.2,No
5/28/2009,88,87,23.5,2.2,24,11.5,No
5/29/2009,88,86,22.2,2.9,17.1,5.5,No
5/30/2009,81,59,25.3,7.6,5,0,No
5/31/2009,86,67,26.4,3.5,7.5,0,No
6/1/2009,54,71,26.9,6.5,7.6,0,No
6/2/2009,78,77,27.1,4.2,4.9,Trace,No
6/3/2009,88,81,28.2,3.7,9.4,10.4,No
6/4/2009,61,76,27.6,5.7,14.5,36.8,No
6/5/2009,29,74,27.8,5.1,8.7,0,No
6/6/2009,23,74,28.6,6.7,7.8,0,No
6/7/2009,63,78,27.7,4.5,14,Trace,No
6/8/2009,86,81,27.5,4.7,12.5,11.2,No
6/9/2009,81,87,26.9,4.2,7.2,16.5,No
6/10/2009,80,83,28.3,5.2,6.6,Trace,No
6/11/2009,89,85,26.6,3.1,6.1,49.2,No
6/12/2009,88,84,27,4.9,5.1,7.9,No
6/13/2009,84,81,29,3.2,7,Trace,No
6/14/2009,88,88,27.6,4.6,7.6,24,No
6/15/2009,88,92,26.6,4.8,12.4,17.3,No
6/16/2009,88,90,27.4,3.9,15.6,6.1,No
6/17/2009,56,80,28.8,5.8,11.5,Trace,Yes
6/18/2009,61,77,29,4.5,6.2,0,Yes
6/19/2009,65,81,29.1,5.6,10,5.7,Yes
6/20/2009,68,73,29.9,4.8,7.3,0,Yes
6/21/2009,84,78,30.1,5,14.7,0,Yes
6/22/2009,86,82,29.6,2.6,13.3,15.7,Yes
6/23/2009,84,80,29.8,4.3,6.9,12.5,Yes
6/24/2009,88,83,29.1,4.8,6.3,8.5,Yes
6/25/2009,84,82,28.8,3.2,7.1,6.6,Yes
6/26/2009,88,88,27.7,3.9,19.7,17.7,Yes
6/27/2009,89,88,26.7,3,12.8,46.9,Yes
6/28/2009,86,91,26.3,3.7,9,48.7,No
6/29/2009,83,81,29,4.5,6.4,Trace,No
6/30/2009,83,75,29.6,3.4,8.3,0.1,No
7/1/2009,63,73,29.6,4.4,11.4,0,No
7/2/2009,74,75,29.6,3.1,14.7,Trace,No
7/3/2009,86,76,29.5,2.2,12.3,0.5,No
7/4/2009,90,83,28.5,4.4,6.3,17.4,No
7/5/2009,88,94,25.8,3.8,11.5,49.6,No
7/6/2009,77,86,27.8,8.1,11.2,31.2,No
7/7/2009,57,77,29.2,5.7,8.4,20.1,No
7/8/2009,35,75,29.5,4.8,8.6,0,No
7/9/2009,20,72,29.7,4.8,12,0,No
7/10/2009,30,75,30.2,5.5,13.2,Trace,Yes
7/11/2009,84,80,28.9,4.3,25.7,8.1,Yes
7/12/2009,60,79,29.6,5,18.2,Trace,Yes
7/13/2009,53,77,29.6,5.4,7.8,0,No
7/14/2009,72,78,29.2,3.2,11.6,0,No
7/15/2009,78,83,29.4,5.3,18.3,4.8,Yes
7/16/2009,72,83,29.2,5,20,0.8,Yes
7/17/2009,39,73,29.9,4.8,12.1,0.4,Yes
7/18/2009,72,78,29.4,8.3,15.6,11.7,Yes
7/19/2009,90,89,26.4,3.7,16.7,124.6,Yes
7/20/2009,73,87,28.4,5.8,12.9,8.1,No
7/21/2009,62,83,29,5.3,14.5,0.6,No
7/22/2009,51,80,28.9,5.1,9.3,0,No
7/23/2009,67,81,28.9,5.2,4.3,7.6,No
7/24/2009,84,79,29.5,3.1,10.7,2.6,No
7/25/2009,82,80,29.6,4,9.2,8.3,No
7/26/2009,86,85,29.1,5.7,5.4,24.1,No
7/27/2009,81,86,28.7,5.5,6.1,33.6,No
7/28/2009,82,84,29.3,6,7.5,10.2,No
7/29/2009,78,82,29.9,5.4,11.8,2.4,No
7/30/2009,79,88,28.9,4.1,18.6,14,No
7/31/2009,71,83,29.3,5.6,18.2,8.7,No
8/1/2009,64,71,30.3,4.7,6.8,0,Yes
8/2/2009,83,80,30.8,5.8,6.2,0,Yes
8/3/2009,81,80,29.9,7.3,19.2,21.4,Yes
8/4/2009,88,90,28,2.9,27.6,21.3,Yes
8/5/2009,89,90,27.6,3,10.1,92.5,Yes
8/6/2009,74,85,29,3.4,8.3,8.3,Yes
8/7/2009,81,78,29.6,5.2,11.4,0,Yes
8/8/2009,82,78,30.4,6,15.9,0,Yes
8/9/2009,81,76,30.3,3.3,12.6,0,Yes
8/10/2009,86,87,29.2,5,6,21.8,No
8/11/2009,88,91,28.1,3.4,7.3,32.2,No
8/12/2009,89,88,27.3,1.9,5.7,3.1,No
8/13/2009,90,91,26.4,2.8,4.6,70.7,No
8/14/2009,84,88,27.8,5.1,4.5,44.9,No
8/15/2009,74,80,29.3,4.3,4.1,0,No
8/16/2009,67,77,29.9,4.9,7.3,0,No
8/17/2009,80,81,29.1,3,6.5,2,No
8/18/2009,74,85,28.7,4.1,7.8,12.7,No
8/19/2009,61,82,29.4,4.3,7.5,0.3,No
8/20/2009,40,74,29.8,5.1,7.7,0,No
8/21/2009,21,70,30.1,4.9,10,0,No
8/22/2009,27,73,30,4.2,11,0,No
8/23/2009,48,75,30.4,5.6,8.6,Trace,No
8/24/2009,73,72,30.1,4.7,11.4,0,No
8/25/2009,80,78,29.9,5,15.5,Trace,No
8/26/2009,60,79,30,4.9,10.7,Trace,No
8/27/2009,55,78,30,4.8,6.2,Trace,No
8/28/2009,23,73,30.4,5.5,11.3,0,No
8/29/2009,62,78,30.3,3.9,10.4,Trace,No
8/30/2009,64,77,30.4,5.6,9.3,2.4,No
8/31/2009,58,74,29.9,6.7,9.8,0.5,No
9/1/2009,67,74,29.9,5.6,13.2,Trace,No
9/2/2009,57,72,30,6.4,16,Trace,No
9/3/2009,69,71,30.6,5.9,17.5,Trace,No
9/4/2009,81,74,30,5.3,10.6,Trace,No
9/5/2009,41,71,30.1,5.6,15.6,Trace,No
9/6/2009,32,72,29.9,5.8,14.6,0,No
9/7/2009,28,74,30,6.6,13.9,0,No
9/8/2009,30,73,29.9,6.9,13.1,0,No
9/9/2009,82,78,29,6.3,17,37.1,Yes
9/10/2009,84,72,28.8,4.3,28.9,0.9,Yes
9/11/2009,86,86,27.5,2.1,24.1,11.8,Yes
9/12/2009,76,84,28.5,5.9,17.1,5.7,Yes
9/13/2009,74,79,29.4,6.5,9,23.4,Yes
9/14/2009,86,86,27.3,4.6,30.1,38.8,Yes
9/15/2009,91,91,26.5,5,15.2,190.3,Yes
9/16/2009,84,89,27.9,3.2,6.6,20.5,Yes
9/17/2009,60,82,29,4.9,6.2,Trace,No
9/18/2009,30,78,29.6,5.2,11.8,0,No
9/19/2009,47,77,30.6,4.6,9.2,0,No
9/20/2009,75,79,30.1,4,9,Trace,No
9/21/2009,81,81,28.9,5,5.5,9.5,No
9/22/2009,84,76,28.2,5.2,8,1.3,No
9/23/2009,53,73,28.6,6.6,14.3,0,No
9/24/2009,60,74,29.2,4.8,23.3,Trace,No
9/25/2009,41,73,29.2,4.6,19,0,Yes
9/26/2009,51,74,29.6,6.1,10.4,0.3,Yes
9/27/2009,77,72,29.1,3.2,13.9,0,Yes
9/28/2009,92,87,26.2,4.8,18.4,52.7,Yes
9/29/2009,87,92,24.9,1.6,20.1,31,Yes
9/30/2009,88,90,26.3,3.3,11.8,63,Yes
10/1/2009,79,80,27.5,6.6,5.2,0,No
10/2/2009,57,73,28,5.6,10.3,Trace,No
10/3/2009,56,71,27.7,4.5,6.4,0,No
10/4/2009,53,57,28,6.1,7,0,No
10/5/2009,42,51,28.1,6,9.2,0,No
10/6/2009,68,57,28.4,6.2,9.4,0,No
10/7/2009,52,70,27.7,6.4,5.4,25.4,No
10/8/2009,59,72,26.2,3.5,9.7,0,No
10/9/2009,54,66,26.6,5.2,4.1,0,No
10/10/2009,28,66,26.8,5.9,11,0,No
10/11/2009,86,80,25.9,4.8,21.7,5.1,No
10/12/2009,87,84,25.3,3.7,22.1,1.5,No
10/13/2009,73,78,26.7,3.9,20.7,Trace,No
10/14/2009,88,87,25.6,2.7,16.5,9.5,No
10/15/2009,81,78,25.6,5.2,15.3,0,No
10/16/2009,80,79,25.8,3.8,15.1,Trace,No
10/17/2009,38,74,26.5,6.3,13.3,0,No
10/18/2009,45,71,26,4.1,20.6,0,No
10/19/2009,87,83,25.8,2.2,18.4,2,No
10/20/2009,88,83,24.5,2.3,24.9,0.9,No
10/21/2009,88,78,24.9,2.9,16.4,0,No
10/22/2009,57,74,25.7,4.2,7.9,0,No
10/23/2009,21,66,26.3,5.8,5.9,0,No
10/24/2009,28,71,26.2,3.6,7.8,0,No
10/25/2009,61,77,26,3.5,6.2,Trace,No
10/26/2009,47,76,25.2,3.6,13,Trace,No
10/27/2009,61,73,24.4,3.2,20.4,0,No
10/28/2009,40,73,24.5,4.8,16.1,Trace,No
10/29/2009,36,73,24.8,4.7,16.5,0,No
10/30/2009,48,76,24.8,4.6,13.8,0,No
10/31/2009,41,68,25.7,5.8,12,0,No
11/1/2009,45,69,26.3,5.9,10.9,0,No
11/2/2009,41,45,22.9,6.6,22.2,0,No
11/3/2009,52,47,18.5,5.4,14.2,0,No
11/4/2009,51,53,21,7.3,7.4,0,No
11/5/2009,55,67,23.5,6.2,8.9,0,No
11/6/2009,63,79,24.2,4.8,13.4,0,No
11/7/2009,82,79,25,3.8,14.3,0,No
11/8/2009,80,85,25.3,2.4,11.3,Trace,No
11/9/2009,78,85,25.6,2.9,10.8,Trace,No
11/10/2009,29,78,26.4,4.1,7,Trace,No
11/11/2009,74,80,26.2,4.1,8.3,Trace,No
11/12/2009,82,82,25.8,5.1,9,5.2,No
11/13/2009,45,75,19,6.3,17.5,0.2,No
11/14/2009,83,74,17.6,3.9,11.5,Trace,No
11/15/2009,88,86,19.6,2.4,18.7,20.2,No
11/16/2009,93,88,17.4,7.9,11.1,34.8,No
11/17/2009,88,67,12.2,2.7,17.5,0,No
11/18/2009,87,72,12.3,6.2,13,0,No
11/19/2009,58,66,14.9,6.2,11.6,Trace,No
11/20/2009,68,62,15.5,5.4,13.9,0,No
11/21/2009,72,59,14.5,4.9,13.4,0,No
11/22/2009,42,56,15.9,6.1,9.4,0,No
11/23/2009,33,69,18.8,6.7,8.5,0,No
11/24/2009,17,78,20.4,5.9,5.5,0,No
11/25/2009,39,82,20.7,5,12.6,0,No
11/26/2009,86,82,21.2,2.5,18.3,0,No
11/27/2009,60,77,22,4.8,10.5,0,No
11/28/2009,42,76,21.1,3,19.9,0,No
11/29/2009,71,75,20.9,3.7,10.8,Trace,No
11/30/2009,29,73,19.7,4.3,8.5,Trace,No
12/1/2009,26,74,19,5.1,8.9,0,No
12/2/2009,55,73,19.8,3.8,10.8,0,No
12/3/2009,11,60,17.4,4.6,11.3,0,No
12/4/2009,26,67,17.6,4.4,9,0,No
12/5/2009,16,58,17.3,5.3,10.4,0,No
12/6/2009,43,71,18.4,4,19.1,Trace,No
12/7/2009,84,85,17.9,2.3,20.1,5.5,No
12/8/2009,88,94,18.6,2,15.8,14.1,No
12/9/2009,88,91,19.7,1.7,5.3,0.4,No
12/10/2009,60,84,20.3,4.7,6.8,Trace,No
12/11/2009,64,84,21,4.6,12.1,Trace,No
12/12/2009,84,84,20.4,1.1,17.6,Trace,No
12/13/2009,44,83,20.6,3.8,8.8,0,No
12/14/2009,72,85,19.8,2.5,20.3,1,No
12/15/2009,84,89,19,4.8,18.1,9.6,No
12/16/2009,81,84,13.9,3.1,9,3.8,No
12/17/2009,85,75,12.9,2.6,11.5,Trace,No
12/18/2009,88,76,12.5,2.4,9.2,Trace,No
12/19/2009,86,67,13.3,3.8,9.6,0,No
12/20/2009,60,50,13.8,5.2,8.8,0,No
12/21/2009,78,55,14.7,4.2,13,0,No
12/22/2009,38,72,16,4.1,16.3,0,No
12/23/2009,82,76,18,4.6,12,0,No
12/24/2009,24,84,20,4.8,7.5,0,No
12/25/2009,48,81,19.9,4.4,3.6,0,No
12/26/2009,80,78,18.1,2,18.3,0,No
12/27/2009,83,86,15.7,8,15.9,3.1,No
12/28/2009,87,85,12.2,5.2,9.5,5.7,No
12/29/2009,88,92,15.5,3.1,20.8,3.5,No
12/30/2009,87,93,17.2,1.5,9.8,2.5,No
12/31/2009,86,84,16.2,1.6,25.2,1,No
1/1/2010,84,73,16.2,3.1,23.2,Trace,No
1/2/2010,88,88,17.4,3.9,11.4,5.2,No
1/3/2010,85,87,17,2.5,11.9,3.5,No
1/4/2010,68,81,17.9,4,13.3,0,No
1/5/2010,85,84,17.3,2.6,25,0.8,No
1/6/2010,88,90,15.8,2.4,16.6,1.2,No
1/7/2010,88,84,13.7,2.1,12.5,0.5,No
1/8/2010,88,80,13.7,3.9,7.6,0.9,No
1/9/2010,76,78,15.1,3.5,18.3,0,No
1/10/2010,86,80,17.4,3.4,16.6,Trace,No
1/11/2010,80,89,15,6.2,9.7,12.5,No
1/12/2010,21,63,12.1,5.3,13.3,0,No
1/13/2010,45,53,12.9,6.1,10.9,0,No
1/14/2010,57,66,14.5,3.3,17.8,Trace,No
1/15/2010,36,68,15.8,4.6,17.5,0,No
1/16/2010,47,66,16.7,4.7,12,0,No
1/17/2010,38,77,16.5,5.2,14,0,No
1/18/2010,50,78,16.9,4.9,17.1,0,No
1/19/2010,85,80,18.1,4.3,16.9,0,No
1/20/2010,88,83,21.3,3.1,7.3,Trace,No
1/21/2010,81,87,22.3,2.7,4.8,0,No
1/22/2010,85,86,18.3,5.1,21.1,Trace,No
1/23/2010,88,86,15.5,1.7,13.6,Trace,No
1/24/2010,88,85,15.7,2.6,12.5,Trace,No
1/25/2010,87,78,18.4,5.6,7.6,0,No
1/26/2010,88,79,16.1,2.4,15.9,Trace,No
1/27/2010,87,84,16.9,3.4,18.8,Trace,No
1/28/2010,83,91,19.4,5,6.9,Trace,No
1/29/2010,84,89,18.4,2.1,16.7,Trace,No
1/30/2010,78,84,18.6,3.5,15.2,0,No
1/31/2010,46,83,21.4,5.3,8.5,0,No
2/1/2010,76,84,21.6,4.1,4.1,0,No
2/2/2010,86,89,19,2.6,13,Trace,No
2/3/2010,88,89,18.2,2.5,19.9,Trace,No
2/4/2010,89,91,17.2,1.8,21.5,0.4,No
2/5/2010,90,89,17.4,1.1,21.5,Trace,No
2/6/2010,92,90,17.5,1.1,21.3,Trace,No
2/7/2010,92,96,17.1,1.3,18.5,94.1,No
2/8/2010,88,97,18,1.8,13.5,7.1,No
2/9/2010,87,93,21.6,4.8,11.5,0,No
2/10/2010,84,85,24.1,3,4.7,Trace,No
2/11/2010,85,81,25,3,7.8,Trace,No
2/12/2010,87,79,16.7,12.6,13.7,Trace,No
2/13/2010,92,89,13.2,3.2,22,1.7,No
2/14/2010,96,97,15.4,1.7,14.2,2.3,No
2/15/2010,92,93,12.6,4.4,9,0.6,No
2/16/2010,88,88,10.2,2.1,11.9,0.6,No
2/17/2010,88,87,9.7,1.6,10.1,1,No
2/18/2010,94,84,9.1,2.3,10.1,0.8,No
2/19/2010,92,89,9.5,3.5,7,3.7,No
2/20/2010,88,80,13.2,5.2,9.5,Trace,No
2/21/2010,84,80,15.9,4.7,14.9,Trace,No
2/22/2010,88,87,17.7,2.4,12.3,0.1,No
2/23/2010,86,86,20.1,5.9,8.9,0,No
2/24/2010,87,88,22.3,4.2,7.8,Trace,No
2/25/2010,88,87,24.5,3.4,7.1,0.4,No
2/26/2010,88,88,24.6,2.8,4.9,0.3,No
2/27/2010,86,89,24.7,4,3.8,Trace,No
2/28/2010,87,91,23.9,4.2,13,Trace,No
3/1/2010,88,94,22.1,2.9,12.7,0,No
3/2/2010,83,87,24.6,3.7,7.3,0,No
3/3/2010,84,88,24.7,3.6,10.6,0,No
3/4/2010,86,88,24.5,2.8,10.4,0.1,No
3/5/2010,84,82,25.8,3.4,6.2,Trace,No
3/6/2010,82,84,25.7,2.8,5.3,Trace,No
3/7/2010,94,92,18.9,8.5,14.1,4.9,No
3/8/2010,98,94,16.7,4.6,18.4,0.5,No
3/9/2010,88,75,10.5,4.4,15,2.7,No
3/10/2010,35,48,12.1,8.7,12.6,0,No
3/11/2010,41,63,15.4,7.7,10.6,0,No
3/12/2010,84,85,16.8,2.1,11.6,0.4,No
3/13/2010,89,93,18.8,2.9,13.7,Trace,No
3/14/2010,88,96,20,2.7,15.5,Trace,No
3/15/2010,65,92,22.9,5.8,5.5,Trace,No
3/16/2010,85,86,19.2,4.1,13.2,Trace,No
3/17/2010,87,77,19,3.4,14.1,0,No
3/18/2010,60,79,20.9,5.7,8,0,No
3/19/2010,29,78,21.2,6.3,8.2,0,No
3/20/2010,79,82,21.9,4.8,5.5,Trace,No
3/21/2010,50,80,22.7,8,9.4,0,No
3/22/2010,66,77,21.5,6.2,17.9,0,No
3/23/2010,82,88,22.9,5.6,10.2,0,No
3/24/2010,71,86,24.4,8.8,12.1,Trace,No
3/25/2010,88,71,16.7,5.5,14.6,8.9,No
3/26/2010,28,52,17.5,6.2,17.3,0,No
3/27/2010,86,67,18.3,4.4,14,0,No
3/28/2010,32,66,19.9,7.7,12,0,No
3/29/2010,72,63,18.5,2.3,25.3,0,No
3/30/2010,87,83,19,2.6,20.9,Trace,No
3/31/2010,77,84,21.6,5,14.9,Trace,No
4/1/2010,82,89,23,5.1,10.4,Trace,No
4/2/2010,87,92,21.2,6.4,11.3,2,No
4/3/2010,88,88,18.1,0.8,26.5,Trace,No
4/4/2010,87,92,18.8,2.4,18.1,Trace,No
4/5/2010,87,95,20.5,2.3,12,Trace,No
4/6/2010,88,93,22.9,4.6,9.8,Trace,No
4/7/2010,88,91,19.6,4.3,27,1.8,No
4/8/2010,89,88,17.3,2.8,15.3,9.6,No
4/9/2010,85,87,19.3,3.3,11.8,Trace,No
4/10/2010,90,96,19.3,1.2,18.9,1.7,No
4/11/2010,84,91,23.6,6.3,8.4,Trace,No
4/12/2010,78,87,26.1,4,6.6,0,No
4/13/2010,83,91,24.6,10,16.1,0.9,No
4/14/2010,89,90,19.1,1.7,26.6,0.3,No
4/15/2010,87,94,16.6,6.2,10.1,8.2,No
4/16/2010,88,83,16.5,4,10.4,Trace,No
4/17/2010,88,84,18.4,3.2,20.9,2,No
4/18/2010,88,92,19.2,2.6,20.2,3.1,No
4/19/2010,80,89,22,5.3,15.8,Trace,No
4/20/2010,84,94,23.3,3.9,12.8,1.1,No
4/21/2010,85,87,26,4.7,8.9,0,No
4/22/2010,87,87,24.4,7.3,10,6.8,No
4/23/2010,74,70,21,7.2,12.2,0,No
4/24/2010,63,67,21.4,5.2,23.2,Trace,No
4/25/2010,84,73,20.6,4.4,26.7,0,No
4/26/2010,86,80,21.8,4.3,12.7,0.2,No
4/27/2010,85,76,21.6,5,9.2,Trace,No
4/28/2010,85,81,22.8,4.6,5.9,Trace,No
4/29/2010,87,89,21.1,6.1,16,40.6,No
4/30/2010,78,84,21.3,7.8,18.5,0.6,No
5/1/2010,71,82,23.5,7.3,9.6,0,No
5/2/2010,45,80,24.8,6.2,4.6,0,No
5/3/2010,46,82,24.2,5.6,14.8,0,No
5/4/2010,84,88,24.1,3.8,13.6,Trace,No
5/5/2010,88,87,25.9,4.2,9.8,Trace,No
5/6/2010,85,87,27.3,2.7,6.2,0.2,No
5/7/2010,87,92,25.3,5.3,11.3,29.1,No
5/8/2010,84,92,25.6,2.7,11.3,0,No
5/9/2010,84,86,27,5.4,8.2,3.9,No
5/10/2010,84,94,23.9,4.5,9.9,27.6,No
5/11/2010,91,89,23.9,3.8,16.4,0.3,No
5/12/2010,88,87,24,3.4,19.5,Trace,No
5/13/2010,88,90,23.9,3.5,17.3,0.7,No
5/14/2010,87,93,24.5,2,13.5,Trace,No
5/15/2010,88,92,23.9,3.5,18.4,11.9,No
5/16/2010,85,92,24.1,4.2,18.4,0.8,No
5/17/2010,80,89,25.2,3.2,14.4,Trace,No
5/18/2010,72,85,27.3,4.6,7.3,Trace,No
5/19/2010,79,89,26,6.2,6.3,55.7,No
5/20/2010,73,87,25.9,7.3,9,8.1,No
5/21/2010,82,84,28.5,4.4,6.3,Trace,No
5/22/2010,86,82,29,1.4,12.8,Trace,No
5/23/2010,81,80,26,5.1,17.1,10.1,No
5/24/2010,30,65,25.6,6.8,11.9,0,No
5/25/2010,32,75,25.9,6.5,14.6,0,No
5/26/2010,72,77,26.6,5.8,18.7,0,No
5/27/2010,84,86,26.1,2.5,13.1,Trace,No
5/28/2010,74,84,26.9,4.7,15.9,0,No
5/29/2010,87,89,27,4.6,11.3,22.6,No
5/30/2010,87,91,26.5,3.4,6.9,5.3,No
5/31/2010,88,89,24.7,1.8,17.2,0.3,No
6/1/2010,88,84,24.2,5.6,24.5,16.1,No
6/2/2010,93,97,21.7,3,22.7,29.3,No
6/3/2010,86,90,22.7,4.8,7.1,1,No
6/4/2010,89,85,24.7,4,4.8,Trace,No
6/5/2010,84,85,24.9,5.1,9.9,8.2,No
6/6/2010,59,80,25.2,4.7,13.6,0,No
6/7/2010,49,80,25.5,4.6,14.8,0,No
6/8/2010,84,84,25.6,4.7,16.8,Trace,No
6/9/2010,87,93,25.6,2.8,9,16.7,No
6/10/2010,92,97,25.4,1.7,8,58.4,No
6/11/2010,83,87,27.2,4.6,7.1,Trace,No
6/12/2010,85,83,28.1,4.9,6.7,Trace,No
6/13/2010,84,87,28.4,3.6,12.1,29,No
6/14/2010,86,83,29.3,4.1,15.1,6.4,No
6/15/2010,86,84,29.3,1.5,16.5,0.1,No
6/16/2010,86,83,29.4,2.8,12.6,3.8,No
6/17/2010,83,80,29.7,2.5,10.7,Trace,No
6/18/2010,83,78,29.8,2.7,12.3,0,No
6/19/2010,74,77,29.7,2.9,10.2,Trace,No
6/20/2010,85,79,29.5,3.6,11.9,1.9,No
6/21/2010,76,78,29.6,3.7,8.8,1.4,No
6/22/2010,82,80,29.3,3.6,6.4,4.6,No
6/23/2010,84,85,28,5.7,7.8,41,No
6/24/2010,88,84,29,4.6,14.5,39,No
6/25/2010,88,83,28.8,2.2,17.6,2.9,No
6/26/2010,92,93,26.1,2.8,8.9,127.6,No
6/27/2010,88,95,25.6,1.6,7.5,44.2,No
6/28/2010,90,96,25.5,4.1,11.8,43.2,No
6/29/2010,54,90,27.3,5.3,13.5,0.1,No
6/30/2010,32,81,29.1,5.8,8.8,0,No
7/1/2010,33,76,29.5,5.5,7.7,0,No
7/2/2010,35,76,30,5,13.9,0,No
7/3/2010,46,76,30.1,4.4,15.1,0,No
7/4/2010,55,79,30.1,4,19.2,Trace,No
7/5/2010,54,78,30.1,4.4,18.8,0,No
7/6/2010,83,79,30,2.9,18.4,Trace,No
7/7/2010,78,78,30.2,3.2,15.1,Trace,No
7/8/2010,69,76,30.6,5.2,11.4,0.4,No
7/9/2010,83,76,29.8,3.2,11,1.7,No
7/10/2010,64,76,29.8,6,9.2,3.9,No
7/11/2010,61,76,30,5.5,9.1,1.8,No
7/12/2010,55,75,30.2,5.3,6,Trace,Yes
7/13/2010,61,79,29.9,4.4,12.3,Trace,Yes
7/14/2010,73,79,30.2,5.6,14.9,0,Yes
7/15/2010,89,86,29.2,6.1,16.3,8.4,Yes
7/16/2010,77,88,27.6,6.4,15.5,17.8,Yes
7/17/2010,85,89,27.7,8.3,12.9,40,Yes
7/18/2010,61,86,28.1,7.7,8.1,1.1,Yes
7/19/2010,33,77,29.7,6.3,7.2,0,Yes
7/20/2010,57,81,29.5,5.2,12.3,0,Yes
7/21/2010,88,91,27.4,5.2,18.5,29.6,Yes
7/22/2010,88,93,27.2,4.9,15.4,182.4,Yes
7/23/2010,86,91,27.6,4.7,10.9,14.6,Yes
7/24/2010,80,86,28.3,6.3,13.7,1.1,No
7/25/2010,58,81,29.2,5.2,11,0,No
7/26/2010,72,80,29.2,4.8,9.8,0,No
7/27/2010,90,86,27.9,3.7,12.1,33.6,No
7/28/2010,93,91,26.9,5.5,9.2,122.5,No
7/29/2010,86,83,28.5,7.3,11.8,4.6,No
7/30/2010,79,80,29.6,5.5,10.2,5.1,No
7/31/2010,70,78,30.1,5.4,6.5,0.8,No
8/1/2010,51,79,30,4.4,9.1,Trace,No
8/2/2010,64,79,29.4,4.7,7,1.1,No
8/3/2010,39,76,29.1,4.9,13.4,Trace,No
8/4/2010,28,74,30,5.6,13.2,0,No
8/5/2010,62,79,29.4,9.4,11.8,41.6,No
8/6/2010,82,81,28.4,7.2,11.8,1.6,No
8/7/2010,81,84,28.8,6.5,13.5,39.1,No
8/8/2010,84,84,28.8,6.4,20,18,No
8/9/2010,76,82,29.6,4.9,13,0.2,No
8/10/2010,46,77,30.2,5.7,5,Trace,No
8/11/2010,69,88,28.3,3.2,7.8,22.2,No
8/12/2010,61,79,29.3,5.5,5.7,3,No
8/13/2010,54,79,29.8,4.8,6.2,3.8,No
8/14/2010,56,79,29.4,3.7,5.6,8.7,No
8/15/2010,68,83,28.1,3.5,7.4,13.5,No
8/16/2010,80,85,27.1,4.8,7.2,5.1,No
8/17/2010,73,83,28.3,6.4,8.1,3.2,No
8/18/2010,74,84,28.6,4,10.1,0,No
8/19/2010,87,92,27.5,4.8,13.5,56.4,No
8/20/2010,82,85,28,7.6,10.1,22.1,No
8/21/2010,57,78,29.4,5.6,13.6,Trace,No
8/22/2010,74,83,28.9,5.4,18.6,9.1,No
8/23/2010,78,84,28.5,6.7,18.1,23.7,No
8/24/2010,88,93,26.5,4,11.4,42.6,No
8/25/2010,88,82,28,4.2,5.7,5.2,No
8/26/2010,67,82,28.4,4.3,6.1,Trace,No
8/27/2010,43,78,28.8,5.6,7.3,0,No
8/28/2010,44,81,27.9,6.1,6.1,30.1,Yes
8/29/2010,71,78,29.2,5.8,6.5,0,Yes
8/30/2010,80,74,29.7,4.9,8.4,0,Yes
8/31/2010,83,69,30.4,4.9,7.6,0,Yes
9/1/2010,78,62,31.2,5.1,9,0,Yes
9/2/2010,86,70,29.5,5.6,13.4,16.2,Yes
9/3/2010,88,93,26,3,7.2,47.4,Yes
9/4/2010,88,89,26.8,2.8,13.4,3.5,No
9/5/2010,70,86,27.8,5,12.2,4.9,No
9/6/2010,46,78,29.3,5.3,8,0,No
9/7/2010,59,79,29.7,3.4,13.3,Trace,No
9/8/2010,58,80,29.9,6.1,11.9,27.6,No
9/9/2010,84,83,28.2,5.9,6,22.5,No
9/10/2010,89,81,28.1,7.3,12,58.8,No
9/11/2010,96,93,25.5,2,7.3,51.8,No
9/12/2010,86,94,25.2,5,4.3,95.9,No
9/13/2010,48,89,26.8,5.9,11.1,0.1,No
9/14/2010,68,86,27.2,3.9,11.2,1.7,No
9/15/2010,58,83,28.2,5.4,10.5,1.7,Yes
9/16/2010,46,78,28.9,5.6,5,0,Yes
9/17/2010,41,75,29.1,5,8.8,0,Yes
9/18/2010,59,76,29.7,5.2,11,0,Yes
9/19/2010,71,75,30.6,4.3,15.3,0,Yes
9/20/2010,84,82,28.3,5.8,20.1,67,Yes
9/21/2010,92,95,24.5,3,10.8,178.8,Yes
9/22/2010,84,92,25.4,2.2,11.3,0.8,No
9/23/2010,87,87,27,3.5,7.5,Trace,No
9/24/2010,60,84,27.7,5,12.1,0,No
9/25/2010,67,84,27.4,4.2,14.4,Trace,No
9/26/2010,51,82,27.6,4.6,13.5,0,No
9/27/2010,54,82,28.3,5.1,10.5,0,No
9/28/2010,46,80,28.6,5.2,11.3,0,No
9/29/2010,68,80,28.5,3.8,19,Trace,No
9/30/2010,81,82,27.7,4.6,17.8,4.4,No
10/1/2010,71,80,27.6,4.7,19.3,Trace,No
10/2/2010,63,74,28.4,5.6,13.8,0,No
10/3/2010,83,72,28.1,4.4,13,Trace,No
10/4/2010,92,67,25.5,2.4,13.5,Trace,No
10/5/2010,89,78,24.1,2.2,14.1,2.2,No
10/6/2010,90,82,24.2,3.1,17.9,0.9,No
10/7/2010,91,78,25.4,2.1,16.8,Trace,No
10/8/2010,88,79,26.4,3.1,15.2,Trace,No
10/9/2010,88,81,25.8,3.1,21.1,1.4,No
10/10/2010,89,93,25,2,15,10.2,No
10/11/2010,87,93,26.4,2.7,10,3.7,No
10/12/2010,57,85,27.6,4.4,12.1,Trace,No
10/13/2010,40,83,27.6,5.3,12.3,0,Yes
10/14/2010,58,82,27.9,4.4,15.2,0,Yes
10/15/2010,87,86,26,3.8,15.6,3.9,Yes
10/16/2010,84,80,25.2,3.1,15.9,0.2,Yes
10/17/2010,76,77,26.4,4.3,19.4,Trace,Yes
10/18/2010,61,73,26.6,5.2,11.7,Trace,Yes
10/19/2010,81,62,26.1,4.2,14.3,0,Yes
10/20/2010,86,62,26.4,3.8,19.5,0,Yes
10/21/2010,88,65,25.5,5,18.8,Trace,Yes
10/22/2010,84,67,23.6,3.5,12.9,0.2,Yes
10/23/2010,55,61,24.9,5.2,12.8,0,Yes
10/24/2010,56,67,25.1,4.2,8,0,Yes
10/25/2010,64,68,24.9,5.2,10.4,0,No
10/26/2010,88,73,22.3,4.4,14.3,Trace,No
10/27/2010,42,60,20,5.3,14.8,0,No
10/28/2010,4,52,18.7,7,14.5,0,No
10/29/2010,14,51,19.1,6.3,12.4,0,No
10/30/2010,7,47,19.3,6.7,13.2,0,No
10/31/2010,4,55,20,7.3,10.6,0,No
11/1/2010,19,67,21.1,5.8,13.8,0,No
11/2/2010,27,65,21.5,6.2,16.5,0,No
11/3/2010,66,65,21.2,5.3,13.3,0,No
11/4/2010,91,74,20,4.7,14,3.2,No
11/5/2010,98,97,17.5,1.5,7.5,24.3,No
11/6/2010,91,95,18.8,3.2,5.2,14.7,No
11/7/2010,49,77,22.1,6.1,3.4,0,No
11/8/2010,24,66,22.5,6.3,6.9,0,No
11/9/2010,16,61,21.4,4.9,12.5,0,No
11/10/2010,56,71,21,4.7,14.9,0,No
11/11/2010,45,61,21.3,7,11.4,0,No
11/12/2010,21,68,21.7,5.1,17.2,0,No
11/13/2010,62,73,22.4,4.8,20.4,0,No
11/14/2010,84,78,22.8,3.9,19.7,Trace,No
11/15/2010,81,77,23.4,4.8,17.1,Trace,No
11/16/2010,58,74,21.8,3.8,13.7,Trace,No
11/17/2010,33,74,21,5.1,10.4,0,No
11/18/2010,79,77,21.6,4,9.8,0,No
11/19/2010,51,75,21.7,4.8,5.7,0,No
11/20/2010,51,77,21,3.7,11.2,0,No
11/21/2010,38,81,21.4,4.3,11.7,0,No
11/22/2010,51,73,22.5,5.1,6,0,No
11/23/2010,68,75,21.4,3.8,12.1,Trace,No
11/24/2010,64,75,20.9,4.6,15.5,0,No
11/25/2010,18,65,20.2,5,10.5,0,No
11/26/2010,23,68,19.8,4.4,13.6,0,No
11/27/2010,47,73,20.1,3.8,19,0,No
11/28/2010,34,75,20.8,3.9,17.9,0,No
11/29/2010,50,81,20.9,4.5,12.9,0,No
11/30/2010,37,76,21.7,4.3,4.4,0,No
12/1/2010,27,74,20.9,5,7.7,0,No
12/2/2010,12,71,21.6,5.3,5.6,0,No
12/3/2010,5,61,20.9,5.2,13.3,0,No
12/4/2010,68,62,20.4,3.2,20,0,No
12/5/2010,29,70,21.6,5.7,9.5,0,No
12/6/2010,29,65,23.5,5.6,6.5,0,No
12/7/2010,49,50,19.3,5.3,14.1,0,No
12/8/2010,49,34,17,5.8,10.8,0,No
12/9/2010,47,52,17.5,4.8,13.7,0,No
12/10/2010,86,72,19.5,4.1,19.3,0,No
12/11/2010,88,70,20.2,1.7,20.8,0,No
12/12/2010,88,84,20,1.9,20.8,Trace,No
12/13/2010,76,90,21.9,3,9.8,Trace,No
12/14/2010,85,86,21.8,4.6,12,Trace,No
12/15/2010,91,91,17.5,8.8,22.2,12.9,No
12/16/2010,75,72,8.8,3.7,14,5.3,No
12/17/2010,11,41,10.4,8.8,7.9,0,No
12/18/2010,45,64,14.3,6.4,10,0,No
12/19/2010,65,74,18.4,5,10,0,No
12/20/2010,78,68,20.1,4.9,4.3,0,No
12/21/2010,59,71,20.5,4.4,5.4,0,No
12/22/2010,10,64,19.3,5,10.3,0,No
12/23/2010,18,71,18.1,5.1,14.8,0,No
12/24/2010,61,77,18.7,2.8,20.3,0,No
12/25/2010,83,78,16.2,7.1,19.2,Trace,No
12/26/2010,31,47,12.4,5.7,14.5,0.2,No
12/27/2010,4,56,13.3,6.7,5.8,0,No
12/28/2010,2,55,15.4,7.4,4.4,0,No
12/29/2010,22,74,17.1,5.9,10.9,0,No
12/30/2010,11,55,17.8,5.4,9.4,0,No
12/31/2010,1,40,15.5,5.5,8.7,0,No
1/1/2011,14,57,14.9,4.5,19,0,No
1/2/2011,83,65,15.1,2.2,23.9,0,No
1/3/2011,91,72,14,2.9,9.9,Trace,No
1/4/2011,95,81,13.4,2.5,14.1,1.2,No
1/5/2011,91,77,15.7,4,12.6,0,No
1/6/2011,73,69,14.2,5.1,12.9,Trace,No
1/7/2011,70,63,10.9,4.1,11,0,No
1/8/2011,36,65,12.8,6.1,7.3,0,No
1/9/2011,25,56,14.5,5.6,10,0,No
1/10/2011,41,55,13.1,5,9.4,0,No
1/11/2011,85,61,11.2,4.4,11.8,Trace,No
1/12/2011,88,88,8.8,3.2,9.7,4.2,No
1/13/2011,73,77,12.9,5.3,10.8,Trace,No
1/14/2011,65,70,16.3,5.7,8,0,No
1/15/2011,36,58,13.7,6.5,15,0,No
1/16/2011,54,58,11.2,4.2,14.3,0,No
1/17/2011,41,63,11.8,5.7,15.5,0,No
1/18/2011,59,72,14.3,4.7,16.3,0,No
1/19/2011,70,79,15.3,5.1,15.6,0,No
1/20/2011,86,70,16.1,4.2,8.8,0,No
1/21/2011,27,61,13.7,6.4,10.6,0,No
1/22/2011,77,70,13.2,2.7,9.7,0,No
1/23/2011,53,69,15,4.2,6.3,0,No
1/24/2011,81,64,14.1,4.1,9.2,0,No
1/25/2011,58,71,14.3,4.7,13,0,No
1/26/2011,29,75,15,6.6,8.8,0,No
1/27/2011,77,77,15.9,4.9,12.8,0,No
1/28/2011,77,68,15.1,4.1,10,0,No
1/29/2011,66,51,12.9,4.9,10.8,0,No
1/30/2011,78,52,12.2,6.3,9.2,0,No
1/31/2011,40,61,13.1,5.6,14.2,Trace,No
2/1/2011,58,70,14,5.1,10.2,0,No
2/2/2011,31,64,14.8,6.3,9.2,0,No
2/3/2011,32,75,15.3,5.4,14.2,0,No
2/4/2011,4,75,16.3,7.4,8,0,No
2/5/2011,6,69,17.1,7.1,11.7,0,No
2/6/2011,27,61,17.8,7,12.5,0,No
2/7/2011,60,65,18.7,5.3,14.6,0,No
2/8/2011,50,77,19.6,6.7,12.2,0,No
2/9/2011,67,83,19.8,7,12.1,0,No
2/10/2011,44,79,17.9,5.3,18,0,No
2/11/2011,85,78,16.5,3.4,12.1,Trace,No
2/12/2011,87,71,14.3,2.3,19.1,0,No
2/13/2011,89,87,12.5,3.8,13.2,17,No
2/14/2011,90,74,10.6,3.4,11.2,0.6,No
2/15/2011,89,85,11.3,1.1,23.5,3.2,No
2/16/2011,93,93,13.2,3.3,18.3,Trace,No
2/17/2011,100,93,15.2,4,12.3,Trace,No
2/18/2011,95,90,14.7,2,12.7,Trace,No
2/19/2011,100,91,13.1,1.7,10.4,2,No
2/20/2011,91,81,13.8,3.4,5.3,0.9,No
2/21/2011,88,84,14.9,3,16,Trace,No
2/22/2011,82,64,15.4,3.4,21.4,0,No
2/23/2011,60,69,17.4,5.3,12.6,0,No
2/24/2011,63,79,18.8,6.6,7.9,0,No
2/25/2011,67,81,18.9,5.4,17.6,0,No
2/26/2011,78,75,18.6,6.1,18.2,0,No
2/27/2011,54,80,20.4,6.2,10.8,Trace,No
2/28/2011,23,73,21.6,9.6,6.4,0,No
3/1/2011,72,81,21.2,5.8,11.2,Trace,No
3/2/2011,77,75,18.3,4,13.3,Trace,No
3/3/2011,64,76,18.1,6.6,17.4,0.1,No
3/4/2011,76,69,16.9,5.1,19.2,0,No
3/5/2011,82,71,16.7,2.9,21.1,0,No
3/6/2011,87,79,19.1,5.1,16.5,0.1,No
3/7/2011,66,72,19.8,8.1,11.3,0.5,No
3/8/2011,87,75,15.5,4.8,16.6,2.3,No
3/9/2011,88,66,15.7,4.9,18.8,2.4,No
3/10/2011,88,66,16.9,4,14.8,0.1,No
3/11/2011,87,74,17.5,4.7,14,0,No
3/12/2011,51,78,19.1,6.3,13.7,0,No
3/13/2011,38,80,20.7,8.1,9,0,No
3/14/2011,48,79,22.4,6.7,5.5,0,No
3/15/2011,66,78,19,7.6,9.7,Trace,No
3/16/2011,85,50,15.9,7.1,13.5,Trace,No
3/17/2011,91,53,16.2,3.6,17.7,0.7,No
3/18/2011,92,78,15.4,2.4,20.5,2.2,No
3/19/2011,99,96,16.7,3,16.7,11.1,No
3/20/2011,94,96,20,4.6,10.1,Trace,No
3/21/2011,60,90,22.9,6.9,12.2,0,No
3/22/2011,79,80,19.7,7.2,8.3,Trace,No
3/23/2011,88,71,16,3.9,12.2,0,No
3/24/2011,86,69,16.8,4.8,9.4,Trace,No
3/25/2011,84,62,17.4,7,12.3,0,No
3/26/2011,84,61,17.8,5.5,16.5,0,No
3/27/2011,86,70,15,3.3,9,0.8,No
3/28/2011,84,58,16.9,6.9,13,Trace,No
3/29/2011,84,50,18,5.6,10.4,0,No
3/30/2011,88,51,18.1,4.3,17.4,0.2,No
3/31/2011,74,50,18.9,6,17.1,Trace,No
4/1/2011,21,70,20.5,9.1,15.2,0,No
4/2/2011,20,72,22,8.4,9.8,0,No
4/3/2011,41,77,22.2,7.3,4.4,Trace,No
4/4/2011,92,83,19.7,3.5,13.1,Trace,No
4/5/2011,90,74,18.9,2.8,20.8,Trace,No
4/6/2011,65,66,19.6,6.3,22.9,0,No
4/7/2011,41,77,21.8,8.1,11.9,0,No
4/8/2011,16,73,23.1,8.8,5.7,0,No
4/9/2011,60,77,22.5,6.9,15.2,Trace,No
4/10/2011,41,77,23.4,9.1,9.3,Trace,No
4/11/2011,24,77,23.8,8.5,11.7,Trace,No
4/12/2011,76,73,22,5.3,22.5,0,No
4/13/2011,64,64,23,8.3,14.8,Trace,No
4/14/2011,36,75,24.1,8.6,7.4,0,No
4/15/2011,64,77,24.4,7.4,5.5,0,No
4/16/2011,63,82,25.1,5.5,11.5,0,No
4/17/2011,92,91,24.8,5.2,9.1,26.7,No
4/18/2011,81,77,23.6,5.3,10.6,Trace,No
4/19/2011,38,64,23.6,6.2,15.8,0,No
4/20/2011,80,77,21.8,4.1,21,0,No
4/21/2011,73,81,23.1,6.1,15,Trace,No
4/22/2011,67,79,24.1,6.5,5.8,0.2,No
4/23/2011,84,85,20.9,3.5,11.3,2.3,No
4/24/2011,32,50,23.1,8.7,9.3,0,No
4/25/2011,31,65,24.1,8,5.2,0,No
4/26/2011,48,68,24.2,6.3,5.7,0,No
4/27/2011,67,77,25.9,5.7,11.2,0,No
4/28/2011,89,87,25.1,4,10.3,0.4,No
4/29/2011,95,93,23.1,1.4,13,6.3,No
4/30/2011,85,86,24.9,3.9,7,0.1,No
5/1/2011,81,86,25.9,4.3,2.8,Trace,No
5/2/2011,83,83,26.8,4.7,6.2,Trace,No
5/3/2011,83,78,27.3,4.8,5.4,Trace,No
5/4/2011,86,85,24.7,3.6,10.4,0.7,No
5/5/2011,91,90,23.6,2.3,15.2,Trace,No
5/6/2011,76,84,26.5,6.4,8.2,Trace,No
5/7/2011,78,80,27.6,5.9,9.3,Trace,No
5/8/2011,82,83,26.9,4,16.5,0,No
5/9/2011,63,83,27.3,5.2,14.5,0,No
5/10/2011,64,76,28.5,6.7,5.5,Trace,No
5/11/2011,74,79,29.3,5.5,8.9,0,No
5/12/2011,75,79,29.5,4.8,8,0.2,No
5/13/2011,85,88,26.9,4,6.9,33.5,No
5/14/2011,89,91,25,4.7,17.7,14.5,No
5/15/2011,89,92,24.4,1.5,15.5,2.9,No
5/16/2011,91,91,25.5,5.2,11.3,7.5,No
5/17/2011,86,86,23.4,2.3,10.6,0.3,No
5/18/2011,63,70,24.7,6.8,18.1,Trace,No
5/19/2011,68,79,25.8,6,16,0,No
5/20/2011,70,82,27,6,14,0,No
5/21/2011,83,89,26.1,5,9.8,42.8,No
5/22/2011,90,94,25.2,3.6,7,69.8,No
5/23/2011,91,86,24.2,3.2,9.8,9.3,No
5/24/2011,88,84,22.5,4.9,7.4,4.9,No
5/25/2011,88,83,23,3.7,5.5,0.3,No
5/26/2011,59,67,25.5,6.9,5.1,0,No
5/27/2011,56,70,26.7,5.8,4.6,0,No
5/28/2011,23,65,27.4,5.7,8.4,0,No
5/29/2011,51,79,26.9,4.1,16.5,0,No
5/30/2011,28,70,25.8,6,19.1,0,No
5/31/2011,42,67,26.7,9.2,10.6,0,No
6/1/2011,40,73,27.9,5.7,9.2,0,No
6/2/2011,63,80,28.1,5.4,8.5,0,No
6/3/2011,68,75,28.1,4.3,6.2,0,No
6/4/2011,77,79,28.8,4.5,5.7,0,No
6/5/2011,70,78,29.4,4.8,5.5,Trace,No
6/6/2011,74,77,29.5,3.1,7,Trace,No
6/7/2011,67,76,29.6,3.3,13.3,Trace,No
6/8/2011,70,78,29.7,4,9.1,Trace,No
6/9/2011,59,76,30,8.4,7.1,2.8,Yes
6/10/2011,70,74,29.6,6.3,9.9,0,Yes
6/11/2011,84,80,29,5.2,7.1,11.6,Yes
6/12/2011,88,85,27.6,4.6,6.2,28.4,No
6/13/2011,75,82,28.7,5,7.1,5.9,No
6/14/2011,80,79,29.5,3.3,6.8,2.4,No
6/15/2011,74,77,29.5,4.5,6.9,2.4,No
6/16/2011,87,94,26.6,3.5,7.3,75.2,No
6/17/2011,91,94,27.3,3.8,8.5,77.5,No
6/18/2011,66,82,29,5.4,11.4,1.2,Yes
6/19/2011,59,82,29.2,4.9,15.1,Trace,Yes
6/20/2011,39,75,29.9,5.9,10.3,0,Yes
6/21/2011,67,81,29.1,6.8,20.4,8.3,Yes
6/22/2011,89,93,26.6,3.2,30.7,41.4,Yes
6/23/2011,88,86,28,3,21.3,Trace,Yes
6/24/2011,72,84,28.4,4.2,14.9,0.6,Yes
6/25/2011,64,78,29.1,5.1,12.5,0,Yes
6/26/2011,85,81,28.8,1.5,11.7,Trace,No
6/27/2011,85,79,29.4,3.8,9,Trace,No
6/28/2011,94,93,26.4,4.3,7.6,106.6,No
6/29/2011,94,93,26.5,4.3,9,76.5,No
6/30/2011,86,88,27.5,5.6,6.6,5.3,No
7/1/2011,74,86,28.2,3.5,5.5,11.2,No
7/2/2011,53,80,29,4.2,4.9,Trace,No
7/3/2011,46,76,29.3,4.6,7.5,Trace,No
7/4/2011,33,75,29.7,5.1,9.5,0,No
7/5/2011,26,75,29.7,5,12.8,0,No
7/6/2011,39,73,29.7,4.9,13.5,0,No
7/7/2011,42,73,30,4.5,12.1,0,No
7/8/2011,59,76,30.2,4.5,13.4,0,No
7/9/2011,67,78,29.8,3.9,12.8,0,No
7/10/2011,72,77,29.8,5.3,9.5,Trace,No
7/11/2011,88,85,28.9,4,7.2,33.2,No
7/12/2011,88,89,27.6,2.3,8.7,10.9,No
7/13/2011,80,92,27.4,4,13.8,21.8,No
7/14/2011,87,91,27.1,2.8,10.9,12.4,No
7/15/2011,87,93,26.5,3.1,6.9,34.9,No
7/16/2011,88,89,26.8,3.4,19.1,60.5,No
7/17/2011,82,83,28.2,2.8,10.6,0.2,No
7/18/2011,84,85,27.9,5.3,13.8,4.3,No
7/19/2011,86,86,27.4,4.4,5.4,5.6,No
7/20/2011,89,87,27.3,2.7,8.5,15.2,No
7/21/2011,68,79,28.6,4.5,7.7,0,No
7/22/2011,64,81,29.5,6.4,6.1,4.2,No
7/23/2011,43,76,29.6,4.7,5.3,0,No
7/24/2011,30,78,29.5,4.9,10.5,0,No
7/25/2011,51,78,30.3,5.1,9.2,0,Yes
7/26/2011,48,76,29.8,5.3,11.4,0,Yes
7/27/2011,35,76,30.2,5.7,13.5,Trace,Yes
7/28/2011,49,72,30.1,6.2,15.4,Trace,Yes
7/29/2011,86,87,28.2,4.2,25,12.4,Yes
7/30/2011,78,85,28.3,5.1,16.3,Trace,Yes
7/31/2011,60,80,29.2,5.4,12.5,0,Yes
8/1/2011,39,76,29.5,6.9,7.8,0,No
8/2/2011,23,73,29.5,5.6,10.4,0,No
8/3/2011,22,73,29.5,5.4,12.7,0,No
8/4/2011,39,75,29.9,6.9,10.6,0,No
8/5/2011,55,74,30.1,5.7,7.3,0,No
8/6/2011,45,74,30.2,5.2,10.1,0,No
8/7/2011,62,75,30.9,6.4,8.1,0,No
8/8/2011,77,79,29.2,5.5,7.8,22.1,No
8/9/2011,86,86,28,5.5,7.8,9.9,No
8/10/2011,85,92,26.8,3.1,6.9,60.5,No
8/11/2011,67,83,28.7,6.2,7.6,17.9,No
8/12/2011,65,78,29.4,4.4,5,0,No
8/13/2011,53,75,29.6,5,5.9,0,No
8/14/2011,59,74,29.6,4.8,6.2,Trace,No
8/15/2011,45,76,29.7,4,6.2,0,No
8/16/2011,35,78,29.3,4.2,6.6,8.5,No
8/17/2011,42,81,28.7,3.3,7.1,10.1,No
8/18/2011,53,80,29.2,5.4,11.8,0,No
8/19/2011,61,79,29.6,5.2,10.3,0,No
8/20/2011,45,80,29.2,7.4,12,3.7,No
8/21/2011,50,80,29.5,4.4,9.9,Trace,No
8/22/2011,51,83,29,2.3,6,1.4,No
8/23/2011,55,76,29.8,4.2,6.3,0,No
8/24/2011,49,76,29.8,5.3,9.4,3.9,No
8/25/2011,69,81,28.6,4.5,5.9,13.7,No
8/26/2011,61,76,29.1,4.8,6.1,Trace,No
8/27/2011,54,75,29.2,5.4,4.8,5.2,No
8/28/2011,75,69,30.2,4,9.3,0,No
8/29/2011,75,67,30.6,6,12.2,0.2,No
8/30/2011,68,69,30.9,4.5,13.3,0,No
8/31/2011,58,64,30.6,4.7,12,0.5,No
9/1/2011,82,74,28.2,2.7,11.4,0.1,No
9/2/2011,85,78,28.8,4,8.3,0,No
9/3/2011,77,89,27.7,4.9,10.8,22.6,No
9/4/2011,64,84,28.6,4.9,6,1.8,No
9/5/2011,62,80,29.2,4.5,5.2,0,No
9/6/2011,56,78,29.3,4,9.3,0,No
9/7/2011,58,78,29.2,5,12.4,0.2,No
9/8/2011,52,79,29.5,4.3,14.3,Trace,No
9/9/2011,53,75,29.6,5,16.8,Trace,No
9/10/2011,51,78,29,5.1,19.8,2.6,No
9/11/2011,77,83,28.2,4.6,20,20.4,No
9/12/2011,81,82,28.5,6.5,19,0.6,No
9/13/2011,49,77,28.8,6.5,13.2,2.7,No
9/14/2011,46,75,29,6.7,13.8,2.7,No
9/15/2011,66,83,28.3,7.9,15.5,10.9,No
9/16/2011,63,82,28.6,5.5,15.7,1,No
9/17/2011,61,79,29.4,5.6,15.5,0.2,No
9/18/2011,72,81,28.6,2.5,18.7,0.5,No
9/19/2011,77,80,28.4,6.4,16.2,16.1,No
9/20/2011,87,76,26.1,2.7,10.5,Trace,No
9/21/2011,56,69,25.8,4.5,9.8,0,No
9/22/2011,80,68,25.8,3,11.9,Trace,No
9/23/2011,86,73,25.6,4.1,14.7,0.3,Yes
9/24/2011,88,73,25.7,3.2,16,Trace,Yes
9/25/2011,88,81,25.1,2.3,20,4.2,Yes
9/26/2011,81,78,27.3,5.7,20,0.2,Yes
9/27/2011,63,80,27.9,4.6,12.3,Trace,Yes
9/28/2011,71,72,28.7,5.1,19.4,2.5,Yes
9/29/2011,88,88,27.2,2.9,31.3,30.8,Yes
9/30/2011,79,89,27.7,1.9,20.5,2.7,Yes
10/1/2011,83,86,26.2,2.1,25.5,12.7,Yes
10/2/2011,82,84,25,3.6,12.8,3.3,Yes
10/3/2011,88,81,22.6,2.5,19.1,1.6,Yes
10/4/2011,88,76,23.8,3,20.7,Trace,Yes
10/5/2011,85,79,24.5,2.7,16,0.1,Yes
10/6/2011,88,79,25.2,4.6,16.3,0.1,No
10/7/2011,81,79,25.7,3,18.8,Trace,No
10/8/2011,68,76,26.2,4.2,17,Trace,No
10/9/2011,76,76,26.8,5.6,14.8,0,No
10/10/2011,86,80,26.4,4.6,23.6,5.3,No
10/11/2011,88,93,24.8,1.3,26.3,6.9,No
10/12/2011,90,97,24.6,1.5,17,105.8,No
10/13/2011,86,97,24.8,2.1,11.4,30.7,No
10/14/2011,83,89,25.4,2.8,7.2,3.8,No
10/15/2011,54,73,25.1,4.9,8.9,0,No
10/16/2011,30,62,25.5,6.7,8,0,No
10/17/2011,14,69,25.3,6.4,9.6,0,No
10/18/2011,23,72,24.7,4.7,15.4,0,No
10/19/2011,36,70,24.3,3.7,18.3,Trace,No
10/20/2011,27,72,24,5.9,11.4,0,No
10/21/2011,23,74,24.8,6.5,8.7,0,No
10/22/2011,42,78,25.2,4.3,15.2,0,No
10/23/2011,62,79,25,3.5,16.8,0,No
10/24/2011,25,79,25.7,5.8,8.1,0,No
10/25/2011,57,81,24.6,4.2,11.3,0.5,No
10/26/2011,79,77,23.3,3.7,14.3,0.1,No
10/27/2011,52,79,23.3,4.7,14.7,1.5,No
10/28/2011,60,72,24.3,4.2,12.8,Trace,No
10/29/2011,62,69,24.1,5.7,6.7,0,No
10/30/2011,57,75,24.3,4.7,12.8,Trace,No
10/31/2011,42,71,24.5,4,19.8,Trace,No
11/1/2011,54,71,24.6,5.4,14.2,0,No
11/2/2011,70,74,25.4,5.6,10.7,0,No
11/3/2011,80,77,26,4.9,15.1,0,No
11/4/2011,63,76,26.4,5,12.8,Trace,No
11/5/2011,61,80,26.4,4,12.8,Trace,No
11/6/2011,80,78,26.5,3.2,17.9,Trace,No
11/7/2011,82,76,25.8,3.7,19,Trace,No
11/8/2011,89,94,22.7,2.4,14.3,13.9,No
11/9/2011,94,93,19.9,3.3,12.3,44.2,No
11/10/2011,88,77,19.4,3.5,12.2,0.2,No
11/11/2011,88,71,20.3,3.9,10.3,Trace,No
11/12/2011,54,73,22,5.1,3.5,0,No
11/13/2011,45,78,23.2,5.5,6.3,0,No
11/14/2011,80,81,23.4,2.7,14.5,Trace,No
11/15/2011,55,76,23.5,4.1,18,0,No
11/16/2011,77,80,23.4,3.8,17.1,0,No
11/17/2011,83,87,23.4,1.9,17.5,18.1,No
11/18/2011,88,93,24.4,4.3,7,8.6,No
11/19/2011,77,84,24.9,2.7,6.5,1.1,No
11/20/2011,67,74,22.9,3.2,16,Trace,No
11/21/2011,84,70,21.5,1.5,24.4,Trace,No
11/22/2011,85,67,22,3.5,11,Trace,No
11/23/2011,77,60,22,3.1,9.8,Trace,No
11/24/2011,73,68,20.8,4,15.8,0,No
11/25/2011,88,72,20.5,1.7,21,0,No
11/26/2011,86,73,21.1,2.2,15.1,Trace,No
11/27/2011,11,76,21.3,5.2,11.6,0,No
11/28/2011,32,80,21.9,4.5,13.3,0,No
11/29/2011,43,78,22.7,3.4,15.5,0,No
11/30/2011,41,80,23.1,4.8,8.9,Trace,No
12/1/2011,59,68,18.7,6.9,13.6,0,No
12/2/2011,35,59,15,4.4,13.9,0,No
12/3/2011,3,54,15.1,7.6,11.1,0,No
12/4/2011,29,65,17.4,5.8,14.8,0,No
12/5/2011,88,79,18.8,2.1,18.7,1.2,No
12/6/2011,84,85,19.9,4.2,14,1.2,No
12/7/2011,83,80,22.3,4.1,8.1,0,No
12/8/2011,66,65,20.4,7.2,12.7,0,No
12/9/2011,87,59,14.6,2.9,15.8,Trace,No
12/10/2011,30,45,13.1,4.9,15.8,0,No
12/11/2011,13,44,12.9,6.7,10.7,0,No
12/12/2011,19,48,15.1,6.9,8,0,No
12/13/2011,52,58,17.1,6.6,6.9,Trace,No
12/14/2011,85,63,19.3,3.9,6.3,0,No
12/15/2011,39,60,19.2,4.7,4.8,0,No
12/16/2011,49,56,17,3.9,10.8,0,No
12/17/2011,63,65,16.1,3.4,15.1,Trace,No
12/18/2011,33,70,16.1,5,12.1,Trace,No
12/19/2011,43,73,16.7,5.2,15,0,No
12/20/2011,88,74,17.4,2,11,Trace,No
12/21/2011,79,68,19.5,4.8,5.5,0,No
12/22/2011,41,61,17.9,4.4,8.1,0,No
12/23/2011,32,63,15,5.1,9.7,0,No
12/24/2011,9,39,13,5,15.1,0,No
12/25/2011,19,45,13.3,5.6,10.5,0,No
12/26/2011,84,58,15.8,4,13.6,0,No
12/27/2011,55,76,16.5,2.9,23.7,0,No
12/28/2011,7,81,17.3,5.5,10.5,0,No
12/29/2011,37,81,17.7,4.6,17.2,0,No
12/30/2011,82,79,17.7,3.1,13.2,Trace,No
12/31/2011,68,80,16.9,5,9.8,0.4,No
1/1/2012,44,76,17.2,4.6,9,0,No
1/2/2012,61,76,16.6,2.8,16.5,0,No
1/3/2012,77,74,17,4.1,16.3,0,No
1/4/2012,83,67,13.5,4.2,10.5,Trace,No
1/5/2012,90,79,11,1.7,11.8,0.8,No
1/6/2012,88,82,13.2,4.9,5.4,0.5,No
1/7/2012,88,81,14.2,2.1,8.6,0,No
1/8/2012,72,76,15.6,4.1,8.5,0,No
1/9/2012,67,75,15.8,5.5,6.3,0,No
1/10/2012,62,77,15.9,4.5,5.3,0,No
1/11/2012,85,74,16,3.4,9.7,0.4,No
1/12/2012,89,79,15.3,3.2,12.7,0.9,No
1/13/2012,88,87,15.9,2.4,11,2.3,No
1/14/2012,88,90,17.5,2.9,13.3,0.6,No
1/15/2012,95,98,17.2,2.2,7.8,19.1,No
1/16/2012,84,89,15.7,2.1,8.5,8.7,No
1/17/2012,58,78,16.5,3.5,15,0,No
1/18/2012,71,83,17.7,4.1,17.1,0,No
1/19/2012,65,87,19.4,4.7,9.7,0,No
1/20/2012,86,86,17.4,2.8,20,0,No
1/21/2012,88,87,16.2,1,21.1,Trace,No
1/22/2012,96,84,13.4,5.7,12.1,Trace,No
1/23/2012,96,84,10.5,2.4,10.8,1.3,No
1/24/2012,99,90,10.9,3.3,13.6,4.5,No
1/25/2012,89,88,8.7,2.8,8.2,2.2,No
1/26/2012,94,90,11.2,4.4,19.7,0.8,No
1/27/2012,97,91,14.7,2.5,16.4,0,No
1/28/2012,44,86,16.7,5.2,12.6,0,No
1/29/2012,81,87,15.1,2.7,9,0,No
1/30/2012,70,71,15.7,4,5.8,0,No
1/31/2012,47,67,15.1,4.2,7.7,0,No
2/1/2012,45,77,15.6,4.7,13.4,0,No
2/2/2012,82,79,16,3.6,15.5,Trace,No
2/3/2012,88,79,14.5,2.2,11.8,Trace,No
2/4/2012,83,83,15.3,3.4,13.6,Trace,No
2/5/2012,78,83,17.4,3.5,13.2,0.1,No
2/6/2012,88,92,18.5,2.6,10.8,0.4,No
2/7/2012,78,81,16.7,9.3,10.6,3.1,No
2/8/2012,88,82,12.3,2.8,12,0.7,No
2/9/2012,90,81,12.7,2,22.1,Trace,No
2/10/2012,88,88,14.8,3.9,11.9,Trace,No
2/11/2012,88,82,14,4.8,9.5,0,No
2/12/2012,80,82,16.2,5.7,13.1,Trace,No
2/13/2012,86,81,19.1,6.3,12,Trace,No
2/14/2012,90,89,19.4,3.4,11,0.3,No
2/15/2012,89,94,18.8,4.6,14.6,Trace,No
2/16/2012,88,89,16.1,2.5,13.9,Trace,No
2/17/2012,85,72,14.9,3.8,9.3,Trace,No
2/18/2012,77,72,13.7,4.7,13.2,0,No
2/19/2012,59,71,14.3,5.6,16.9,0,No
2/20/2012,81,76,15,3.8,17.5,0,No
2/21/2012,88,84,17.3,3.4,18.8,1.7,No
2/22/2012,89,95,18.2,2.1,15.2,1.3,No
2/23/2012,91,99,19.9,2.5,10.6,2.9,No
2/24/2012,84,97,17.8,5.1,17.2,0.5,No
2/25/2012,88,96,16.1,2.3,16.3,Trace,No
2/26/2012,94,84,13.6,2.7,10,Trace,No
2/27/2012,88,85,12.1,1.9,13.8,Trace,No
2/28/2012,88,92,13,5.5,11.2,18,No
2/29/2012,89,89,14.7,2,26.8,0.5,No
3/1/2012,94,96,16.7,3.3,13,Trace,No
3/2/2012,77,92,20.9,6.2,10.9,0,No
3/3/2012,91,95,17.7,4.1,20.8,0.2,No
3/4/2012,89,96,17.9,3.2,18.3,0.5,No
3/5/2012,88,94,21.4,7,10.5,Trace,No
3/6/2012,86,89,23.8,5.5,9.5,0.3,No
3/7/2012,88,94,18.7,4.6,23.1,Trace,No
3/8/2012,90,95,16.9,1.3,23.4,3.3,No
3/9/2012,98,92,15.6,3.2,11.5,0.2,No
3/10/2012,96,79,13.9,2.9,9.5,Trace,No
3/11/2012,95,94,12.6,2.7,6.8,8.4,No
3/12/2012,96,96,12.6,2.1,12.3,6.6,No
3/13/2012,99,93,14.2,2.8,8.5,1.7,No
3/14/2012,88,87,16.1,3.3,18.1,Trace,No
3/15/2012,88,88,17.4,4.2,19.5,0.6,No
3/16/2012,83,95,19.9,4.5,11.1,0.2,No
3/17/2012,58,88,22.3,6.4,3.7,Trace,No
3/18/2012,35,81,23.9,8.8,3.3,0,No
3/19/2012,63,88,20.8,3.1,15.5,Trace,No
3/20/2012,83,87,20.3,3.7,15,Trace,No
3/21/2012,86,84,18.8,2.6,24.7,Trace,No
3/22/2012,83,80,20.7,6.8,18.3,Trace,No
3/23/2012,87,80,20.9,8.6,10,0,No
3/24/2012,52,56,17.6,8,10.2,0.1,No
3/25/2012,16,64,18.5,7.1,12.1,0,No
3/26/2012,24,50,19.6,8.3,18.9,0,No
3/27/2012,28,59,20.5,6.1,18.5,0,No
3/28/2012,49,67,21.1,5.1,17,0,No
3/29/2012,66,72,22.3,6.4,12.3,0,No
3/30/2012,87,82,23,4,10.8,0,No
3/31/2012,83,74,22.3,5.6,11.6,Trace,No
4/1/2012,82,73,20.7,4.4,17.3,0,No
4/2/2012,85,83,21.9,4.5,14.2,0,No
4/3/2012,80,81,24.5,6.4,3.7,0,No
4/4/2012,86,79,21.9,3,19.4,0,No
4/5/2012,94,92,21.3,2.8,10.8,48.5,No
4/6/2012,95,96,19.9,2.5,15.8,10.9,No
4/7/2012,91,68,20.3,3,22.9,0,No
4/8/2012,89,85,20.8,2.2,17.8,0.3,No
4/9/2012,83,91,22.5,5.6,11.1,28.9,No
4/10/2012,70,88,23.8,6.3,12.6,0,No
4/11/2012,54,81,25,6.2,6,0,No
4/12/2012,66,83,25.5,4.1,4.5,0,No
4/13/2012,81,83,26.5,4.8,5.1,Trace,No
4/14/2012,74,85,26.9,4.3,5.3,Trace,No
4/15/2012,65,80,27.1,4.1,6,Trace,No
4/16/2012,85,86,26,6.3,8.4,11.8,No
4/17/2012,93,93,21.3,3.9,19.2,16.6,No
4/18/2012,88,88,22,1.8,20.1,Trace,No
4/19/2012,80,96,22.2,1.2,13.5,28.2,No
4/20/2012,82,96,22,2.3,6.7,66.2,No
4/21/2012,77,82,23.3,4.7,8.5,0,No
4/22/2012,50,79,24.3,6.6,12.1,0,No
4/23/2012,85,86,25.4,4.5,9.3,0.3,No
4/24/2012,85,82,27.1,2.8,8.5,Trace,No
4/25/2012,88,83,27.5,5.4,10.2,4.8,No
4/26/2012,72,83,24.4,6.8,13.9,Trace,No
4/27/2012,88,92,22.3,2.1,19.7,34.5,No
4/28/2012,88,95,23.5,4.6,17.6,22.2,No
4/29/2012,81,89,27.2,6.3,5.8,21.2,No
4/30/2012,77,82,28.5,3.5,6.9,0.5,No
5/1/2012,86,83,28.7,2.7,8.2,Trace,No
5/2/2012,74,81,29.2,4.1,10.7,0.4,No
5/3/2012,86,82,29,2.8,5.3,Trace,No
5/4/2012,84,89,28,6.8,7.8,35.7,No
5/5/2012,86,93,24.9,2.1,13.8,3.4,No
5/6/2012,79,84,25.9,3.8,14.7,0,No
5/7/2012,61,83,26.5,4.3,13.4,0,No
5/8/2012,59,78,28.6,5.8,9.1,0,No
5/9/2012,33,79,29.2,5.5,15.5,0,No
5/10/2012,57,81,29.1,5.6,13.5,6.1,No
5/11/2012,88,91,26,3.2,15.4,1.4,No
5/12/2012,80,88,26.4,4.2,11.4,0.1,No
5/13/2012,76,82,27.9,3.6,5.7,4.6,No
5/14/2012,67,82,28.8,6.5,4.5,1.9,No
5/15/2012,71,89,28,3.9,11.4,22.1,No
5/16/2012,81,93,26.6,3.5,11.4,14.4,No
5/17/2012,83,90,27,3.4,11.4,2,No
5/18/2012,89,98,25.4,2.4,11.8,83.8,No
5/19/2012,79,92,26.5,5.5,8.9,7.4,No
5/20/2012,78,91,27,5.6,7.7,49.6,No
5/21/2012,87,81,25.9,3.2,26.3,Trace,No
5/22/2012,66,74,25.6,3.3,26.9,Trace,No
5/23/2012,72,78,25.7,4,22.7,0,No
5/24/2012,90,83,26.1,2.4,15.9,Trace,No
5/25/2012,78,83,27.9,4.8,18,Trace,No
5/26/2012,88,90,26.9,2.4,16.5,28.4,No
5/27/2012,90,90,26.9,3.8,14.5,5.8,No
5/28/2012,88,95,25.5,1.2,15.8,10.5,No
5/29/2012,88,87,25.5,1.3,21.3,0.1,No
5/30/2012,83,85,26.7,4.2,13.8,Trace,No
5/31/2012,83,83,27,3.7,14.5,Trace,No
6/1/2012,74,75,26.1,3.4,26,0,No
6/2/2012,83,82,26.6,5.4,14.9,8.6,No
6/3/2012,86,88,26,3.5,15.3,Trace,No
6/4/2012,70,82,27,3.9,13.6,Trace,No
6/5/2012,52,79,28.2,5.8,9.8,0,No
6/6/2012,58,82,28.3,4.7,14,0,No
6/7/2012,63,82,28.5,4.4,15,Trace,No
6/8/2012,76,81,29.5,5.2,9.8,0,No
6/9/2012,85,82,29.1,5.2,9.1,1.5,No
6/10/2012,88,87,29,4.5,17.9,26.8,No
6/11/2012,86,84,29.4,2.3,20.7,0.2,No
6/12/2012,87,83,28.9,5.1,15.4,2.8,No
6/13/2012,87,93,26.3,3.1,10.2,22.5,No
6/14/2012,77,80,27.4,5.1,10.8,Trace,No
6/15/2012,86,83,28,2.9,16.7,Trace,No
6/16/2012,88,93,26.1,3.2,14.8,60.3,No
6/17/2012,87,93,26.7,2.7,19.1,24.6,Yes
6/18/2012,87,91,27.3,4.5,19.5,17.7,Yes
6/19/2012,83,85,28.2,6,13.3,1.4,Yes
6/20/2012,76,77,29.9,5,12,0,Yes
6/21/2012,86,89,28.3,3.5,6,31.2,Yes
6/22/2012,86,83,28.5,4.1,8.4,16,No
6/23/2012,88,79,28.8,2.2,8.6,Trace,No
6/24/2012,85,81,28.8,3,7.3,4.9,No
6/25/2012,86,79,28.9,2.7,7.1,0.2,No
6/26/2012,78,81,28.8,1.9,5.7,0.8,Yes
6/27/2012,74,79,29.4,3.5,6.5,Trace,Yes
6/28/2012,46,79,29.4,5.2,8.7,0,Yes
6/29/2012,65,79,29.4,6.8,20.9,3.9,Yes
6/30/2012,73,92,26.6,4.2,12.3,38.1,Yes
7/1/2012,63,86,27.8,5.3,18.5,4.3,No
7/2/2012,58,83,28.3,4.8,15.2,Trace,No
7/3/2012,38,79,29.1,6.4,12,0,No
7/4/2012,39,78,29.6,6.6,14.4,0,No
7/5/2012,84,92,27.8,2.8,13,22,No
7/6/2012,74,84,28.5,4.9,10,0.8,No
7/7/2012,63,81,29.1,5.7,7,2.7,No
7/8/2012,70,78,29.3,4.5,5.4,0.4,No
7/9/2012,68,76,29.8,5.1,6.3,Trace,No
7/10/2012,58,74,29.9,3.9,12.8,Trace,No
7/11/2012,76,75,30,4,13.2,Trace,No
7/12/2012,55,73,30,4.8,13,1.3,No
7/13/2012,69,79,29.2,4.6,8.1,9,No
7/14/2012,75,80,29.6,5.5,10.6,7,No
7/15/2012,78,77,30.2,4.3,13.1,2.1,No
7/16/2012,85,80,29.8,4.4,8.6,18.4,No
7/17/2012,83,78,30,3.4,6.8,1,No
7/18/2012,79,84,29.1,7,4.3,34.3,No
7/19/2012,62,75,30.2,6,6.5,Trace,No
7/20/2012,74,75,30.3,4.6,6,4.2,Yes
7/21/2012,78,76,30.1,6.9,11.7,2.2,Yes
7/22/2012,83,79,28.9,5.9,18.7,1,Yes
7/23/2012,85,90,26.4,2.6,35,112,Yes
7/24/2012,88,91,26.9,3.6,18.2,99.5,Yes
7/25/2012,91,95,25.7,3.9,10.8,82.3,Yes
7/26/2012,85,97,25.5,1.2,9.9,28.1,No
7/27/2012,88,96,25.8,1.9,8.5,25.7,No
7/28/2012,72,86,27.7,6.5,10,Trace,No
7/29/2012,48,78,28.9,7,7.3,0,No
7/30/2012,38,74,29.4,6.1,10,0,No
7/31/2012,66,78,29.2,6.2,10.4,9.5,No
8/1/2012,81,73,30.6,6.2,10.7,0.2,No
8/2/2012,55,66,31.8,4.8,10.5,0,No
8/3/2012,78,68,31,3.4,8.3,Trace,No
8/4/2012,79,80,29.8,1.2,10.3,0.4,No
8/5/2012,86,83,29.5,3.2,8.7,6.8,No
8/6/2012,74,84,29,7.2,12.3,2.8,No
8/7/2012,55,78,30,5.5,10.8,Trace,No
8/8/2012,65,77,30.5,4.8,14.5,0,No
8/9/2012,36,74,30.5,5.8,13.2,0,No
8/10/2012,72,77,29.6,5,12.4,7.7,No
8/11/2012,84,86,27.6,4,7.2,64.7,No
8/12/2012,87,87,27.7,4.5,5.1,12.4,Yes
8/13/2012,86,88,27.8,3.7,7.8,9.5,Yes
8/14/2012,54,85,28.4,5.2,13.8,1.9,Yes
8/15/2012,43,77,30,6.5,5.2,0,Yes
8/16/2012,86,84,28.6,6.8,20,15.4,Yes
8/17/2012,88,85,28.2,2.9,20.1,Trace,Yes
8/18/2012,88,81,29.4,4.6,7,0.1,Yes
8/19/2012,67,78,29.2,4.4,5.9,0,Yes
8/20/2012,51,76,29.5,5.4,6.6,0,Yes
8/21/2012,63,79,29.1,3.8,7.5,Trace,Yes
8/22/2012,80,81,28,2.3,9.3,5.1,Yes
8/23/2012,53,75,28.9,5.2,7.4,0,Yes
8/24/2012,59,70,29.9,5.5,10.5,0,Yes
8/25/2012,84,64,30.1,5.6,12.4,Trace,Yes
8/26/2012,87,60,30.5,3.9,10,0,Yes
8/27/2012,76,59,30.8,4.8,10.5,0,Yes
8/28/2012,50,74,31,5.6,10.3,0,Yes
8/29/2012,74,76,29.4,5.1,10.1,2.4,Yes
8/30/2012,77,77,30.1,4.7,7.4,Trace,Yes
8/31/2012,80,85,28.5,4.9,11.1,20.4,No
9/1/2012,78,90,27.5,5,16,11.1,No
9/2/2012,57,82,28.4,6.2,17.3,6.7,No
9/3/2012,68,76,29.4,5.4,14.3,Trace,No
9/4/2012,79,85,27.9,6.2,14.3,7.6,No
9/5/2012,65,82,28.2,6.1,14.8,0.5,No
9/6/2012,84,82,29,5.5,17.4,2.3,No
9/7/2012,76,86,28.6,2.9,15.8,4.7,No
9/8/2012,60,81,28.8,4,4.3,8,No
9/9/2012,44,78,29.5,5,10,Trace,No
9/10/2012,59,77,29.3,4.1,6.1,0,No
9/11/2012,54,75,29.9,5.8,13.4,Trace,No
9/12/2012,53,77,29.8,5.3,14.6,Trace,No
9/13/2012,60,75,29,5.6,9.3,0.7,No
9/14/2012,61,65,26.9,5.7,12.7,0,No
9/15/2012,85,65,26.5,4.7,9,Trace,No
9/16/2012,23,63,27,5.2,7.7,0,No
9/17/2012,4,54,27,7.2,7.7,0,No
9/18/2012,68,59,27.4,5.1,7.5,0,No
9/19/2012,85,73,26.9,1.7,10.3,0,No
9/20/2012,88,80,27.2,3.9,17.4,1.8,No
9/21/2012,88,81,27.7,3.1,18.9,1.2,No
9/22/2012,79,88,28,4.5,12.3,23,No
9/23/2012,72,84,28.5,3.5,5.5,0.9,No
9/24/2012,82,88,27.7,7.2,10.1,121.5,No
9/25/2012,88,84,26.8,4.5,16.5,22.6,No
9/26/2012,86,81,27,3.9,7.1,0.4,No
9/27/2012,45,64,28.2,6.6,7.4,Trace,No
9/28/2012,58,58,28.2,5.3,15.1,0,No
9/29/2012,23,60,27.5,6.3,8.8,0,No
9/30/2012,64,65,26,3.4,10.3,Trace,No
10/1/2012,86,73,26,2.3,17.3,Trace,No
10/2/2012,64,72,26.2,5,16.4,0,No
10/3/2012,44,74,26.1,5.3,13,0,No
10/4/2012,51,76,26,5.3,12.8,0,No
10/5/2012,41,69,26.6,5.1,18,0.1,No
10/6/2012,54,73,26.9,5.2,17.5,Trace,No
10/7/2012,63,69,26.6,4.3,17.8,Trace,No
10/8/2012,78,72,26.5,3.8,14.3,0,No
10/9/2012,60,73,26.2,5,8,0,No
10/10/2012,23,63,26.3,5.6,7.3,0,No
10/11/2012,55,64,25.8,5.7,11.1,0,No
10/12/2012,44,71,25.3,4.6,10.8,0,No
10/13/2012,67,74,25.3,4.7,7.8,0,No
10/14/2012,71,77,25.7,4.7,7.6,0,No
10/15/2012,58,74,26.3,4.2,12.5,0,No
10/16/2012,61,74,26.2,4,11.1,Trace,No
10/17/2012,51,69,26.5,5.1,12,0,No
10/18/2012,84,69,24.6,3.2,15,0,No
10/19/2012,66,73,24.6,3.3,19.8,Trace,No
10/20/2012,53,75,24.9,4,17.5,Trace,No
10/21/2012,32,72,25,6.3,12.2,0,No
10/22/2012,20,73,25.7,6.9,8.4,0,No
10/23/2012,33,73,26.3,7,9.8,Trace,No
10/24/2012,50,74,25.6,4.7,18.6,0,No
10/25/2012,44,75,25.8,4.6,17.5,0,No
10/26/2012,85,77,25.1,2.9,17.3,0.7,No
10/27/2012,82,78,26.1,3.8,20.8,0.8,No
10/28/2012,79,77,26.2,3.4,22.3,0,No
10/29/2012,88,81,25.3,1.1,23,0.4,No
10/30/2012,90,95,23.2,4.9,16.6,33.3,No
10/31/2012,67,79,19.8,5.1,11.3,11.1,No
11/1/2012,44,62,21.1,6.4,11.6,0,No
11/2/2012,58,72,22.6,5.4,15.2,0,No
11/3/2012,60,77,23.6,3.3,17.5,Trace,No
11/4/2012,49,66,24.2,6,4.2,0,No
11/5/2012,51,70,24.1,4.3,14,0,No
11/6/2012,40,67,23.7,4.8,15.6,0,No
11/7/2012,80,76,23.2,1.8,22.3,0,No
11/8/2012,83,84,23.7,2.4,18.6,1.9,No
11/9/2012,65,88,24.9,3.1,13.1,Trace,No
11/10/2012,54,88,25.5,3.4,10,0,No
11/11/2012,84,71,22.5,4.4,11.8,0.3,No
11/12/2012,84,74,22.2,3.2,10.5,0,No
11/13/2012,40,76,23.1,5.1,7.6,0,No
11/14/2012,77,77,23.4,3.4,14.8,0,No
11/15/2012,85,80,23.1,1,22.6,Trace,No
11/16/2012,88,81,23.1,1.6,20,Trace,No
11/17/2012,89,79,20.4,5.1,9.7,3,No
11/18/2012,88,85,20.1,2.4,12,0.1,No
11/19/2012,63,77,22,2.9,18.1,0,No
11/20/2012,88,80,22.1,1.8,22.3,0.3,No
11/21/2012,90,93,22.6,1.7,15.2,3,No
11/22/2012,79,88,25.1,4.6,4.1,0.4,No
11/23/2012,86,83,22.4,7,10.2,17.7,No
11/24/2012,91,82,19.5,3.1,16.3,Trace,No
11/25/2012,96,97,21.1,2.2,14.6,11.5,No
11/26/2012,82,89,19.3,7.3,8.3,0.6,No
11/27/2012,91,95,16.5,3.7,15.5,19.5,No
11/28/2012,94,94,19.3,2.9,17.1,1.1,No
11/29/2012,98,94,20.3,1.8,10.8,2.6,No
11/30/2012,100,95,20.9,2.1,15.1,1.9,No
12/1/2012,97,92,20.8,1.3,18,0.3,No
12/2/2012,90,87,18.1,4.1,7.8,3.2,No
12/3/2012,90,91,17.1,1.7,5.5,10.9,No
12/4/2012,88,88,17.3,1.4,15.7,8.7,No
12/5/2012,89,86,16.2,2.9,12.1,6.5,No
12/6/2012,74,72,16.9,3.7,18,0,No
12/7/2012,80,78,18.4,4.1,12.6,Trace,No
12/8/2012,86,79,18.8,2.8,11.8,0.9,No
12/9/2012,47,77,19,3.8,16.1,0,No
12/10/2012,71,74,18.3,1.9,22.8,0,No
12/11/2012,73,75,18.7,3.5,13.2,0,No
12/12/2012,69,74,17.9,3.3,17.1,0,No
12/13/2012,49,77,18.9,3.9,17.8,0,No
12/14/2012,69,81,21,4.1,11.3,0,No
12/15/2012,73,88,22.3,3.6,8.5,0,No
12/16/2012,70,87,23.5,4.1,8.2,0,No
12/17/2012,84,85,21.7,2.1,21.1,0,No
12/18/2012,79,79,17.1,7.1,15.5,2.3,No
12/19/2012,88,79,15.1,4.3,17.2,1.1,No
12/20/2012,88,86,17.8,3,23.9,0,No
12/21/2012,76,89,20.7,3.9,11,Trace,No
12/22/2012,64,74,18.4,6.6,14.5,0,No
12/23/2012,40,54,13.3,5.7,14.3,0,No
12/24/2012,47,68,13.3,5.3,14.8,0,No
12/25/2012,88,73,17,3.9,8.1,0,No
12/26/2012,88,75,18.7,2.7,19.5,Trace,No
12/27/2012,83,79,18.6,1.3,11.6,Trace,No
12/28/2012,64,75,19.7,4,11.5,Trace,No
12/29/2012,90,84,18,7.1,21.3,22.1,No
12/30/2012,85,57,10.4,3.6,17.5,Trace,No
12/31/2012,28,47,10.2,6.1,11.7,0,No
1/1/2013,67,54,13.9,6.6,7,0,No
1/2/2013,57,64,16.8,4.4,12.7,0,No
1/3/2013,84,72,16.8,4.6,12.5,0,No
1/4/2013,88,72,12.9,3.3,10.8,0,No
1/5/2013,58,72,14.3,5.1,6.7,0,No
1/6/2013,36,71,15.1,3.2,10.5,0,No
1/7/2013,44,71,15.2,4.8,9,0,No
1/8/2013,67,65,17.5,4.3,6.5,0,No
1/9/2013,57,63,16.2,3.7,8.9,0,No
1/10/2013,83,65,14.7,3.2,10.7,0,No
1/11/2013,43,73,16.3,4.2,10.6,0,No
1/12/2013,72,69,16.4,4.6,7.3,Trace,No
1/13/2013,24,69,16.8,5.1,12.1,0,No
1/14/2013,9,66,15.7,5.9,8,0,No
1/15/2013,77,74,15.9,3,13.4,0,No
1/16/2013,4,71,17.4,6.5,8.9,0,No
1/17/2013,26,67,16.9,4.4,14,0,No
1/18/2013,70,69,14.6,3.3,13.2,0,No
1/19/2013,60,70,15,4.5,15.6,0,No
1/20/2013,85,75,17.8,3.3,17.2,0,No
1/21/2013,78,76,20.4,3.9,11.8,0,No
1/22/2013,59,78,21.4,6.7,5.2,Trace,No
1/23/2013,81,86,18.1,3.2,12.4,0,No
1/24/2013,44,78,18.9,4.9,7.2,0,No
1/25/2013,40,74,18.1,4.9,10.8,0,No
1/26/2013,74,80,17.7,3.5,13.4,2.8,No
1/27/2013,86,85,16.4,2.2,9.4,0.6,No
1/28/2013,49,66,16.2,4.4,21.3,0,No
1/29/2013,56,68,17.8,5.2,14.9,Trace,No
1/30/2013,56,74,18.1,3.8,15.8,0,No
1/31/2013,55,66,18.6,4,13.9,0,No
2/1/2013,32,73,20.7,7.5,4.3,0,No
2/2/2013,63,74,21.1,7.1,12.1,0,No
2/3/2013,85,82,18.9,1.5,22.8,Trace,No
2/4/2013,88,85,21.2,4.2,7.3,Trace,No
2/5/2013,82,88,22.1,4.9,9.7,Trace,No
2/6/2013,81,87,21.3,5.3,10.4,Trace,No
2/7/2013,88,87,19.1,2.5,18.6,Trace,No
2/8/2013,88,86,16.4,4.3,22.5,0.2,No
2/9/2013,88,73,14.1,3.9,9.2,Trace,No
2/10/2013,87,79,15.9,4.3,8.5,Trace,No
2/11/2013,70,80,17.2,3.6,17.5,Trace,No
2/12/2013,57,73,19,6.5,6.1,Trace,No
2/13/2013,60,71,17.4,5.2,11.9,Trace,No
2/14/2013,84,77,18.5,4.5,14.8,Trace,No
2/15/2013,85,77,20.8,6.4,9,0.5,No
2/16/2013,82,82,17.3,3.2,20.9,0.1,No
2/17/2013,71,79,18.2,4.5,14.9,0,No
2/18/2013,79,84,21.1,6.9,5.9,0,No
2/19/2013,67,86,20.9,8.4,11.1,Trace,No
2/20/2013,88,78,17.3,3,16.1,Trace,No
2/21/2013,58,79,17.7,5,13.9,Trace,No
2/22/2013,62,73,19.1,6.2,9.4,0,No
2/23/2013,54,72,18,5.6,14.4,0,No
2/24/2013,84,73,18,4.5,17.3,Trace,No
2/25/2013,79,71,19.6,5.8,19.5,0,No
2/26/2013,88,82,21.3,4.7,11.3,0.2,No
2/27/2013,72,83,22.7,4.4,4.1,Trace,No
2/28/2013,88,91,19,3.6,18.8,0.5,No
3/1/2013,88,91,20.1,3.8,14.7,0.1,No
3/2/2013,88,88,17.9,6.3,14.6,0.8,No
3/3/2013,86,65,15.3,3.8,8.2,0,No
3/4/2013,55,54,16.7,8.5,8.8,0,No
3/5/2013,29,48,18.5,6.7,17.3,0,No
3/6/2013,7,61,19.3,7.3,12.5,0,No
3/7/2013,2,63,20.4,7.7,5.3,0,No
3/8/2013,0,49,21.5,8.8,4,0,No
3/9/2013,11,65,21.5,8,4.1,0,No
3/10/2013,3,69,21.5,7.9,4.6,0,No
3/11/2013,54,78,20.3,4.5,15.6,Trace,No
3/12/2013,71,79,20.4,5.4,14.4,0.2,No
3/13/2013,68,80,22.8,6.3,4.4,Trace,No
3/14/2013,78,82,19.9,3.7,20,Trace,No
3/15/2013,69,76,19.2,4.6,18,0,No
3/16/2013,51,78,20,4.7,14,0,No
3/17/2013,82,86,21.2,4.4,10.1,0,No
3/18/2013,81,84,23.6,5.1,5,0,No
3/19/2013,86,88,24.3,5.2,4.3,18.2,No
3/20/2013,70,81,25.1,4.8,7.5,Trace,No
3/21/2013,85,90,20.8,4.8,17,0.8,No
3/22/2013,74,86,21.5,7.1,16.9,0,No
3/23/2013,78,83,23.3,4.9,4.5,0,No
3/24/2013,79,88,23.4,4.3,2.6,1.1,No
3/25/2013,88,91,21.2,3.6,19,0.9,No
3/26/2013,90,97,19,1.4,19.7,13.6,No
3/27/2013,84,90,20,3.1,7.1,1.5,No
3/28/2013,89,94,19.7,1.6,15.4,31.4,No
3/29/2013,89,92,20.3,3.7,10.3,2.7,No
3/30/2013,94,95,18.7,1.8,22.4,58.2,No
3/31/2013,88,94,19.7,2,17.7,1,No
4/1/2013,85,84,20.1,3.8,18.6,0.1,No
4/2/2013,86,93,21.1,2.5,10.3,13.3,No
4/3/2013,90,91,19.1,1.8,22.5,9.2,No
4/4/2013,88,96,19.3,1.7,19.7,0.5,No
4/5/2013,88,95,23.3,6.5,11.4,34.7,No
4/6/2013,79,77,20.4,7.9,11.6,36.8,No
4/7/2013,77,66,17.4,3.8,15.5,0,No
4/8/2013,87,77,18.8,1.5,21.3,Trace,No
4/9/2013,88,95,19.4,2.8,11.9,25.1,No
4/10/2013,89,93,18.4,2.1,11,14.1,No
4/11/2013,88,89,17.3,2.4,13.5,13.8,No
4/12/2013,82,87,17.2,3.3,10.9,2.1,No
4/13/2013,78,64,19.9,5.6,11.2,0,No
4/14/2013,61,69,21.6,4.6,9.4,0,No
4/15/2013,30,79,22.9,7.6,9.3,0,No
4/16/2013,73,89,22.8,4.2,9.5,0.4,No
4/17/2013,88,94,24.8,3.1,3.6,15.6,No
4/18/2013,85,91,25.5,3.6,4,8.2,No
4/19/2013,86,93,25.2,6.4,8,8.9,No
4/20/2013,82,92,22.7,4.6,17.3,12.2,No
4/21/2013,87,88,22,3.5,18.3,0.3,No
4/22/2013,88,89,19.8,1.6,25.7,1,No
4/23/2013,76,89,22.1,7,15,0.5,No
4/24/2013,59,83,25,7.8,5.2,0,No
4/25/2013,74,85,26,7.5,6.8,30.3,No
4/26/2013,87,84,22.1,2.4,19.1,2.9,No
4/27/2013,88,77,21.5,3.7,24.1,Trace,No
4/28/2013,88,89,22.1,2.7,17.9,Trace,No
4/29/2013,86,93,23.7,3.5,10.6,Trace,No
4/30/2013,83,89,24.4,8.2,13.3,23.8,No
5/1/2013,76,86,21.8,5,16.2,1.2,No
5/2/2013,87,73,19.3,5.3,26.4,0.9,No
5/3/2013,88,85,19.7,3.4,20,33.8,No
5/4/2013,87,83,20.8,4.1,13.8,Trace,No
5/5/2013,86,87,22.1,3.3,14.8,Trace,No
5/6/2013,87,91,22.4,2.4,16,Trace,No
5/7/2013,88,89,23.3,3.3,15.2,Trace,No
5/8/2013,90,93,22.9,0.9,12.7,29.7,No
5/9/2013,78,91,25.2,6.4,9.5,31.3,No
5/10/2013,77,91,25,5.2,5.2,23.4,No
5/11/2013,69,84,25.6,5.9,6.7,0.1,No
5/12/2013,86,92,24.7,2.4,10.5,1.4,No
5/13/2013,73,88,26,6,12.1,0.2,No
5/14/2013,72,91,26.2,3.8,12.2,Trace,No
5/15/2013,81,85,28.4,5.1,7.9,Trace,No
5/16/2013,83,86,27.6,5.3,8.7,5.4,No
5/17/2013,86,94,25.9,2.7,7.6,13.9,No
5/18/2013,85,88,28.3,5,10.3,21,No
5/19/2013,88,84,29.2,2.7,14.1,0.1,No
5/20/2013,82,82,29,5.9,10.3,26,No
5/21/2013,86,91,25.7,5.5,7.9,26.3,No
5/22/2013,90,95,24.8,2.8,5.1,230.8,No
5/23/2013,84,87,26.5,5.2,6.5,Trace,No
5/24/2013,71,81,27.8,5.7,8,Trace,No
5/25/2013,89,96,25.7,2.3,9.3,52,No
5/26/2013,85,87,27.8,4.2,6.8,11.3,No
5/27/2013,86,82,28.8,1.9,14.6,0.1,No
5/28/2013,72,83,29.2,3.4,7.8,Trace,No
5/29/2013,76,81,29.1,4.1,5.7,0.4,No
5/30/2013,54,78,29.3,5.3,6.1,0,No
5/31/2013,28,75,29.5,5.8,9.5,0,No
6/1/2013,27,76,29.6,4.7,12.7,0,No
6/2/2013,52,75,29.8,4.8,15,Trace,No
6/3/2013,63,77,29.8,5.9,11.5,0,No
6/4/2013,80,87,28,6.9,12,20.2,No
6/5/2013,80,89,26.8,3.2,9.4,2.4,No
6/6/2013,79,90,27.1,4.6,9.8,13.6,No
6/7/2013,65,78,29.2,5.2,5.2,0.2,No
6/8/2013,80,80,29.3,4.2,13.5,10.6,No
6/9/2013,80,86,29.1,4.2,9.4,15.7,No
6/10/2013,86,84,28.6,4.8,8.2,12.6,No
6/11/2013,89,95,24,5.7,6.3,168.9,No
6/12/2013,86,82,24.4,3.7,8.1,1.1,No
6/13/2013,88,86,25,3.3,12.5,1.4,No
6/14/2013,91,94,24.9,2.4,22.8,30.8,No
6/15/2013,91,98,25.6,1.1,14.9,62,No
6/16/2013,88,96,26.8,2,15.2,5.4,No
6/17/2013,82,94,27.5,3.5,15.6,6.5,No
6/18/2013,59,85,28.8,5.7,11.3,Trace,No
6/19/2013,27,76,29.7,5.7,6.1,0,No
6/20/2013,47,76,30.1,6.1,10.3,0,Yes
6/21/2013,69,80,29.6,6,19.9,0.8,Yes
6/22/2013,84,90,27.5,3.6,19.6,15.2,Yes
6/23/2013,82,88,27.6,5.4,8.5,12.1,Yes
6/24/2013,89,88,27.4,4.6,6.1,57,Yes
6/25/2013,86,81,29.3,2.7,12.8,0.7,No
6/26/2013,74,78,29.7,3.3,13.7,Trace,No
6/27/2013,74,77,29.8,3.8,13.5,1.2,No
6/28/2013,72,76,29.8,3.7,7.7,0.2,Yes
6/29/2013,69,79,29.8,2.8,6.8,Trace,Yes
6/30/2013,32,77,29.8,5.1,13,0,Yes
7/1/2013,81,86,28.2,5.5,17,29.5,Yes
7/2/2013,71,77,29.4,5.5,9.5,0,Yes
7/3/2013,48,78,29.7,5.6,6.6,Trace,No
7/4/2013,36,76,29.5,4.9,5.9,Trace,No
7/5/2013,42,71,29.8,5.4,6.8,0,No
7/6/2013,70,81,28.5,3.1,6,4.6,No
7/7/2013,82,85,27.3,6.2,6.6,40.7,No
7/8/2013,79,77,28.8,5.7,5.4,0.3,No
7/9/2013,70,78,29,6.2,8.6,Trace,No
7/10/2013,78,85,27.5,4.9,7.9,14.2,No
7/11/2013,49,80,28.8,6.2,5.1,0.3,No
7/12/2013,26,76,29.7,5.1,11,0,No
7/13/2013,63,78,30.1,5.1,15.9,0,No
7/14/2013,89,81,29.3,7.1,13.1,41.4,No
7/15/2013,86,96,26,3.3,9.2,44.9,No
7/16/2013,83,94,25.9,2.1,9.3,7,Yes
7/17/2013,88,94,26.2,5.3,13,29.5,Yes
7/18/2013,80,84,27.3,5.8,9.2,0.5,Yes
7/19/2013,85,92,26.8,3.9,13.6,23,Yes
7/20/2013,88,92,27.3,3.5,12.2,3.5,No
7/21/2013,84,89,27.4,3.6,13.3,0.4,No
7/22/2013,84,90,27.8,3.9,15.8,8.2,No
7/23/2013,82,92,27.4,4.1,13.2,12.3,No
7/24/2013,86,95,26,2.4,12,26.8,No
7/25/2013,88,97,25.7,2.3,7.5,57.7,No
7/26/2013,86,92,26.2,3,5.3,65.4,No
7/27/2013,83,89,27,6.2,6.4,14.8,No
7/28/2013,75,87,27.7,6.5,8.7,10.8,No
7/29/2013,47,86,28,6.3,10.6,0,No
7/30/2013,44,78,29.1,6.5,9.9,0,No
7/31/2013,77,81,29.4,4.7,19.5,0.5,Yes
8/1/2013,79,84,28.3,5.3,22.5,4.5,Yes
8/2/2013,85,93,26.5,3.4,18.4,72.4,Yes
8/3/2013,84,88,28.2,5.9,8.3,13.3,Yes
8/4/2013,49,79,29.2,5.8,7.2,Trace,No
8/5/2013,18,73,29.4,5.9,6.3,0,No
8/6/2013,39,78,29.5,5.7,11.9,0,No
8/7/2013,71,82,29.2,4,13,0.5,No
8/8/2013,58,78,29.4,6,6.7,1.3,No
8/9/2013,25,76,29.6,5.2,13.3,0,Yes
8/10/2013,53,80,30,5,8.8,0,Yes
8/11/2013,51,77,29.8,5.4,12.8,0,Yes
8/12/2013,53,71,30.6,7.2,11,Trace,Yes
8/13/2013,85,86,27.5,4.5,26.5,48.4,Yes
8/14/2013,88,92,26.6,2.4,18.7,59.4,Yes
8/15/2013,88,83,28.2,2.4,7.2,0.7,Yes
8/16/2013,88,87,28,1.9,6,5.3,Yes
8/17/2013,89,86,28.2,3.3,7.2,35.6,No
8/18/2013,86,86,28.4,3.3,6.5,3.7,No
8/19/2013,83,92,27.5,3.5,3.9,30.6,No
8/20/2013,73,82,28.9,4.8,5.9,Trace,No
8/21/2013,82,81,29.2,3.6,11,0.2,No
8/22/2013,86,82,29.2,4.6,16.7,20.1,No
8/23/2013,88,84,28.6,2.9,12.6,26,No
8/24/2013,88,87,28,4.1,5.8,51.6,No
8/25/2013,73,91,27.7,4.1,10.9,7.3,No
8/26/2013,31,82,28.8,6.2,10.3,0,No
8/27/2013,25,79,29.3,5.9,6.3,0,No
8/28/2013,46,75,29.7,6,6.4,0,No
8/29/2013,80,77,29.6,4.2,6.4,0,No
8/30/2013,88,87,27.3,5.3,13.2,29.5,No
8/31/2013,88,90,26.4,4.9,7.1,35,No
9/1/2013,77,81,27.2,4.7,7.1,1,No
9/2/2013,61,84,27.5,5.3,7.9,40.6,No
9/3/2013,83,93,26,3,6.3,5,No
9/4/2013,88,96,25,2.5,11,88.9,No
9/5/2013,89,98,24.1,1.5,11,197.7,No
9/6/2013,65,86,26.3,5.4,14,0.3,No
9/7/2013,35,80,27.5,5.3,11.8,0,No
9/8/2013,34,78,28,5.3,13.3,0,No
9/9/2013,54,78,28.2,4.8,16.8,0,No
9/10/2013,68,81,28.6,5.2,13.8,0,No
9/11/2013,66,83,28.4,3.8,14.4,0,No
9/12/2013,66,81,28.5,4.5,15.8,0,No
9/13/2013,76,82,27.8,3.9,12.2,0.2,No
9/14/2013,52,81,28,5.4,10.8,0,No
9/15/2013,47,83,28.2,6.5,7.7,15.2,No
9/16/2013,57,79,28.1,4.8,21.7,0.8,No
9/17/2013,55,72,27.8,3.6,24.6,0,Yes
9/18/2013,65,76,27.7,4,23.8,Trace,Yes
9/19/2013,57,77,28.5,4.8,17,0,Yes
9/20/2013,61,78,29.2,5.3,9.5,0,Yes
9/21/2013,63,60,31.2,6.4,10.2,0,Yes
9/22/2013,88,78,28,6.6,24.1,30.6,Yes
9/23/2013,92,88,27.9,6.1,10.2,56.9,Yes
9/24/2013,82,86,28.1,3.4,19,1.3,No
9/25/2013,60,79,28.2,4.4,18.9,Trace,No
9/26/2013,62,77,27.5,4.8,15.4,0.1,No
9/27/2013,61,77,26.5,5.7,15.3,0.1,No
9/28/2013,80,81,26.5,4,13,2.6,No
9/29/2013,87,82,25.7,3.1,16.3,2.9,No
9/30/2013,88,92,25.3,2.9,20.4,10,No
10/1/2013,55,82,27.2,4.7,16.4,0,No
10/2/2013,22,69,27.8,5.9,5.7,0,No
10/3/2013,32,68,26.7,5.5,8.9,0,No
10/4/2013,26,72,26.2,4.7,6.9,0,No
10/5/2013,17,63,26.3,6.1,6.1,0,No
10/6/2013,5,47,27.7,7.1,9.1,0,No
10/7/2013,33,55,28.3,6.5,10.4,0,No
10/8/2013,84,65,26.8,3.4,8.9,0,No
10/9/2013,77,75,27.2,4.7,12.6,Trace,No
10/10/2013,51,82,27,5.7,14.3,2.8,No
10/11/2013,40,77,27.8,5.6,7.4,0,No
10/12/2013,72,68,27.6,4,14.5,Trace,No
10/13/2013,68,67,27.2,4.8,18.3,0,No
10/14/2013,86,76,26.1,1.7,17.3,Trace,No
10/15/2013,60,75,26.9,4.3,15.1,0,No
10/16/2013,78,71,25.8,2.9,20.2,Trace,No
10/17/2013,86,74,24.5,2,20.2,Trace,No
10/18/2013,73,68,25.2,5.3,14.4,Trace,No
10/19/2013,58,67,25.2,5,8.9,0,No
10/20/2013,32,69,25.4,5.4,9.3,0,No
10/21/2013,65,73,24.8,4.6,8.5,0.1,No
10/22/2013,29,63,25.1,5.7,7.1,0,No
10/23/2013,9,49,24.6,5.7,8.1,0,No
10/24/2013,19,41,24.4,6.6,10,0,No
10/25/2013,21,39,23.8,5.5,14.4,0,No
10/26/2013,3,50,22,6.2,11,0,No
10/27/2013,29,67,22,4.5,13.4,0,No
10/28/2013,30,70,22.8,4.8,18,0,No
10/29/2013,67,72,23.7,4.2,15.6,0,Yes
10/30/2013,47,73,24.2,3.6,15,0,Yes
10/31/2013,30,73,24.8,5.7,12.3,Trace,Yes
11/1/2013,57,65,25.5,6.9,6.7,0,Yes
11/2/2013,81,65,26.2,2.6,14.4,Trace,Yes
11/3/2013,88,71,25.6,4.1,20.3,0.4,Yes
11/4/2013,89,87,22.7,2.8,13.8,12.2,Yes
11/5/2013,91,88,22.6,3.3,14.4,3.6,No
11/6/2013,83,81,24.2,4.8,8.7,Trace,No
11/7/2013,70,80,24.1,3.7,17,0,No
11/8/2013,67,76,24.2,4.1,14.4,Trace,No
11/9/2013,77,74,25.5,4.8,24.5,Trace,No
11/10/2013,88,84,25.4,2.7,25.4,7.6,No
11/11/2013,83,85,24.1,2.3,30,Trace,No
11/12/2013,88,95,21.9,2,19.3,33.4,No
11/13/2013,88,91,20.7,1.6,10.3,3.9,No
11/14/2013,67,79,21,4,11,Trace,No
11/15/2013,35,72,21.5,5.9,7.6,0,No
11/16/2013,31,68,21.7,4.7,7.9,0,No
11/17/2013,54,58,21.3,5,8.4,0,No
11/18/2013,31,53,20.7,5.1,13.4,0,No
11/19/2013,81,64,20.2,2.6,14.5,0,No
11/20/2013,86,71,20.1,2.1,17,Trace,No
11/21/2013,81,66,20.5,5,16.1,0.5,No
11/22/2013,82,78,21,3.3,19.2,0.7,No
11/23/2013,70,76,21.7,2.4,21.2,Trace,No
11/24/2013,76,82,22.7,5.4,10.9,15.2,No
11/25/2013,28,54,19.5,5.6,8.8,0,No
11/26/2013,59,71,19.6,3.6,14.7,0,No
11/27/2013,73,78,20.1,7.2,14.3,0.5,No
11/28/2013,68,68,15.6,5,13,5.1,No
11/29/2013,14,40,15,4.3,11.6,0,No
11/30/2013,18,54,16,6.1,8.6,0,No
12/1/2013,4,50,17.1,6.4,6.5,0,No
12/2/2013,10,52,17.7,6.8,7.3,0,No
12/3/2013,31,66,18.9,4.2,11.8,0,No
12/4/2013,6,52,19.2,6.6,6.8,0,No
12/5/2013,5,50,18.3,5.6,7.8,0,No
12/6/2013,0,47,18.3,5.7,5.9,0,No
12/7/2013,5,65,19.3,5.5,7,0,No
12/8/2013,77,74,20,3.2,12.6,Trace,No
12/9/2013,67,61,22,5.1,6.8,0,No
12/10/2013,80,66,20.1,3.3,14.2,0,No
12/11/2013,85,66,19.2,2.8,13,0,No
12/12/2013,88,65,18,2.7,18.6,Trace,No
12/13/2013,88,75,19.2,2.8,8.2,Trace,No
12/14/2013,92,84,18.8,3.3,16.4,13,No
12/15/2013,96,98,17,1.1,19.4,22.7,No
12/16/2013,91,96,13.6,5,12.1,24.8,No
12/17/2013,92,94,12.3,1.7,9.9,27.8,No
12/18/2013,44,71,10.9,4.2,16.8,0,No
12/19/2013,40,65,12,5.5,11.7,0,No
12/20/2013,67,64,13.9,5.1,10,0,No
12/21/2013,74,62,14.4,2.9,9.5,0,No
12/22/2013,26,62,13.5,4.7,9.5,0,No
12/23/2013,13,58,14.6,6.6,5.7,0,No
12/24/2013,25,60,14.8,5.7,7.3,0,No
12/25/2013,46,57,15.3,4.2,7.5,0,No
12/26/2013,1,45,14.8,4.8,13.4,0,No
12/27/2013,0,43,13,4.2,14,0,No
12/28/2013,0,47,12,4.7,7.4,0,No
12/29/2013,0,51,12.1,6,9,0,No
12/30/2013,4,50,13.8,5.6,4.2,0,No
12/31/2013,0,49,15.3,5.6,3.9,0,No
1/1/2014,0,54,15.7,5.9,6,0,No
1/2/2014,49,73,16.8,4.9,10.6,0,No
1/3/2014,28,65,19.8,5.3,5.8,0,No
1/4/2014,0,51,18.8,5,9.2,0,No
1/5/2014,2,60,16.3,4.2,14.8,0,No
1/6/2014,26,72,16.5,3.7,21.8,0,No
1/7/2014,88,81,17.8,2.6,18.2,Trace,No
1/8/2014,74,84,18.8,4.9,7.3,Trace,No
1/9/2014,83,68,15.5,2.3,12.1,0,No
1/10/2014,87,76,15.3,1.8,22.7,Trace,No
1/11/2014,32,78,16.2,4.7,18.1,0,No
1/12/2014,29,73,17.5,6.4,7.3,0,No
1/13/2014,50,67,13.9,4.4,11.5,0,No
1/14/2014,39,65,13.2,6.2,10.3,0,No
1/15/2014,27,62,13.2,4.9,11.9,0,No
1/16/2014,28,68,13.9,4.9,15.9,0,No
1/17/2014,15,75,15.5,6.2,6.7,0,No
1/18/2014,0,48,16.2,6.2,8.7,0,No
1/19/2014,22,69,14.6,3.5,12.5,0,No
1/20/2014,10,51,16.4,7.1,6.8,0,No
1/21/2014,0,33,14.9,4.7,12.5,0,No
1/22/2014,0,43,13.3,6.7,9.5,0,No
1/23/2014,12,70,13.3,4.2,12.3,0,No
1/24/2014,46,78,15.6,5.6,16,0,No
1/25/2014,83,78,18.4,4.9,13.1,0,No
1/26/2014,74,76,19,8.1,11.2,0,No
1/27/2014,30,74,16.4,3.9,18.8,0,No
1/28/2014,21,75,17,5.5,12.4,0,No
1/29/2014,2,72,17.8,5.6,12.3,0,No
1/30/2014,5,75,18.9,7,5.5,0,No
1/31/2014,16,77,19.4,6.4,7.6,0,No
2/1/2014,34,83,20,3.9,7.3,0,No
2/2/2014,16,76,20.2,6.3,3.9,0,No
2/3/2014,3,71,20.6,7.2,5.7,0,No
2/4/2014,73,82,18.2,2.8,21.8,Trace,No
2/5/2014,82,82,17.1,3.1,23.2,Trace,No
2/6/2014,81,87,18.6,4.9,14.2,Trace,No
2/7/2014,84,87,20.3,5.3,9.8,Trace,No
2/8/2014,88,90,16.6,2,14.5,0.3,No
2/9/2014,93,95,14.5,6.3,17.7,13.1,No
2/10/2014,88,77,9.1,2.2,13.1,0.3,No
2/11/2014,89,69,8.4,2.2,10.3,Trace,No
2/12/2014,96,85,8.9,3.2,8.8,0.4,No
2/13/2014,96,91,8.7,1.8,10.8,21.4,No
2/14/2014,64,67,10.6,6.4,8.5,0,No
2/15/2014,86,79,11.8,3.9,15.5,Trace,No
2/16/2014,100,89,14.2,2.1,21.5,Trace,No
2/17/2014,90,95,17.6,5.6,9,0,No
2/18/2014,88,90,17,9.3,10.2,Trace,No
2/19/2014,84,75,10,4.5,12.7,3.8,No
2/20/2014,5,62,12.3,9.1,8.7,0,No
2/21/2014,74,75,13.8,2.9,24.1,0,No
2/22/2014,85,77,14.7,4.5,25.3,0.2,No
2/23/2014,52,78,16.2,4.8,21.5,0,No
2/24/2014,64,82,17,4.3,17.4,Trace,No
2/25/2014,83,85,18.7,3.6,14.3,0,No
2/26/2014,73,87,20.2,6.2,7.4,Trace,No
2/27/2014,80,89,19.6,2.4,14.8,Trace,No
2/28/2014,88,87,18.3,1.6,18,Trace,No
3/1/2014,86,89,20,3.7,12.6,0,No
3/2/2014,90,91,19,5.7,12.3,0.6,No
3/3/2014,89,87,15.8,0.9,27.8,Trace,No
3/4/2014,94,91,16.8,2.8,14.3,0.1,No
3/5/2014,89,86,16.7,1.7,16.4,0.1,No
3/6/2014,88,88,15.3,1.1,28.7,Trace,No
3/7/2014,89,88,14.6,1,30.6,0.1,No
3/8/2014,94,94,15.1,2,17.4,0.9,No
3/9/2014,88,87,14.8,1.3,8.7,Trace,No
3/10/2014,88,81,14.4,1.7,27.8,Trace,No
3/11/2014,88,86,15,1.8,27.2,0.3,No
3/12/2014,93,96,17.7,4.1,9.1,0.1,No
3/13/2014,85,77,20.2,3.2,3.7,0.3,No
3/14/2014,84,73,17.1,5.2,14.8,0.4,No
3/15/2014,90,67,16,2.8,18.4,Trace,No
3/16/2014,82,70,18.1,3.6,15.5,0,No
3/17/2014,86,88,20.4,4.5,8.3,Trace,No
3/18/2014,85,89,21.9,5.1,8.9,0,No
3/19/2014,48,86,22.7,6.4,8.5,0,No
3/20/2014,31,81,21.5,6.5,5.4,0,No
3/21/2014,88,69,16.5,3.2,13,Trace,No
3/22/2014,53,67,17.3,5.6,19.7,0,No
3/23/2014,42,70,18.4,6.1,21.7,0,No
3/24/2014,45,72,19.5,6.5,17.5,0,No
3/25/2014,37,73,21.9,7.6,12.3,0,No
3/26/2014,55,82,22.6,5.6,3.1,Trace,No
3/27/2014,53,82,23.5,7,8.4,0,No
3/28/2014,88,92,22.2,2.1,12.3,Trace,No
3/29/2014,87,94,21.8,2.8,6.5,19,No
3/30/2014,90,91,22.6,6.9,12.4,103.1,No
3/31/2014,93,98,20,2.3,12.7,82.6,No
4/1/2014,89,98,20.2,1.4,11.1,8,No
4/2/2014,88,97,19.4,1.7,16.3,24.4,No
4/3/2014,89,97,19.6,2.2,10.3,42.3,No
4/4/2014,60,82,20.6,3.7,15.2,0,No
4/5/2014,34,73,20.8,6.5,14.3,0,No
4/6/2014,90,89,19.2,3.5,16.8,9.3,No
4/7/2014,88,86,19.2,2.2,24,Trace,No
4/8/2014,80,95,19.9,2.4,12.1,27.5,No
4/9/2014,55,89,22.3,6.7,13.8,Trace,No
4/10/2014,71,85,22.1,3.3,13.6,Trace,No
4/11/2014,77,85,22.7,5.1,14.3,Trace,No
4/12/2014,49,82,24.1,6,12.8,0,No
4/13/2014,24,84,24.7,6.6,5.2,0,No
4/14/2014,57,84,22.8,2.8,17.8,0.4,No
4/15/2014,75,78,21.9,3.9,21.8,0,No
4/16/2014,88,84,22.1,2.6,13.9,0,No
4/17/2014,55,86,24.1,5.4,11.8,0,No
4/18/2014,32,84,24.9,6.2,9.2,0,No
4/19/2014,46,85,25,4.7,10.5,0,No
4/20/2014,72,82,25.4,4.6,2.6,0,No
4/21/2014,86,91,23.8,2,11.2,0.6,No
4/22/2014,88,86,24.8,4.6,7.8,Trace,No
4/23/2014,93,96,22.4,3.5,17.1,13.3,No
4/24/2014,90,95,21.7,1,18.7,1.5,No
4/25/2014,92,95,22.6,2.1,13.1,1.7,No
4/26/2014,84,90,23.1,2.9,9.8,2.7,No
4/27/2014,63,73,25.5,6.9,5.8,0,No
4/28/2014,69,68,25.4,5,9.5,0,No
4/29/2014,79,81,23.9,2.8,15.7,0,No
4/30/2014,85,85,23.3,2.7,14.4,0.7,No
5/1/2014,88,87,22.8,4.3,17.3,2.8,No
5/2/2014,83,81,24,4.7,17,Trace,No
5/3/2014,81,76,24.6,3.7,18.9,0.2,No
5/4/2014,88,95,22.4,2.3,17.4,7.3,No
5/5/2014,84,91,21.8,3.6,12.1,26.6,No
5/6/2014,88,89,19.9,1.6,18.3,1,No
5/7/2014,94,94,20.4,1.4,17,3.2,No
5/8/2014,98,97,22.2,2,12.7,106.3,No
5/9/2014,98,99,21.7,1.3,15.2,89.1,No
5/10/2014,87,95,23.3,4.1,8.6,12.5,No
5/11/2014,92,95,24.3,4.3,8.7,164.5,No
5/12/2014,87,92,25.8,6,5,40.9,No
5/13/2014,84,89,27.3,4.3,6.2,57.5,No
5/14/2014,79,82,28.7,3.4,11.3,2,No
5/15/2014,79,83,28.9,3.5,12.9,2.8,No
5/16/2014,82,90,28.2,3.5,4.1,18.8,No
5/17/2014,86,88,28.3,3.7,5.3,10.7,No
5/18/2014,84,82,28.7,2.9,9.2,1.2,No
5/19/2014,82,81,28.9,6.2,12,0.7,No
5/20/2014,89,88,26.9,6.7,12.4,53.2,No
5/21/2014,86,88,27.1,6.7,4.8,47.1,No
5/22/2014,88,80,29.1,1.7,8.4,Trace,No
5/23/2014,87,90,27.4,3.5,7.9,33.1,No
5/24/2014,77,87,27.9,5.6,12,0,No
5/25/2014,71,78,29.5,5.9,6,3.6,No
5/26/2014,71,78,29.6,4.2,12.6,Trace,No
5/27/2014,66,78,29.7,4.9,12.8,0,No
5/28/2014,57,77,29.4,4.5,15.7,0,No
5/29/2014,78,79,29.4,3.3,14.1,Trace,No
5/30/2014,67,76,29.8,4.1,9.3,2.2,No
5/31/2014,53,76,30.1,4.4,6.2,Trace,No
6/1/2014,60,77,30.2,5.1,10.6,3.7,No
6/2/2014,67,74,30.1,4.3,17.3,0,No
6/3/2014,83,79,29.5,2.9,15.8,Trace,No
6/4/2014,56,75,30.2,4.2,11.9,0,No
6/5/2014,80,79,29.9,3.6,7.2,0.2,No
6/6/2014,88,81,28,3.5,7.1,17.2,No
6/7/2014,87,84,27.2,4.8,3.8,7.6,No
6/8/2014,75,82,28.6,5.3,8,57.6,No
6/9/2014,80,81,27.8,4.6,19.4,Trace,No
6/10/2014,82,79,28.4,3.7,15.5,Trace,No
6/11/2014,85,78,28.1,2,16.9,Trace,No
6/12/2014,59,68,28.8,5.4,15.2,0,No
6/13/2014,46,58,28.8,5.6,12.9,0,No
6/14/2014,75,59,29.8,5.7,8.7,Trace,Yes
6/15/2014,87,80,28.2,5.5,9.8,9.9,Yes
6/16/2014,88,81,29.6,5.3,8.8,3.8,Yes
6/17/2014,87,79,30.2,2.7,8.6,1.1,Yes
6/18/2014,80,79,30.1,4.8,8,6,Yes
6/19/2014,83,83,29.7,5.1,4.6,10.5,No
6/20/2014,87,85,29.2,4.3,4.9,29.2,No
6/21/2014,87,88,28.4,4.9,8.3,47.6,No
6/22/2014,86,94,26.6,2.9,6,114.9,No
6/23/2014,84,89,27.8,3,4.8,41.5,No
6/24/2014,85,91,27.8,4.2,5,45.9,No
6/25/2014,83,92,27.6,3.8,5.8,18.5,No
6/26/2014,73,78,30.3,5.7,6.6,0.1,No
6/27/2014,69,78,30.5,5.3,4.9,0,No
6/28/2014,59,78,30.3,4.6,8.7,0,No
6/29/2014,74,84,29.3,5.5,11.5,20.4,No
6/30/2014,80,85,29.3,5.4,8.6,0.9,No
7/1/2014,82,88,28.7,5.3,6.3,13.9,No
7/2/2014,73,81,30.1,4.9,5.3,Trace,No
7/3/2014,72,77,30.5,4,10.5,0.1,No
7/4/2014,57,76,30.9,4.5,8.3,0,No
7/5/2014,68,76,30.9,4.9,8.2,1.5,No
7/6/2014,82,79,30.4,5,8.2,14.8,No
7/7/2014,88,84,29,3.4,7.7,5.5,No
7/8/2014,85,78,30.5,5.1,8.2,0,No
7/9/2014,63,76,30.8,5,5.5,Trace,No
7/10/2014,77,80,30.1,5.3,5.6,16.9,No
7/11/2014,76,82,29.4,5.4,5.2,23.3,Yes
7/12/2014,65,81,30.3,5.3,6,5.8,Yes
7/13/2014,70,80,30,4.6,5.2,2.9,Yes
7/14/2014,74,80,29.9,5.3,5.4,22.6,Yes
7/15/2014,77,75,30.6,5,5.3,0.2,Yes
7/16/2014,78,76,30.2,5.4,10.1,Trace,Yes
7/17/2014,79,81,29.2,5.4,22.5,34.5,Yes
7/18/2014,88,88,27.6,2.7,22.6,19.5,Yes
7/19/2014,85,86,28.7,4.8,11,6.5,Yes
7/20/2014,81,85,28.9,5.8,10.1,11.1,Yes
7/21/2014,73,75,29.7,4.9,5,0,No
7/22/2014,53,79,29.4,7,10.4,35.7,No
7/23/2014,60,79,30.6,3.7,17.7,0,No
7/24/2014,88,83,29.8,3.1,14.8,7.3,No
7/25/2014,82,77,29.9,6.2,7.7,6.2,No
7/26/2014,87,87,28.4,4.3,9.5,6.7,No
7/27/2014,75,90,27.9,4.7,10.2,25.5,No
7/28/2014,40,77,29.6,6,8.9,0,No
7/29/2014,52,76,30,6.7,8.2,0,No
7/30/2014,34,78,30.4,5.5,6.8,0,No
7/31/2014,16,75,30.8,4.9,13.1,0,No
8/1/2014,39,78,30.2,8.7,13,5.9,No
8/2/2014,47,79,29.7,6.7,11.9,10.7,No
8/3/2014,60,82,29.3,6.2,8.7,39.3,No
8/4/2014,72,81,30.2,5.5,5.2,12,No
8/5/2014,73,86,29.2,3.4,7.3,21.1,No
8/6/2014,83,87,28.1,5,5.3,36.5,No
8/7/2014,87,85,29,4.3,10.7,14.5,No
8/8/2014,57,78,29.9,4.2,12.7,0,No
8/9/2014,72,77,30.1,3.2,12.9,0,No
8/10/2014,74,78,29.8,4.9,16.9,5.1,No
8/11/2014,78,80,29.9,3.6,13,Trace,No
8/12/2014,88,85,28.9,6.7,12.1,102.9,No
8/13/2014,93,96,26,4.5,8.2,166.1,No
8/14/2014,79,85,28.1,5.3,10.3,0.5,No
8/15/2014,53,78,29.2,5.7,10.7,0,No
8/16/2014,65,79,29.3,4,14.4,0,No
8/17/2014,49,78,29.3,4.6,13.2,0,No
8/18/2014,76,76,29.6,4.7,13.9,0,No
8/19/2014,93,86,27.4,6.7,10.8,42.1,No
8/20/2014,88,95,24.7,3.6,4.4,88.8,No
8/21/2014,68,86,26.9,6.8,8.4,0.1,No
8/22/2014,61,81,28.5,5.3,7.6,0,No
8/23/2014,51,78,29.1,5,4.1,Trace,No
8/24/2014,40,76,29.1,6.3,8.6,0,No
8/25/2014,40,77,29.9,6.8,10.9,0,No
8/26/2014,40,76,30.1,6.3,12.8,0,No
8/27/2014,77,78,29.4,3.5,23.5,0.7,No
8/28/2014,79,81,29.5,4,19.3,0.3,No
8/29/2014,53,75,30.1,6.6,11.3,0,No
8/30/2014,60,75,30.1,6.2,12.7,0,No
8/31/2014,84,83,29.1,3,16.3,1.6,No
9/1/2014,57,80,29.5,5.6,11.5,2.2,No
9/2/2014,36,75,29.4,4.8,5.5,0,No
9/3/2014,33,75,29.8,5.2,12.5,0,No
9/4/2014,51,77,29.2,4.2,11,6.7,No
9/5/2014,65,80,29.7,4.8,14.5,Trace,No
9/6/2014,52,75,29.9,5.9,12.7,Trace,No
9/7/2014,79,79,29.8,4.6,18.5,0.6,Yes
9/8/2014,86,83,29.1,3.5,7.9,3,Yes
9/9/2014,52,76,29.7,4.5,4.8,0,No
9/10/2014,59,75,30,5.8,6.3,Trace,No
9/11/2014,73,75,30.3,6,11.8,Trace,No
9/12/2014,86,88,28,5.5,17,32.1,Yes
9/13/2014,65,85,29,5.2,11.7,6.2,Yes
9/14/2014,46,80,29.8,5.8,10,0.5,Yes
9/15/2014,75,79,29.2,6.8,20.6,17.6,Yes
9/16/2014,87,89,27.3,2.6,26.5,51.6,Yes
9/17/2014,85,88,28.1,3.9,8.8,7.7,Yes
9/18/2014,32,79,29.1,5.6,6.1,Trace,No
9/19/2014,35,77,29.9,4.8,11.2,0.3,No
9/20/2014,63,66,29.2,6.3,11,0,No
9/21/2014,71,66,27.2,4.2,7.8,0,No
9/22/2014,64,68,27.2,4.4,5.5,Trace,No
9/23/2014,47,72,27.5,4.5,6,0,No
9/24/2014,69,76,28.1,3.5,4.5,Trace,No
9/25/2014,53,76,28.5,4.4,6.2,0,No
9/26/2014,61,77,28.4,4.2,6.4,0.7,No
9/27/2014,30,77,28.7,4.7,5.7,0,No
9/28/2014,28,75,29.1,6.1,6.5,0,No
9/29/2014,29,73,29.3,5.2,4.8,0,No
9/30/2014,43,78,29.6,6.5,6.8,11.4,No
10/1/2014,79,83,28.1,6.2,13.1,26.7,No
10/2/2014,66,79,28.5,4.2,4.9,Trace,No
10/3/2014,75,86,27.5,4.8,8.5,23.7,No
10/4/2014,78,84,26.5,4,9.4,2.6,No
10/5/2014,47,73,27.1,5.3,11.3,0.1,No
10/6/2014,48,64,26.8,5.3,14.3,0,No
10/7/2014,26,64,26.3,4.5,16,Trace,No
10/8/2014,30,63,26,5.2,10.7,0,No
10/9/2014,55,63,26.5,4.2,5.7,0,No
10/10/2014,43,59,27.1,6.1,6,0,No
10/11/2014,26,59,27.9,6.3,6.3,0,No
10/12/2014,15,56,27.6,5.9,9.7,0,No
10/13/2014,29,54,26.3,6.1,10.9,0,No
10/14/2014,49,60,25.5,5.7,10,Trace,No
10/15/2014,36,68,25.3,5.6,12.7,0,No
10/16/2014,41,67,25.4,3.7,19.7,Trace,No
10/17/2014,26,66,25,4.6,19.9,0,No
10/18/2014,33,70,25.4,5.2,17.3,0,No
10/19/2014,46,74,25.8,4,17.7,Trace,No
10/20/2014,50,77,26.5,4.4,14.4,0,No
10/21/2014,61,70,27.3,5.8,5.1,Trace,No
10/22/2014,58,69,27.3,7.2,9.8,56.4,No
10/23/2014,86,81,24.8,1.8,18.5,0.2,No
10/24/2014,81,78,24.8,1.8,16.3,0,No
10/25/2014,80,79,25,1.9,17.3,0,No
10/26/2014,88,79,25.8,3.9,12.2,0.1,No
10/27/2014,60,77,26.1,4.3,17,0,No
10/28/2014,71,70,25.1,3.1,23.8,Trace,No
10/29/2014,72,75,25.2,3.8,20.4,Trace,No
10/30/2014,55,79,25.5,3,16.3,0,No
10/31/2014,54,79,25.6,3.8,11.8,0,No
11/1/2014,19,79,25.6,4.7,7.8,0,No
11/2/2014,56,71,25.3,4.5,12.9,Trace,No
11/3/2014,88,67,21.7,1.9,10.7,Trace,No
11/4/2014,88,75,22.8,1.6,14,Trace,No
11/5/2014,83,77,23.9,2.2,16.1,0,No
11/6/2014,79,82,24.1,3.8,10.5,0.1,No
11/7/2014,88,90,22.9,1.9,18.8,11.8,No
11/8/2014,88,94,20.5,2.8,7,18,No
11/9/2014,84,81,22.2,3.7,14.1,Trace,No
11/10/2014,64,79,23.3,2.1,17.3,Trace,No
11/11/2014,86,81,23.6,2.2,13.8,0,No
11/12/2014,88,81,22.6,4.3,7.3,Trace,No
11/13/2014,88,78,19.8,2.7,10.2,Trace,No
11/14/2014,72,75,20.9,4.1,12.5,Trace,No
11/15/2014,28,74,21.9,4.1,18,0.4,No
11/16/2014,24,73,22.6,5.5,7.3,0,No
11/17/2014,19,65,21.1,5.1,10.9,0,No
11/18/2014,59,65,20.7,5.4,10.4,Trace,No
11/19/2014,45,69,21.2,4.6,11.5,Trace,No
11/20/2014,40,73,21.5,3.2,18.1,0,No
11/21/2014,45,75,22.1,4,13.5,0,No
11/22/2014,40,80,22.4,3.9,14.4,0,No
11/23/2014,43,80,22.8,3.1,16.7,0,No
11/24/2014,38,77,23.4,4.1,11,0,No
11/25/2014,37,80,24,5,4.5,0,No
11/26/2014,73,80,23.4,2.3,16.1,0,No
11/27/2014,89,83,22.2,1.6,17.3,0.4,No
11/28/2014,81,83,23.3,3.1,12.6,Trace,No
11/29/2014,88,87,23.5,1.1,12.8,0.2,No
11/30/2014,86,91,24,3.1,10.5,0.2,No
12/1/2014,88,78,19.7,8.4,11.3,3.1,No
12/2/2014,88,86,16.4,3.1,13.1,4.5,No
12/3/2014,88,86,18.3,2.6,17.8,1.7,No
12/4/2014,94,80,14.8,5.2,11.5,5.4,No
12/5/2014,83,65,15.1,3.9,9.4,0.5,No
12/6/2014,85,69,17.6,2.9,19.4,Trace,No
12/7/2014,88,68,17.8,1.7,16.3,0.1,No
12/8/2014,73,70,18.3,5,11.6,0.1,No
12/9/2014,51,70,19.4,3.2,19.4,0,No
12/10/2014,88,78,19.6,3.1,7.8,2.1,No
12/11/2014,89,62,19.5,3.8,9.3,Trace,No
12/12/2014,85,53,15.5,3.3,13.6,0,No
12/13/2014,41,52,14.6,5.5,11.5,0,No
12/14/2014,29,62,16,5.6,12.9,0,No
12/15/2014,84,66,18.6,3.1,10.1,0,No
12/16/2014,43,46,16.8,5.1,15.2,0,No
12/17/2014,21,29,13.3,4.4,13.8,0,No
12/18/2014,80,47,14,3.9,13.3,0.1,No
12/19/2014,90,84,13,4,8.9,14.3,No
12/20/2014,39,66,14.7,6.9,12.5,0.2,No
12/21/2014,33,57,16.3,5.3,14.8,0,No
12/22/2014,44,52,13.6,4.6,12,0,No
12/23/2014,90,67,15.4,1.8,9.9,Trace,No
12/24/2014,88,73,18.7,5.6,9.5,0,No
12/25/2014,94,78,16.9,3.8,21.6,6.7,No
12/26/2014,100,88,16.2,2,22.1,2.2,No
12/27/2014,95,82,16.6,2.4,14.4,0.5,No
12/28/2014,72,83,14.5,3.8,8.4,3.2,No
12/29/2014,10,61,14,6.9,7.9,0,No
12/30/2014,9,65,14.9,5.6,5.7,0,No
12/31/2014,19,67,16.4,7.2,2,0,No
1/1/2015,16,61,16,5.5,10.2,0,No
1/2/2015,21,71,15.2,4,15.9,0,No
1/3/2015,2,65,15.5,4.7,16.9,0,No
1/4/2015,56,78,17.3,4.4,12.3,0,No
1/5/2015,88,81,19,2.6,12.9,0,No
1/6/2015,49,84,20.2,5.7,4.6,0,No
1/7/2015,70,79,18.1,3,6.7,0.1,No
1/8/2015,32,68,15.7,4.4,11.5,0,No
1/9/2015,34,70,15.5,3.4,11.7,0,No
1/10/2015,23,67,16.3,5.3,14.7,0,No
1/11/2015,79,66,16.9,4.7,13.7,Trace,No
1/12/2015,89,83,14.1,5.1,15,14.9,No
1/13/2015,82,91,12.6,2.2,8.1,25.8,No
1/14/2015,13,65,13.7,7.2,10.5,0,No
1/15/2015,20,66,14.5,6.2,7.2,0,No
1/16/2015,29,68,16.7,5.7,6.2,0,No
1/17/2015,14,65,15.7,4.2,14.5,0,No
1/18/2015,28,63,16.2,5.3,14,0,No
1/19/2015,15,54,15.8,6.3,10.8,0,No
1/20/2015,45,67,15.9,4.3,15.5,0,No
1/21/2015,37,70,17.2,6.2,2.5,Trace,No
1/22/2015,14,48,17.4,5.4,9.8,0,No
1/23/2015,31,68,16.3,4.9,12.7,0,No
1/24/2015,85,76,17,2.7,20,0.9,No
1/25/2015,81,79,18.2,3.1,15.8,Trace,No
1/26/2015,51,82,18.6,4.9,12.9,0,No
1/27/2015,71,82,18.3,2.6,16.4,0,No
1/28/2015,75,77,16.9,2.4,23.5,Trace,No
1/29/2015,23,78,16.8,4.6,14.8,Trace,No
1/30/2015,49,79,16.8,4.1,7.3,0,No
1/31/2015,83,81,15.5,1.8,12.3,Trace,No
2/1/2015,83,78,15.3,3,15.4,Trace,No
2/2/2015,53,77,16.3,4.4,14.7,0,No
2/3/2015,58,80,17.1,4.3,14.7,0,No
2/4/2015,80,80,16.2,3.7,8.4,0,No
2/5/2015,84,62,14,4,9,Trace,No
2/6/2015,88,70,13.4,4.7,10.4,0.3,No
2/7/2015,81,72,16,4,12.4,0,No
2/8/2015,67,51,16.2,5.6,12.5,0,No
2/9/2015,34,68,14.9,3.5,19,0,No
2/10/2015,26,70,14.5,4.3,14.1,0,No
2/11/2015,67,70,16,4.4,9.7,0,No
2/12/2015,49,59,17.3,6.8,8.6,0,No
2/13/2015,49,53,17.5,7.1,11.1,0,No
2/14/2015,62,53,18.5,3.7,19.5,0,No
2/15/2015,88,85,18.9,1.7,7.6,3.3,No
2/16/2015,68,90,19.7,3.8,2.8,0,No
2/17/2015,79,86,19.2,3.4,11.5,Trace,No
2/18/2015,86,79,18.1,2.3,21.8,Trace,No
2/19/2015,88,78,17.2,1.5,28,Trace,No
2/20/2015,88,84,17.5,3.2,18.6,Trace,No
2/21/2015,86,90,19.3,3.4,10.8,0.2,No
2/22/2015,90,93,20.3,3.1,8.5,15.6,No
2/23/2015,93,95,18.6,1.2,15.7,10.2,No
2/24/2015,88,94,18.6,1.8,15.3,Trace,No
2/25/2015,88,95,19.6,1.6,10.8,0.8,No
2/26/2015,71,91,21.4,4.3,10.8,0,No
2/27/2015,87,94,19.4,3.6,16.7,1.2,No
2/28/2015,89,90,18.3,2.3,18.8,0.4,No
3/1/2015,84,74,18.9,2.8,6,Trace,No
3/2/2015,92,84,17.5,1.1,16.8,Trace,No
3/3/2015,89,87,19.3,5.5,15.2,0.2,No
3/4/2015,92,91,17.2,2.4,22.1,0.2,No
3/5/2015,98,95,16.2,0.9,23.7,4.8,No
3/6/2015,96,94,16.9,1,19.6,0.1,No
3/7/2015,100,91,17.4,1.8,16.8,0.2,No
3/8/2015,91,86,18.5,3.5,16.5,Trace,No
3/9/2015,65,82,21.1,7,7.8,Trace,No
3/10/2015,75,73,17.7,3.3,27.1,Trace,No
3/11/2015,92,81,16.2,2.1,18.4,0.3,No
3/12/2015,92,89,15.7,1.7,8.9,3.7,No
3/13/2015,92,76,17.2,2.5,20,0,No
3/14/2015,91,83,19.4,2.3,12.2,Trace,No
3/15/2015,92,93,20.9,2.9,9.5,0,No
3/16/2015,91,93,21.8,3.3,11.1,Trace,No
3/17/2015,86,92,22.1,3.9,12.1,0,No
3/18/2015,86,91,23,5,11.7,0,No
3/19/2015,68,89,24,4.1,8.3,0,No
3/20/2015,39,86,24,6.2,10.8,0,No
3/21/2015,65,85,22.9,4.5,9.1,0,No
3/22/2015,85,81,21,2.4,16.3,0.1,No
3/23/2015,80,64,20.9,5.3,21,Trace,No
3/24/2015,86,75,19.8,3.9,21.5,0,No
3/25/2015,83,76,18.2,1.4,19.6,Trace,No
3/26/2015,88,80,18.8,3.1,12.2,4.2,No
3/27/2015,86,88,20.3,5.8,1.8,14.6,No
3/28/2015,46,81,21.4,5.1,12.6,0,No
3/29/2015,68,80,22.4,6.6,10.2,0,No
3/30/2015,84,87,22.8,3.7,12.7,0,No
3/31/2015,83,90,23.3,3.7,11.3,Trace,No
4/1/2015,80,87,24.4,4.5,9.1,0,No
4/2/2015,80,84,25.6,4.9,6.2,0,No
4/3/2015,82,84,25.9,1.9,7.4,Trace,No
4/4/2015,74,83,26.5,4.4,8.5,0,No
4/5/2015,38,80,26,6.6,11,0,No
4/6/2015,32,80,26.5,6,5.7,Trace,No
4/7/2015,81,83,24.9,5.1,14.6,0.1,No
4/8/2015,92,77,18.9,5.7,10.3,10,No
4/9/2015,94,89,18,3.5,12,1.3,No
4/10/2015,90,87,18.2,3.4,6.8,0.7,No
4/11/2015,100,97,17.1,1.5,10.4,52,No
4/12/2015,71,81,19.3,5.9,3,0.2,No
4/13/2015,9,57,22.4,8.6,4.2,0,No
4/14/2015,9,44,21.5,8.5,9.8,0,No
4/15/2015,15,56,22.1,9.1,4.3,0,No
4/16/2015,25,69,22.7,6.5,5.3,0,No
4/17/2015,52,75,23.7,6.7,7.8,0,No
4/18/2015,88,86,25.3,4,8.9,Trace,No
4/19/2015,88,83,26.6,1.7,7.5,Trace,No
4/20/2015,88,84,26.3,5.6,9.7,0.2,No
4/21/2015,81,75,23.7,3.2,10.3,Trace,No
4/22/2015,81,75,23.4,5,17.4,Trace,No
4/23/2015,88,66,22.6,1.5,17,Trace,No
4/24/2015,48,70,24.4,7.4,11,0,No
4/25/2015,52,77,23.9,5,15.6,0,No
4/26/2015,59,76,24.1,5.7,16.2,0,No
4/27/2015,27,79,24.8,8.5,13.3,0,No
4/28/2015,58,79,25.4,5.8,7.7,0,No
4/29/2015,66,80,26.6,5.8,8.7,0,No
4/30/2015,41,78,27.5,7,7,0,No
5/1/2015,76,81,27.2,5.4,9.5,0.5,No
5/2/2015,79,79,27.6,3.4,8,Trace,No
5/3/2015,81,79,28.2,3.4,8.9,Trace,No
5/4/2015,83,79,28.1,3.8,7.7,Trace,No
5/5/2015,86,82,27.3,6.2,7.5,3.9,No
5/6/2015,85,87,26.8,4.7,8.3,0.6,No
5/7/2015,81,83,28,4.1,5.8,0.3,No
5/8/2015,84,80,28.2,3.1,5.1,0,No
5/9/2015,81,83,27.3,6.3,9.2,7.3,No
5/10/2015,84,90,26.3,4.5,10.3,20.1,No
5/11/2015,85,91,25.6,6.1,10.9,51,No
5/12/2015,78,75,25.7,6.9,9.8,0,No
5/13/2015,85,84,26.4,3.2,14.6,0,No
5/14/2015,70,78,28.5,5.5,6.8,Trace,No
5/15/2015,73,78,29.1,5.5,6,0,No
5/16/2015,86,88,26.7,4,6.7,18.4,No
5/17/2015,86,87,26.4,5.1,7.6,5.7,No
5/18/2015,88,82,28.2,3.2,6.1,0.9,No
5/19/2015,88,83,28.6,1.7,10.3,1.2,No
5/20/2015,90,88,27.9,4.8,10.8,107.7,No
5/21/2015,93,92,24.2,2.2,19.7,12.6,No
5/22/2015,88,92,23.6,1.4,20.2,0.7,No
5/23/2015,96,97,24.8,3.5,6.4,169.4,No
5/24/2015,88,94,26.6,4.4,2.5,8.2,No
5/25/2015,78,86,28.4,7.1,6,29.4,No
5/26/2015,89,95,26.9,4.1,6.2,64.6,No
5/27/2015,86,84,29.2,3.2,5.7,0.2,No
5/28/2015,86,81,30,3.6,8.6,1.4,No
5/29/2015,83,79,30.3,3.4,9,0,No
5/30/2015,79,81,29.6,6.4,13.5,7,No
5/31/2015,86,83,29.3,4.8,5.8,1.9,No
6/1/2015,82,83,29.3,2.8,4.8,10.6,No
6/2/2015,81,81,29.6,6,6.2,5.4,No
6/3/2015,68,76,29.9,5.2,10.4,Trace,No
6/4/2015,59,76,29.8,4.9,15.1,0,No
6/5/2015,77,79,29.2,3.6,14.9,0,No
6/6/2015,78,78,29.5,5.2,7,0.8,No
6/7/2015,65,78,29.8,4,5.1,Trace,No
6/8/2015,73,77,29.8,4.4,6.7,1.6,No
6/9/2015,72,77,29.9,3.1,11.6,Trace,No
6/10/2015,83,80,29.9,4.7,9.8,8.1,No
6/11/2015,79,78,30.3,4.8,9.8,0.8,No
6/12/2015,79,85,28.8,6.1,1,96.8,No
6/13/2015,76,78,29.9,3.8,***,0.4,No
6/14/2015,77,78,29.9,5.7,***,1.5,No
6/15/2015,48,77,30.2,7.3,6.9,5.2,No
6/16/2015,39,76,30.1,5.3,7.9,0,No
6/17/2015,40,76,30.2,4.5,13.1,0,No
6/18/2015,52,73,30.7,5.7,14.2,0,No
6/19/2015,40,73,30.8,5.6,11.4,Trace,No
6/20/2015,56,76,30.9,4.9,9.2,0,Yes
6/21/2015,80,90,28.5,5.6,13,51,Yes
6/22/2015,87,93,27.9,3.3,12.5,18.1,Yes
6/23/2015,88,93,27.3,3.1,7.4,51.3,Yes
6/24/2015,86,89,28.3,4.6,7.2,9.7,Yes
6/25/2015,88,89,28.3,2.8,4.8,28.5,Yes
6/26/2015,68,82,29.5,5.2,6.9,10.4,No
6/27/2015,53,78,30.4,3.4,6.2,0,No
6/28/2015,64,76,30.4,6.2,8.4,1.9,No
6/29/2015,54,75,30.5,4.4,12,Trace,No
6/30/2015,66,76,30.4,3.4,11.9,Trace,No
7/1/2015,78,78,30.5,3.3,12.8,0,No
7/2/2015,81,78,30.6,3.1,13.9,Trace,Yes
7/3/2015,80,79,30.6,3.1,8.2,0,Yes
7/4/2015,78,77,30.5,5.1,4.8,0,Yes
7/5/2015,69,79,29.8,4.2,12.6,0,Yes
7/6/2015,80,75,29.2,2.8,8.4,Trace,Yes
7/7/2015,69,64,29.2,6,10.3,0,Yes
7/8/2015,82,64,28.8,5.2,8.6,0,Yes
7/9/2015,88,74,27.4,5.2,14.3,2,Yes
7/10/2015,82,83,28.3,7.3,15.9,24.3,Yes
7/11/2015,42,74,29.9,5.8,9.2,0,No
7/12/2015,43,75,30.9,5.2,6.5,0,No
7/13/2015,59,75,30.8,5.4,7,0,No
7/14/2015,67,78,30.5,5.5,6.9,0,No
7/15/2015,73,79,30.3,5.1,9.7,Trace,No
7/16/2015,87,79,30.2,4.8,8.3,Trace,No
7/17/2015,85,81,28.9,6.5,9.1,1.2,No
7/18/2015,81,81,29.7,3.9,13.8,0.2,No
7/19/2015,74,75,29.7,5.3,18,Trace,No
7/20/2015,92,91,27.4,2.8,11,46.2,No
7/21/2015,93,87,26.7,2.7,23.6,51.2,No
7/22/2015,93,91,27,5,11.1,191.3,No
7/23/2015,90,87,27.9,4.1,7.1,45,No
7/24/2015,88,83,28.8,2.7,9.4,5.7,No
7/25/2015,88,83,28.5,2.5,8.2,9.6,No
7/26/2015,85,83,28.5,4.5,6.2,24.9,No
7/27/2015,69,80,29.1,3.9,4.9,0.3,No
7/28/2015,53,76,29.2,5.4,3.8,Trace,No
7/29/2015,67,83,27.9,5.8,5.1,3.7,No
7/30/2015,72,80,28.1,4.6,5.4,0.6,No
7/31/2015,49,78,28.5,5.7,8.4,0,No
8/1/2015,69,78,28.9,5.3,9.8,0,Yes
8/2/2015,54,78,28.9,5.5,10.6,0,Yes
8/3/2015,38,75,29.5,6,8.5,0,Yes
8/4/2015,29,74,29.4,6.5,5,0,Yes
8/5/2015,27,74,29.6,5.7,5.8,0,Yes
8/6/2015,29,72,30.1,5.3,5,0,No
8/7/2015,40,72,30.7,5.1,10.6,0,No
8/8/2015,55,62,32.4,6.3,14.2,0,No
8/9/2015,80,71,31,7.8,14.5,11.6,No
8/10/2015,88,85,28.1,5.5,8.1,23.5,No
8/11/2015,77,81,29.2,6.5,6.8,16.8,No
8/12/2015,78,79,30,5.9,5,Trace,No
8/13/2015,84,87,28,3.2,7.5,27.5,No
8/14/2015,88,90,26.9,3.2,5.7,18.9,No
8/15/2015,88,89,27,3.7,6.7,24.6,No
8/16/2015,88,86,29.2,4.3,10.8,0.1,No
8/17/2015,81,83,29.9,4.1,11.5,Trace,No
8/18/2015,67,78,30.2,5.4,10.9,Trace,No
8/19/2015,59,77,30.1,4.7,9.8,0,No
8/20/2015,67,84,29.1,4.4,6.9,6.1,No
8/21/2015,70,77,30,6.5,8.9,0,No
8/22/2015,48,71,30.2,3.6,7.9,Trace,No
8/23/2015,30,69,30.6,4.9,6.5,3.4,No
8/24/2015,48,70,30.7,4.9,5.3,0,No
8/25/2015,22,65,30.6,6.5,8.4,0,No
8/26/2015,78,81,28.9,3.9,10,0.2,No
8/27/2015,75,79,29,5.4,8.5,0,No
8/28/2015,84,79,28.3,4.3,7.4,Trace,No
8/29/2015,87,84,27.8,3.1,5.6,0.9,No
8/30/2015,88,92,26.6,2.1,3.3,9.7,No
8/31/2015,88,87,27.4,3.2,6.9,Trace,No
9/1/2015,87,89,27.4,3.2,12.1,5.3,No
9/2/2015,88,94,25.8,3.2,12.2,39,No
9/3/2015,87,90,27.6,3.2,10.3,0.2,No
9/4/2015,60,82,29.1,5.9,9,0,No
9/5/2015,38,78,29.3,4.7,8.5,0,No
9/6/2015,43,79,29.6,4.5,14.7,0,No
9/7/2015,82,87,28.3,2.9,10.4,7.3,No
9/8/2015,60,75,27.9,4.3,18.2,0,No
9/9/2015,44,74,28.2,4.7,17.5,Trace,No
9/10/2015,47,75,28.1,4.8,16.5,0,No
9/11/2015,46,77,28.1,4.2,14.3,Trace,No
9/12/2015,66,76,27.9,4.3,13,Trace,No
9/13/2015,49,68,28,5.4,19.2,0,No
9/14/2015,46,71,28,5.5,20.3,0,No
9/15/2015,60,73,28.6,5.4,23.1,0,No
9/16/2015,86,81,28.1,4.1,18.3,1.5,No
9/17/2015,72,79,28.2,3.5,17.2,Trace,No
9/18/2015,47,77,28.5,5,11.7,Trace,No
9/19/2015,67,79,28.3,3.8,6.1,0,No
9/20/2015,74,78,28.7,4,5.8,Trace,No
9/21/2015,88,81,27.4,3.2,5.2,16.9,No
9/22/2015,67,86,28.1,4.7,12.1,2.9,No
9/23/2015,40,81,28.9,4.7,9.3,Trace,No
9/24/2015,23,77,29.3,4.6,11.7,0,No
9/25/2015,38,78,29.7,4.1,11.3,0,No
9/26/2015,71,87,28.7,5.3,8.3,10.2,No
9/27/2015,81,85,27.8,3.7,8.9,4.6,No
9/28/2015,30,61,29,7,8.1,0,No
9/29/2015,53,56,29.7,3.9,11.8,0,No
9/30/2015,78,75,29.8,4.5,8.5,Trace,No
10/1/2015,84,81,28.8,5.3,6.4,0.3,No
10/2/2015,82,76,27.9,5.1,13.8,7,No
10/3/2015,88,83,26.8,5.5,24.9,46.4,No
10/4/2015,95,92,26.7,2.9,23.5,38.1,No
10/5/2015,88,93,26.7,2.4,16.7,15.6,No
10/6/2015,86,97,26,1.5,12.1,50.7,No
10/7/2015,85,92,26.4,2.6,3.6,5.8,No
10/8/2015,54,76,27.8,3.9,12.8,0,No
10/9/2015,45,70,26.8,4.6,7.8,Trace,No
10/10/2015,85,77,24.3,5.5,11,1,No
10/11/2015,88,78,20.5,3.6,10.7,2,No
10/12/2015,88,67,23.1,3.9,10.6,Trace,No
10/13/2015,68,70,25.1,4.5,15.5,Trace,No
10/14/2015,51,75,25,5.1,13.2,0,No
10/15/2015,19,76,25.2,5.6,9.2,0,No
10/16/2015,20,73,25.8,6.1,5.1,0,No
10/17/2015,17,69,26.2,7.2,5.5,0,No
10/18/2015,43,70,25.5,5.6,4.1,0,No
10/19/2015,79,59,25.3,5.1,6.8,0,No
10/20/2015,78,58,26.2,5.3,5.1,0,No
10/21/2015,64,65,26.4,4.9,3.8,Trace,No
10/22/2015,48,70,27,5.3,6.1,0,No
10/23/2015,50,73,27,5.9,6,0,No
10/24/2015,61,76,26.8,4.7,11.7,Trace,No
10/25/2015,77,77,25.9,1.2,20.8,0.2,No
10/26/2015,81,83,25.4,1.7,15.8,0.7,No
10/27/2015,48,77,26.5,5.8,8.8,0,No
10/28/2015,46,82,26.7,3.7,13.5,Trace,No
10/29/2015,61,81,26.4,2.9,15.7,Trace,No
10/30/2015,53,81,26.7,4.3,12.5,0,No
10/31/2015,66,79,25.6,2.8,20.9,0.5,No
11/1/2015,61,73,22.9,4,11.4,0,No
11/2/2015,72,67,22.6,6.3,7.8,Trace,No
11/3/2015,82,74,23.7,3.5,15.9,Trace,No
11/4/2015,83,77,24.7,3.5,15.5,Trace,No
11/5/2015,82,80,25.8,3.7,17.5,Trace,No
11/6/2015,81,83,25.5,1.6,16.6,Trace,No
11/7/2015,87,85,26.2,3.2,13.7,0.3,No
11/8/2015,70,84,26.5,3.2,11.5,Trace,No
11/9/2015,58,82,26.7,5.5,10.6,Trace,No
11/10/2015,88,81,24.9,1.9,23.1,0.3,No
11/11/2015,85,82,23.8,2.8,21.8,1.1,No
11/12/2015,88,84,23.9,0.6,19,0.3,No
11/13/2015,86,92,23.3,4.3,9.8,10.4,No
11/14/2015,74,83,24.4,4.6,7,Trace,No
11/15/2015,84,89,24.2,1.3,17.3,6.5,No
11/16/2015,74,93,24.8,2.3,9.5,3.9,No
11/17/2015,51,90,25.5,2.8,10.1,0,No
11/18/2015,20,84,26.1,5,6.7,0,No
11/19/2015,58,84,25.9,4,12.3,Trace,No
11/20/2015,73,82,24.8,1.5,16.3,Trace,No
11/21/2015,83,80,24.8,2.1,19.8,0,No
11/22/2015,65,78,25.4,3.6,13.5,Trace,No
11/23/2015,47,78,25.4,4.7,10.8,0,No
11/24/2015,35,76,24.5,3.3,17.2,Trace,No
11/25/2015,44,70,22.6,7.1,12.2,0,No
11/26/2015,46,52,18.2,5.4,12,0,No
11/27/2015,44,57,18.4,5.1,18.4,0,No
11/28/2015,49,70,20.8,3.7,20.8,0,No
11/29/2015,40,75,22.1,3.8,8.7,0,No
11/30/2015,56,75,22.4,4.8,8.8,Trace,No
12/1/2015,85,79,22.9,3.1,14.4,0,No
12/2/2015,69,80,23.3,2.8,11.6,Trace,No
12/3/2015,93,77,20.8,2.7,11,Trace,No
12/4/2015,88,75,19.5,2.6,16,Trace,No
12/5/2015,91,85,18.4,4.6,20.1,15.7,No
12/6/2015,91,76,16.6,2.7,10.8,1,No
12/7/2015,86,72,17.3,3.9,9.3,0,No
12/8/2015,90,78,18,2,12.1,0.7,No
12/9/2015,95,95,17.7,2,12,44.6,No
12/10/2015,80,86,19.3,3.3,8.3,Trace,No
12/11/2015,72,76,19.9,5.1,9.1,0,No
12/12/2015,88,83,20,1.3,20.4,0,No
12/13/2015,83,85,20.4,1.3,15.8,Trace,No
12/14/2015,84,82,20.4,2.2,10.4,Trace,No
12/15/2015,70,69,18.4,4.4,10.5,Trace,No
12/16/2015,11,49,15.2,3.8,13.8,0,No
12/17/2015,25,39,13.2,3.7,12.2,0,No
12/18/2015,11,48,13.9,5.2,10.5,0,No
12/19/2015,71,62,16.2,4.4,10.2,0,No
12/20/2015,88,75,17.6,1.6,6,0.7,No
12/21/2015,87,82,19.4,4,13.9,Trace,No
12/22/2015,88,87,19.9,1.9,16.1,0.6,No
12/23/2015,79,91,21.1,2.5,10.3,Trace,No
12/24/2015,70,91,22.3,3.6,9.5,Trace,No
12/25/2015,89,75,18.2,5.3,11.1,0.2,No
12/26/2015,87,74,17.9,2.8,9,0,No
12/27/2015,90,84,17.7,1.9,7.1,0.4,No
12/28/2015,85,75,17.3,2.3,10.6,Trace,No
12/29/2015,78,75,17.7,2.5,15.2,Trace,No
12/30/2015,86,78,17.3,4,10.5,0.4,No
12/31/2015,66,74,17.8,5,9.6,Trace,No
1/1/2016,49,72,18.3,3.1,12.1,Trace,No
1/2/2016,83,81,18.9,4.5,7.5,0.3,No
1/3/2016,91,95,19.3,2.3,7.3,5.6,No
1/4/2016,88,90,20.6,3.2,11.4,Trace,No
1/5/2016,81,95,20.7,1.1,8.3,46.7,No
1/6/2016,51,84,20.9,5.1,5.5,Trace,No
1/7/2016,56,79,18.8,4.4,11,0,No
1/8/2016,28,78,18.4,4.5,7.9,0,No
1/9/2016,79,78,18.1,1.8,18.8,0,No
1/10/2016,91,85,18,1.3,19.8,6.9,No
1/11/2016,90,90,18.1,3.9,7.2,30.7,No
1/12/2016,86,79,17.3,2.4,9,0,No
1/13/2016,34,77,16.1,4.5,12.1,0,No
1/14/2016,81,79,16.5,1.9,16.2,1.1,No
1/15/2016,97,97,15.1,1.6,18.4,38.8,No
1/16/2016,93,95,16.4,1.6,23.5,12.3,No
1/17/2016,79,90,17.8,5.8,9.8,24.6,No
1/18/2016,49,76,15.2,5.9,10.3,0,No
1/19/2016,84,78,16.4,2.3,17,0,No
1/20/2016,92,90,15.5,2,31.3,3.3,No
1/21/2016,100,95,16.1,2,12.7,0.1,No
1/22/2016,100,92,14.1,5.9,14.5,12.9,No
1/23/2016,95,70,8.5,3.4,13.5,0.5,No
1/24/2016,96,61,4.9,4,18.5,4,No
1/25/2016,25,46,7.4,6.5,11,0,No
1/26/2016,85,59,10.4,5.4,7.5,Trace,No
1/27/2016,95,92,13,5.5,11.8,3.5,No
1/28/2016,100,98,16.1,2.6,14.9,42.5,No
1/29/2016,91,96,16.6,1.5,12.3,32.8,No
1/30/2016,80,88,17.6,3.7,9.5,0,No
1/31/2016,93,86,15.7,0.9,26.3,0.3,No
2/1/2016,96,93,12.4,4.9,10.1,11.3,No
2/2/2016,94,79,10.4,1.8,11.2,Trace,No
2/3/2016,88,77,12.5,4,9.9,Trace,No
2/4/2016,45,76,15.2,5.5,8.8,0,No
2/5/2016,18,66,14.8,6.3,11,0,No
2/6/2016,13,39,13.6,6.2,21.5,0,No
2/7/2016,2,36,13.7,8.2,10,0,No
2/8/2016,0,52,14.8,8,7.4,0,No
2/9/2016,29,54,16.7,8.5,10.8,0,No
2/10/2016,77,64,16.6,2,18.4,0.2,No
2/11/2016,80,86,18.8,5.2,12.8,Trace,No
2/12/2016,86,95,19.2,4,12.2,0.1,No
2/13/2016,76,89,23.1,4.6,4.2,0,No
2/14/2016,82,81,21.7,7.2,6.8,Trace,No
2/15/2016,88,64,13.2,6.1,11.8,0.3,No
2/16/2016,89,63,12.8,4.2,9.4,0,No
2/17/2016,91,77,12.9,2.8,8.2,1.7,No
2/18/2016,95,89,13.7,3.3,9,3.4,No
2/19/2016,94,88,15.3,1.7,8.6,4.4,No
2/20/2016,55,67,16,7.6,7.1,2.4,No
2/21/2016,82,77,15,1.2,26.2,Trace,No
2/22/2016,88,91,16.1,3,13.3,0.5,No
2/23/2016,88,92,15.5,3,2.7,0.5,No
2/24/2016,88,78,13.7,3.2,8.8,Trace,No
2/25/2016,87,76,14.8,3.3,9.8,0,No
2/26/2016,88,79,15.2,3.6,6.2,Trace,No
2/27/2016,79,79,15.5,3.7,***,Trace,No
2/28/2016,49,72,16.6,7.6,***,0,No
2/29/2016,19,61,18.5,10.4,***,0,No
3/1/2016,43,73,16.5,5.1,***,0,No
3/2/2016,32,72,16.6,6.2,***,0,No
3/3/2016,46,75,18.7,8.4,***,0,No
3/4/2016,71,82,20.2,5.1,***,0,No
3/5/2016,83,79,20.8,3.9,***,Trace,No
3/6/2016,72,79,21.8,6.7,***,0,No
3/7/2016,76,91,19.7,2.4,***,0.2,No
3/8/2016,88,93,20.1,2.6,***,0,No
3/9/2016,88,95,20.8,5.8,***,15.5,No
3/10/2016,93,93,13.4,7.2,***,16.8,No
3/11/2016,93,77,11.9,4.3,***,0.1,No
3/12/2016,100,87,13.6,1.8,***,0.1,No
3/13/2016,99,96,15.8,2.6,***,6.8,No
3/14/2016,89,83,15.3,2.3,13.1,0.8,No
3/15/2016,94,79,14.8,1.5,23.5,Trace,No
3/16/2016,100,90,15.3,2.2,22.5,1.1,No
3/17/2016,97,97,16.5,1.8,19.5,2.2,No
3/18/2016,92,97,19.5,4.7,8.9,Trace,No
3/19/2016,85,94,22.4,4.6,5,Trace,No
3/20/2016,96,91,19,5.5,23.1,0.3,No
3/21/2016,95,95,17.1,1.8,21.8,59.6,No
3/22/2016,100,96,16.6,1.4,24.9,1.7,No
3/23/2016,95,97,18.4,3.5,8.7,8.7,No
3/24/2016,99,98,15.3,5,15,33.4,No
3/25/2016,88,75,13.7,4.1,5.8,1.4,No
3/26/2016,22,68,15.8,7.6,8.1,0,No
3/27/2016,19,58,17.3,7.8,7,0,No
3/28/2016,58,65,16.9,4.7,13.9,0,No
3/29/2016,74,59,17.7,3.7,12.7,Trace,No
3/30/2016,89,79,20,3.8,8,Trace,No
3/31/2016,83,86,21.5,6.4,1.5,0,No
4/1/2016,83,86,21.9,5.4,7.3,0,No
4/2/2016,81,90,21.3,4,11.6,Trace,No
4/3/2016,88,87,23,5.5,7.2,0,No
4/4/2016,84,88,23.6,7.4,5.4,4.3,No
4/5/2016,78,91,22.3,3.7,4.3,Trace,No
4/6/2016,83,91,23.1,5,0,0,No
4/7/2016,84,91,23.9,4.5,4.9,0,No
4/8/2016,84,87,25.3,4.7,6.1,Trace,No
4/9/2016,88,86,25.7,3.1,4.1,Trace,No
4/10/2016,93,92,23.3,5,8.7,22.1,No
4/11/2016,89,91,21.5,2.7,17.9,0.4,No
4/12/2016,88,94,20.3,1.4,19.4,11.4,No
4/13/2016,93,98,21.8,4.2,9.6,76.4,No
4/14/2016,88,98,23.1,3.6,9.4,0.7,No
4/15/2016,88,97,21.1,2.9,17.9,3.4,No
4/16/2016,81,89,24.7,7.5,7.7,Trace,No
4/17/2016,86,90,25.9,3.4,9.2,Trace,No
4/18/2016,81,87,23.1,6.6,10.5,23.7,No
4/19/2016,88,86,20.5,1.7,29.5,Trace,No
4/20/2016,89,88,21.6,2.7,18.2,Trace,No
4/21/2016,80,87,24.6,6.4,5,Trace,No
4/22/2016,81,90,23.7,5.1,5.8,8.3,No
4/23/2016,81,88,24.9,5.1,7,2.8,No
4/24/2016,84,93,24.4,2.9,2.6,41.4,No
4/25/2016,83,90,26,4.5,3.7,12.4,No
4/26/2016,87,86,27.2,2.5,7.5,Trace,No
4/27/2016,83,85,26.8,3.7,9.8,0.9,No
4/28/2016,78,84,26,3.5,8.7,1.7,No
4/29/2016,68,76,24.1,3.4,23.3,Trace,No
4/30/2016,89,80,22.5,2.6,23.4,1.5,No
5/1/2016,90,92,22.2,3,19,3.1,No
5/2/2016,82,89,25.6,7,11.2,0.3,No
5/3/2016,84,86,26.5,8,6.4,30.7,No
5/4/2016,82,87,25.8,5,11.4,Trace,No
5/5/2016,85,84,28.1,4.7,5,0,No
5/6/2016,84,83,28.4,3.3,5.4,0,No
5/7/2016,69,81,28.7,3.9,5.5,0,No
5/8/2016,80,82,28.7,3.9,6.4,0,No
5/9/2016,69,81,28.7,3.7,5.1,0,No
5/10/2016,84,87,26.6,4.7,7.2,60.3,No
5/11/2016,62,75,25.5,5.4,13.8,0,No
5/12/2016,78,80,25.1,3.9,20.7,Trace,No
5/13/2016,88,82,25.5,3.4,20.9,Trace,No
5/14/2016,86,89,25.4,3.7,19,4.7,No
5/15/2016,75,85,26.6,5.4,14.7,1,No
5/16/2016,69,73,24.8,4.6,12.3,0.3,No
5/17/2016,86,80,23.7,1.4,23.8,1.2,No
5/18/2016,79,76,24.5,2.9,23.9,0,No
5/19/2016,85,84,25.5,4.1,15.3,Trace,No
5/20/2016,88,94,25.2,1.9,12.1,16.1,No
5/21/2016,77,88,26.5,3.6,8.8,37.6,No
5/22/2016,63,77,27.2,5.5,4.1,0,No
5/23/2016,65,81,26.8,4.1,5.5,Trace,No
5/24/2016,61,82,27.5,5.3,7.2,Trace,No
5/25/2016,62,82,28,4.7,16.8,Trace,No
5/26/2016,84,85,27.6,2.8,21.1,0.1,Yes
5/27/2016,88,89,27.5,3.1,14.1,14.4,Yes
5/28/2016,89,89,27.7,5.8,6.7,62.9,No
5/29/2016,77,84,29.1,3.8,6,0.8,No
5/30/2016,73,80,29.8,4.1,10,0.1,No
5/31/2016,72,79,29.9,3.1,11.5,0,No
6/1/2016,73,80,30.1,4.2,17.4,0,No
6/2/2016,58,79,30.3,4.3,16.9,0,No
6/3/2016,77,80,30.3,3.4,14.8,Trace,No
6/4/2016,75,83,28.7,9.1,13.4,12.4,No
6/5/2016,87,86,26.9,5.4,8.6,7.6,No
6/6/2016,80,91,26.2,4.3,6.4,77.6,No
6/7/2016,75,86,28.1,4.4,8,0.4,No
6/8/2016,85,89,27.1,5.9,9.3,46.5,No
6/9/2016,79,86,28.2,5.1,13.1,Trace,No
6/10/2016,80,89,27.9,4.5,10.8,9.1,No
6/11/2016,85,93,26.6,2.4,5.7,85.5,No
6/12/2016,96,93,27.1,3.8,7.1,28.2,No
6/13/2016,90,84,29.7,3,11.1,0.1,No
6/14/2016,88,81,30.2,2.5,12.1,Trace,No
6/15/2016,86,79,30.3,2.7,8.9,0.6,No
6/16/2016,88,82,29.4,3.2,11,2.8,No
6/17/2016,85,82,29.4,5.4,7.3,2.5,No
6/18/2016,81,83,29.3,3.1,5.5,13.1,No
6/19/2016,41,80,30.1,6.4,12.2,0,No
6/20/2016,59,78,30.8,5.8,7.1,Trace,No
6/21/2016,51,75,30.6,5,4.5,0,No
6/22/2016,32,75,30.5,5.2,7.6,0,No
6/23/2016,20,72,30.4,5.7,7.9,0,No
6/24/2016,38,72,31,6.4,4.8,0,No
6/25/2016,39,74,31.4,6.6,9.2,0,No
6/26/2016,57,75,31.3,5.7,11.1,Trace,No
6/27/2016,61,78,31.1,6.5,13.1,1.7,No
6/28/2016,83,85,29.1,6,12.9,37.1,No
6/29/2016,79,87,29,5.8,8.8,20.4,No
6/30/2016,83,80,30,5.3,5.8,1.8,No
7/1/2016,78,79,30.1,5.3,5.5,3.4,No
7/2/2016,86,82,29.4,5.1,5,20.8,No
7/3/2016,84,82,29.4,4.2,4.6,2.7,No
7/4/2016,83,78,30.1,5,5.8,3.8,No
7/5/2016,88,87,29,6.8,13,9.8,No
7/6/2016,88,93,27.3,4.1,10.2,33.6,No
7/7/2016,53,77,30.2,6.1,12.1,Trace,No
7/8/2016,46,75,31,6.1,18.5,0,No
7/9/2016,57,75,31.5,9.2,16.5,10.3,No
7/10/2016,88,81,28.6,5.1,12.5,1.7,No
7/11/2016,89,85,28.9,5,9.4,11.7,No
7/12/2016,88,84,28.1,2,7.4,0.1,No
7/13/2016,82,87,28.6,6.1,8,35.2,No
7/14/2016,83,86,28.9,3.9,5,10.2,No
7/15/2016,78,81,30.2,4.4,10.7,1,No
7/16/2016,69,79,30.6,4.2,12.5,0.3,No
7/17/2016,69,78,30.6,4.2,12,0,No
7/18/2016,72,74,30.4,3.7,10.7,0.6,No
7/19/2016,78,79,29.9,5.6,5.9,4.4,No
7/20/2016,70,82,29.2,6.3,5.7,16.8,No
7/21/2016,49,76,30,5.8,5.4,0.3,No
7/22/2016,29,76,30,4.8,10.2,0,No
7/23/2016,32,77,30,4.8,12.5,0,No
7/24/2016,21,72,30.4,6,10.9,0,No
7/25/2016,28,74,30.8,6.7,10.2,0,Yes
7/26/2016,57,84,29.4,5,13,8,Yes
7/27/2016,44,76,30.2,5.4,5.5,Trace,Yes
7/28/2016,29,74,30.1,4.8,11,0,Yes
7/29/2016,32,74,30.3,6.1,15.4,0,Yes
7/30/2016,49,74,29.9,4.8,12.5,Trace,Yes
7/31/2016,47,74,30.1,6.9,12.9,1.2,Yes
8/1/2016,85,76,29.5,4.8,14.6,4.6,Yes
8/2/2016,93,88,27.1,4.4,17.6,121,Yes
8/3/2016,86,93,26.8,1.7,13.7,17.3,Yes
8/4/2016,82,94,26.9,2.5,10.7,20.9,No
8/5/2016,58,83,29.3,5.3,9.3,Trace,No
8/6/2016,36,77,30,5.8,12,0,No
8/7/2016,61,80,30.4,5.2,9.6,0,No
8/8/2016,83,79,30.5,4.8,8.5,0,No
8/9/2016,83,83,29.2,6.6,7.9,33.5,No
8/10/2016,89,91,26.7,4.6,9,39.8,No
8/11/2016,85,87,27.2,4.7,5.4,42.1,No
8/12/2016,86,86,28.1,2.5,8.1,0.4,No
8/13/2016,71,84,28.8,5.2,12.7,Trace,No
8/14/2016,89,90,27.3,3.6,16,25.7,No
8/15/2016,88,93,26.6,2.8,9.5,19.1,No
8/16/2016,88,96,26.2,1.4,9.2,49.9,No
8/17/2016,89,96,26.5,2.7,21.3,40.9,Yes
8/18/2016,88,94,27,2.8,11.3,50.9,Yes
8/19/2016,84,90,28.2,4.8,10.6,10.5,Yes
8/20/2016,74,88,29.2,5,3.9,3.8,Yes
8/21/2016,58,87,27.4,6.7,8.2,39.9,No
8/22/2016,27,82,29.3,5.7,13.3,0,No
8/23/2016,19,74,29.7,6.2,9.2,0,No
8/24/2016,42,75,30.1,5.6,12.5,0,No
8/25/2016,34,77,30.4,6.3,10.2,0,No
8/26/2016,34,72,30.4,5.5,9,0,No
8/27/2016,74,79,29.7,6.2,9.4,3.5,No
8/28/2016,82,82,27.6,5.6,7.2,8.7,No
8/29/2016,87,76,26.7,1.8,13.2,Trace,No
8/30/2016,77,69,28,5.1,5.8,0,No
8/31/2016,84,78,28.6,4.9,5.4,0.2,No
9/1/2016,86,88,27.9,4.8,7.5,68.9,No
9/2/2016,88,86,28.7,3.5,11,6.1,No
9/3/2016,88,87,28.1,5.5,6.4,7,No
9/4/2016,88,84,28.2,3.1,17.2,Trace,No
9/5/2016,86,89,27.1,3.4,15.1,75.3,No
9/6/2016,86,90,26.7,2,4.5,10.8,No
9/7/2016,91,90,26.5,2.6,6,20.4,No
9/8/2016,84,90,27.1,2.9,2.5,2.8,No
9/9/2016,87,88,27,3.9,5.6,16.3,No
9/10/2016,87,93,26.3,3.2,4.8,53.2,Yes
9/11/2016,72,87,28.1,5.7,7.4,6.6,Yes
9/12/2016,49,83,28.7,6.7,9.3,0,Yes
9/13/2016,61,84,28.2,4.9,13.5,8.5,Yes
9/14/2016,59,69,29.6,5.7,11.7,0,Yes
9/15/2016,63,68,29.4,3.9,11.2,0.7,Yes
9/16/2016,44,70,29,4,7.1,0,No
9/17/2016,50,66,29.3,4.3,9.2,0,No
9/18/2016,47,66,28.6,5.2,6,Trace,No
9/19/2016,51,73,28.6,7.1,12.1,3.8,No
9/20/2016,85,87,25.5,6.7,11.3,39.6,No
9/21/2016,52,77,27.1,5.9,19,2.4,No
9/22/2016,87,76,27.2,2.8,19.7,0,Yes
9/23/2016,88,78,27.7,3.4,20.5,Trace,Yes
9/24/2016,66,78,27.9,3.9,19.2,Trace,Yes
9/25/2016,52,80,28.1,3.6,15.8,0,Yes
9/26/2016,69,81,28.5,4.1,9.9,Trace,Yes
9/27/2016,36,68,31.1,7.2,12.5,0,Yes
9/28/2016,79,58,30.4,3.3,22.9,0,Yes
9/29/2016,88,70,26.5,4,13.6,0.7,Yes
9/30/2016,86,78,25.1,2.3,13.3,0,No
10/1/2016,75,89,26.6,5.4,8.8,95.5,No
10/2/2016,76,82,27.6,3.6,7,Trace,No
10/3/2016,84,82,27.5,1.7,12.8,0.2,No
10/4/2016,60,83,27.5,3,12.6,0,No
10/5/2016,68,78,28.6,5,11.1,Trace,Yes
10/6/2016,57,75,28.5,6.5,10.5,16.7,Yes
10/7/2016,86,79,27.7,3.8,7.5,17.3,Yes
10/8/2016,88,71,28.1,2.9,12,Trace,Yes
10/9/2016,86,69,26.5,3.9,11.3,0,Yes
10/10/2016,74,70,25.3,4.6,9.8,0,Yes
10/11/2016,88,79,24.5,4.8,9.2,0.1,Yes
10/12/2016,88,84,24.6,2.8,16.6,0.9,Yes
10/13/2016,72,77,26,5.1,20.2,Trace,Yes
10/14/2016,70,76,26.7,4.9,18.1,Trace,Yes
10/15/2016,63,72,27.2,5.7,12.3,0,Yes
10/16/2016,62,71,28,4.9,11,0,Yes
10/17/2016,89,81,26.6,4.7,26.3,16.7,Yes
10/18/2016,91,96,24.8,1.6,32.9,178.7,Yes
10/19/2016,94,96,25.1,1.5,12.9,223.4,Yes
10/20/2016,82,82,27.3,4.8,8.8,0,Yes
10/21/2016,96,86,26.1,3.6,25.1,72.5,Yes
10/22/2016,77,84,27.5,3.3,4.8,1.9,Yes
10/23/2016,68,88,27.1,3.3,9,0,No
10/24/2016,74,88,27.3,3,12.2,Trace,No
10/25/2016,65,87,27.3,3.7,14.9,Trace,No
10/26/2016,47,84,27.1,4.3,11.6,0,No
10/27/2016,41,79,27.5,5.5,10.1,0,No
10/28/2016,54,75,28.2,5.2,8.1,0,No
10/29/2016,70,79,26.7,4.7,15.5,0.5,No
10/30/2016,85,74,24.4,3.7,15.6,0,No
10/31/2016,66,70,25.5,5.6,12.1,0,No
11/1/2016,76,69,23.9,2.8,13.3,0,No
11/2/2016,63,68,22.8,3.8,14.9,0,No
11/3/2016,54,66,21.8,4.7,11.8,0,No
11/4/2016,22,68,22.4,5.7,6.7,0,No
11/5/2016,56,77,23.8,5.2,6.9,0,No
11/6/2016,44,79,24.2,4.5,11.2,0,No
11/7/2016,52,81,25.3,5,14.3,0,No
11/8/2016,61,80,24.6,6,8.9,4.8,No
11/9/2016,88,81,20.7,3.1,13,1.3,No
11/10/2016,88,82,17.7,2,9.3,1.9,No
11/11/2016,92,80,20,5.2,10.3,Trace,No
11/12/2016,78,84,23.3,3.5,15.3,0.2,No
11/13/2016,65,85,24.7,3.1,11.3,0,No
11/14/2016,38,83,25.4,4.8,3.6,0,No
11/15/2016,38,81,25.7,5.4,12.1,Trace,No
11/16/2016,68,81,24.6,2.2,20.3,Trace,No
11/17/2016,59,78,24.8,3.9,15.9,Trace,No
11/18/2016,81,83,24.8,3.3,15.7,Trace,No
11/19/2016,80,78,25.8,4,14.2,1.4,No
11/20/2016,87,78,25.6,1.8,17.4,Trace,No
11/21/2016,87,85,24.7,1.3,19.4,0.3,No
11/22/2016,95,95,22.7,2.9,20,36.5,No
11/23/2016,92,93,20.5,4.9,16.8,25.9,No
11/24/2016,84,76,17.3,4.8,13.9,Trace,No
11/25/2016,88,78,20,4.9,20,0.1,No
11/26/2016,88,89,17.6,7.8,11.9,50.3,No
11/27/2016,75,83,16.2,7.1,9.8,8.6,No
11/28/2016,44,68,18.1,4,15,0,No
11/29/2016,82,66,19.2,3,11.5,0,No
11/30/2016,31,64,19.7,4.6,9.5,0,No
12/1/2016,19,67,19.8,5.2,9.3,0,No
12/2/2016,77,74,20.5,4,13.1,0,No
12/3/2016,87,77,21.3,2.9,13.5,0,No
12/4/2016,77,79,22.3,3.9,5.2,Trace,No
12/5/2016,84,79,23.3,4.1,6.6,0,No
12/6/2016,84,54,20.8,3.5,12,Trace,No
12/7/2016,73,61,19.9,4,9.4,Trace,No
12/8/2016,27,61,19.2,4.6,9.1,0,No
12/9/2016,16,65,19.4,5.4,11.4,0,No
12/10/2016,51,72,20.8,4.8,15.6,0,No
12/11/2016,51,76,20.4,2,28.3,Trace,No
12/12/2016,59,77,21.1,4.3,15.7,Trace,No
12/13/2016,48,75,22.9,5,5,Trace,No
12/14/2016,80,63,21.4,4.6,9.7,Trace,No
12/15/2016,67,62,18,4.8,12.8,0,No
12/16/2016,17,61,15.2,3.9,14,0,No
12/17/2016,56,68,16.6,4.9,15.4,0,No
12/18/2016,46,76,19.2,4.1,14.7,0,No
12/19/2016,29,73,20.3,4,13.2,0,No
12/20/2016,80,80,21.3,2.9,14.4,0,No
12/21/2016,85,90,21.9,1.6,12.7,2.8,No
12/22/2016,59,75,22.4,5.1,6.5,0.1,No
12/23/2016,78,73,20.2,2.8,15.3,Trace,No
12/24/2016,88,76,18.1,2.6,23.2,3.7,No
12/25/2016,85,82,19.5,1.9,20,Trace,No
12/26/2016,53,80,21.4,4.2,10.8,0,No
12/27/2016,45,61,16.6,9,17.3,0,No
12/28/2016,81,60,14,4.2,12.1,0,No
12/29/2016,80,54,15.9,4,10.7,0,No
12/30/2016,83,60,16.6,3.8,11.5,0,No
12/31/2016,64,74,18.2,5.1,17.5,0,No
1/1/2017,72,80,19.2,2.4,22.3,0,No
1/2/2017,28,81,20.2,4.9,10.5,0,No
1/3/2017,56,83,20,2.4,16,0,No
1/4/2017,51,80,19.9,3,18.8,0,No
1/5/2017,61,80,21.1,4.5,7.9,0,No
1/6/2017,43,80,21.6,5.3,14.3,0,No
1/7/2017,68,79,21.1,3.1,16.1,0,No
1/8/2017,50,76,22.6,5,3.9,0,No
1/9/2017,66,78,20.6,2.1,15.3,0,No
1/10/2017,72,79,19.4,1.7,24.7,0,No
1/11/2017,86,80,19.1,1.5,21.9,0,No
1/12/2017,93,81,19,3.4,14.3,Trace,No
1/13/2017,88,84,15.9,2,7.1,0.5,No
1/14/2017,92,87,15.7,2,14.7,1,No
1/15/2017,100,85,15.5,2.5,14.5,1.5,No
1/16/2017,93,80,16.3,2.7,21.3,0.4,No
1/17/2017,88,76,18,2.5,18.3,0,No
1/18/2017,88,86,18.9,2,8.3,Trace,No
1/19/2017,76,85,20.4,5.4,9,0,No
1/20/2017,51,69,18.3,4.4,10.5,Trace,No
1/21/2017,35,67,16.7,4.4,9.5,0,No
1/22/2017,9,58,16.4,6.2,8.3,0,No
1/23/2017,61,71,16.8,4.2,18.3,0,No
1/24/2017,79,72,17,3.2,27.2,0,No
1/25/2017,42,76,17.5,5,18.8,0,No
1/26/2017,45,75,17.3,3.6,16.7,0,No
1/27/2017,13,69,17.5,6.9,11.7,0,No
1/28/2017,78,79,17.3,2.4,17.5,0.3,No
1/29/2017,88,88,19.1,3.4,18.8,2.4,No
1/30/2017,88,90,20.2,6,9.4,1.2,No
1/31/2017,88,87,16.7,1.7,16.7,0.5,No
2/1/2017,80,80,18.4,5.4,12.6,Trace,No
2/2/2017,86,83,16.8,1.5,22.5,Trace,No
2/3/2017,87,76,17.1,4.2,18.5,0,No
2/4/2017,72,79,18.2,4.6,15.1,1.6,No
2/5/2017,67,83,19,5.3,8,3.3,No
2/6/2017,80,80,18.1,2.8,26.1,Trace,No
2/7/2017,83,74,16.7,2.8,33.7,0,No
2/8/2017,88,78,17.7,5.1,17.1,Trace,No
2/9/2017,72,56,14,5.7,13.3,Trace,No
2/10/2017,88,56,12.8,4.8,11.3,0,No
2/11/2017,32,57,14,6.4,10.6,0,No
2/12/2017,6,66,15,6.6,12.6,0,No
2/13/2017,9,65,16.1,7,17.3,0,No
2/14/2017,34,62,17.3,5.5,25.8,0,No
2/15/2017,20,62,17.4,5.6,21.2,0,No
2/16/2017,11,69,18.7,8.6,8.8,0,No
2/17/2017,39,74,20.4,8.3,5.6,0,No
2/18/2017,33,76,19.9,6.1,11.3,0,No
2/19/2017,88,82,17.9,2.7,18.3,0.3,No
2/20/2017,72,84,21,7.2,9.7,Trace,No
2/21/2017,90,90,18.3,4.5,26.7,4.6,No
2/22/2017,89,91,18.9,4.9,16.9,8,No
2/23/2017,95,88,17.9,5.2,13,Trace,No
2/24/2017,88,81,13,3.1,11.2,Trace,No
2/25/2017,89,85,12.2,3.1,8.6,0.7,No
2/26/2017,88,79,13.9,6.4,7.5,1.4,No
2/27/2017,77,66,17,4.4,20.8,0,No
2/28/2017,51,64,17.4,5.7,20.7,0,No
3/1/2017,72,67,18.8,7,7.5,0,No
3/2/2017,12,45,19.4,6.7,11.4,0,No
3/3/2017,43,67,17.4,4.4,21.3,0,No
3/4/2017,76,73,18.7,5,18.8,0,No
3/5/2017,80,83,20.7,5.3,10.5,0,No
3/6/2017,76,80,20.3,5.6,8.6,Trace,No
3/7/2017,87,75,18,3.6,23,Trace,No
3/8/2017,89,86,16.3,2.3,11.6,2.8,No
3/9/2017,88,74,17,3.6,22.3,Trace,No
3/10/2017,89,90,17.8,2.8,19.3,Trace,No
3/11/2017,91,88,17.5,1.7,23.6,Trace,No
3/12/2017,92,90,18.4,2.5,17.9,1,No
3/13/2017,86,92,21.7,5,8.6,0,No
3/14/2017,93,94,19.1,5.2,17.8,8.5,No
3/15/2017,88,75,16.8,1.7,30,Trace,No
3/16/2017,88,78,17.8,2.2,22,Trace,No
3/17/2017,88,86,18.1,3.4,21.9,Trace,No
3/18/2017,91,90,18.9,2.7,20.3,0.3,No
3/19/2017,99,94,19.8,1.7,13.9,10.7,No
3/20/2017,61,86,21.9,8.5,14,Trace,No
3/21/2017,69,85,22.9,8.5,13.3,0.6,No
3/22/2017,88,88,18.8,2.1,21.8,0.9,No
3/23/2017,83,84,21.2,5.6,14,0,No
3/24/2017,85,83,20.8,3.5,17.9,Trace,No
3/25/2017,82,84,20.2,6.9,11.1,Trace,No
3/26/2017,86,76,15.8,3.1,11.8,1,No
3/27/2017,73,55,18.9,5.2,22,0,No
3/28/2017,60,70,20.6,6.8,18.9,0,No
3/29/2017,88,84,21.7,3.3,13.2,0.3,No
3/30/2017,88,89,21.9,2.1,13.9,Trace,No
3/31/2017,85,92,20.1,8.2,8.5,21.9,No
4/1/2017,35,70,18.7,8.4,11.8,0.2,No
4/2/2017,17,64,19.9,7.2,19,0,No
4/3/2017,22,68,20.7,7,17.7,0,No
4/4/2017,51,77,21.9,6.7,14.6,0,No
4/5/2017,80,81,23.4,7,11.2,0,No
4/6/2017,86,87,23.5,2.5,7.3,0.3,No
4/7/2017,63,84,24.5,5.3,10.4,0,No
4/8/2017,62,85,25,4.5,10,0,No
4/9/2017,77,84,25.8,4.4,6.5,0,No
4/10/2017,87,83,27,1.8,9.9,Trace,No
4/11/2017,89,90,26.1,5.6,7.2,0.6,No
4/12/2017,88,89,20.6,4.6,13,21.5,No
4/13/2017,86,80,20,2.7,11,Trace,No
4/14/2017,81,78,21.9,4.8,14.2,0,No
4/15/2017,84,86,23.6,5.3,12.9,0,No
4/16/2017,58,82,25.7,7.2,11.2,Trace,No
4/17/2017,61,79,26,5.7,9.8,Trace,No
4/18/2017,48,79,26.7,6.8,9,0,No
4/19/2017,49,78,26.7,4.7,11.4,0,No
4/20/2017,84,86,26.1,2.4,5.5,3.1,No
4/21/2017,90,88,26.2,6.6,11.1,7.8,No
4/22/2017,90,79,20.6,6,9.5,6.6,No
4/23/2017,88,83,20.8,1.9,13,1.4,No
4/24/2017,88,83,21.5,1.9,21.2,Trace,No
4/25/2017,89,92,21.9,2.2,18.5,10.9,No
4/26/2017,89,95,23.7,4.4,12.1,2.9,No
4/27/2017,89,88,22.3,3.4,7.6,3.5,No
4/28/2017,67,74,21.8,4.6,10.4,0,No
4/29/2017,35,75,23,7.4,7.8,0,No
4/30/2017,25,75,24,6.8,9.3,0,No
5/1/2017,58,81,25,6.9,12,0,No
5/2/2017,83,85,26.1,3.8,10.8,0,No
5/3/2017,79,82,27.5,5.7,7.8,Trace,No
5/4/2017,84,90,24.9,4.7,6.9,42.5,No
5/5/2017,59,81,26.1,6.4,3.5,0,No
5/6/2017,65,79,27.5,5.8,10.5,Trace,No
5/7/2017,82,86,25.6,2.9,19.5,1.8,No
5/8/2017,87,83,25.9,5.5,14.8,9.2,No
5/9/2017,77,81,25.9,6.7,7.3,10.8,No
5/10/2017,84,81,27.1,4.3,10.5,0,No
5/11/2017,77,81,27.5,5.9,14.1,0,No
5/12/2017,86,76,27.5,4.7,13.7,Trace,No
5/13/2017,85,80,25.8,2.1,9.6,4.7,No
5/14/2017,76,85,26.7,4.7,6.2,Trace,No
5/15/2017,86,94,25.5,2.4,8.8,38.5,No
5/16/2017,84,85,25,3,8,3,No
5/17/2017,76,77,26,6.1,12.3,0,No
5/18/2017,86,74,25.5,3.1,21.5,0.1,No
5/19/2017,88,80,24.6,2.3,19,0.7,No
5/20/2017,88,88,23.9,2.1,19.3,0.3,No
5/21/2017,88,90,23.9,1.9,20.9,4.4,No
5/22/2017,88,93,24.6,1.4,17.1,5.6,No
5/23/2017,86,93,26.1,3.9,12.3,4.1,No
5/24/2017,92,95,25.3,2,9,273.6,No
5/25/2017,84,79,25.5,4.6,9,0,No
5/26/2017,72,76,25,2.9,9.2,0,No
5/27/2017,56,65,26.1,6.4,15,Trace,No
5/28/2017,43,68,26.7,5.7,20.4,0,No
5/29/2017,48,74,26.6,5.4,21.9,0,No
5/30/2017,70,80,27,5.8,14.3,Trace,No
5/31/2017,69,79,28.2,5.7,9.7,0,No
6/1/2017,88,83,29.1,2.8,20.3,Trace,No
6/2/2017,88,85,29.4,2,22.4,Trace,No
6/3/2017,84,83,30,4,17.3,0,No
6/4/2017,88,81,30,1.9,6.8,Trace,No
6/5/2017,67,80,30.3,4.7,5.8,Trace,No
6/6/2017,59,78,30.4,5.3,7.6,Trace,No
6/7/2017,50,80,30,6.8,9.8,4.3,No
6/8/2017,63,80,29.8,4.2,16.2,0,No
6/9/2017,81,81,29.5,3.8,17.5,1.1,No
6/10/2017,77,79,29.9,5.8,8.4,Trace,No
6/11/2017,47,78,29.8,6,10.8,Trace,Yes
6/12/2017,80,87,27.6,4.7,29.8,37.7,Yes
6/13/2017,91,93,26.4,4.6,14.5,219.4,Yes
6/14/2017,88,85,28.3,4,6.9,15.6,No
6/15/2017,88,81,29.2,4.3,10.8,14.5,No
6/16/2017,88,85,29,1.8,13.2,13.5,No
6/17/2017,93,96,25.5,4,5.4,138,No
6/18/2017,91,91,26.2,2.6,6,24.2,No
6/19/2017,86,92,26.2,3,4.8,32.6,No
6/20/2017,88,91,26.5,3,5.6,24.8,No
6/21/2017,89,90,27.4,4,5.9,95.9,No
6/22/2017,80,81,29.3,4.4,5.1,Trace,No
6/23/2017,80,84,28.9,4.1,4.2,10.5,No
6/24/2017,79,85,28.5,4.4,6.1,18.3,No
6/25/2017,81,79,29.2,4.7,10.5,4.2,No
6/26/2017,85,78,29.8,3.4,14,0.1,No
6/27/2017,83,79,29.5,2.9,11.5,1.3,No
6/28/2017,58,77,29.7,4.1,11.6,0,No
6/29/2017,62,78,29.6,4.9,6.8,0,No
6/30/2017,64,75,29.9,6.1,4.7,0,No
7/1/2017,82,79,29.2,5,6.3,7.4,No
7/2/2017,88,84,28.9,4.1,5.4,8.8,No
7/3/2017,87,83,28.5,4,9.4,8.4,No
7/4/2017,84,92,26.5,3.3,11.4,32.3,No
7/5/2017,85,89,27.8,4.5,12.8,27.5,No
7/6/2017,88,93,27,2.9,13,16.3,No
7/7/2017,88,87,27.3,3.8,7.6,35.8,No
7/8/2017,88,91,27.5,2.6,4.4,12.8,No
7/9/2017,77,81,29.3,5.2,5.5,1.2,No
7/10/2017,83,77,29.4,4.6,6.1,0.6,No
7/11/2017,68,78,29.5,5.1,10.6,0,No
7/12/2017,76,79,29.6,5,13.4,Trace,No
7/13/2017,67,79,30.2,5.3,15,Trace,No
7/14/2017,72,82,29.3,5.4,17.5,2.3,No
7/15/2017,82,84,28.7,5.1,18.8,8.8,No
7/16/2017,88,90,27.4,2.4,19.3,21,No
7/17/2017,88,95,26.2,4.4,10.5,184.6,No
7/18/2017,91,96,25.7,3.2,7.4,134.3,No
7/19/2017,84,89,27.4,6.3,12.3,12.6,No
7/20/2017,88,85,28.6,3.6,16.5,2,No
7/21/2017,79,81,29.3,4.6,18.5,0.2,Yes
7/22/2017,75,81,29.2,6.6,13.7,3.3,Yes
7/23/2017,86,87,27.2,3.2,13.2,46.5,Yes
7/24/2017,74,89,27.9,5.4,13,3.3,No
7/25/2017,55,80,29.6,5.4,15.5,Trace,No
7/26/2017,60,77,29.8,7.3,9.8,0,No
7/27/2017,80,80,29,2.6,17.2,Trace,No
7/28/2017,57,73,30.3,6.3,16.8,0,No
7/29/2017,69,72,30.8,5,12.3,0,No
7/30/2017,69,74,31.8,5.2,19.3,0,No
7/31/2017,83,79,30.7,2.6,18.1,0,No
8/1/2017,88,80,30.5,4.9,13.4,5.9,No
8/2/2017,88,83,29.3,3.7,8.4,14.8,No
8/3/2017,90,88,27.8,4.5,7,66.7,No
8/4/2017,79,89,27.6,3.4,7.2,19.3,No
8/5/2017,46,80,30,6.9,6.2,0.9,No
8/6/2017,61,78,30.3,4.4,10.5,0,No
8/7/2017,66,77,30.5,5.7,13.6,6.9,No
8/8/2017,74,78,30.4,4.4,14.8,1.9,No
8/9/2017,85,81,29.6,4.7,14.6,14.3,No
8/10/2017,88,81,29.6,3.8,13.1,11.1,No
8/11/2017,82,79,30,2.7,7.3,3.5,No
8/12/2017,72,76,30,3.5,9.7,0,No
8/13/2017,59,76,29.8,3.8,10.8,0,No
8/14/2017,58,75,29.9,3.7,13.3,Trace,No
8/15/2017,66,74,29.8,4.8,11.3,0.2,No
8/16/2017,81,75,29.3,3,9.3,Trace,No
8/17/2017,71,73,29.9,5.1,6.6,0,No
8/18/2017,60,76,30.4,6.2,9.6,0,No
8/19/2017,61,71,30.6,5.6,6.8,0,No
8/20/2017,29,75,30.5,4.9,9,0,Yes
8/21/2017,42,72,31.3,5.9,12.7,0,Yes
8/22/2017,74,76,30.9,8.6,12.9,2,Yes
8/23/2017,93,89,26.9,4.1,25.5,67.1,Yes
8/24/2017,85,86,29.1,4.2,16,Trace,Yes
8/25/2017,81,81,29.2,4.9,14.3,0.1,Yes
8/26/2017,65,73,29.8,8.1,19,6.3,Yes
8/27/2017,89,95,25.6,2.9,25.3,165.3,Yes
8/28/2017,90,96,25.2,1.8,7.7,98.3,No
8/29/2017,34,79,28.2,6.8,7.2,0,No
8/30/2017,49,79,28.9,4.6,6.7,0.4,No
8/31/2017,80,77,28.9,6.6,5.1,4.1,Yes
9/1/2017,85,83,27.9,5.6,10.4,6.5,Yes
9/2/2017,88,83,27.9,4,8.5,1,Yes
9/3/2017,88,88,27.3,4.3,14.7,23.8,Yes
9/4/2017,90,89,26.4,2.3,15.4,32.8,Yes
9/5/2017,83,87,28.3,4.8,4.7,6.4,No
9/6/2017,82,82,29.1,5,5.6,Trace,No
9/7/2017,86,84,28.5,3.2,6,1.8,No
9/8/2017,64,83,28.4,4,5.5,1.1,No
9/9/2017,77,86,28.1,6,4.5,25.8,No
9/10/2017,68,81,29.1,5.5,5.5,Trace,No
9/11/2017,30,75,29.8,4.8,6.9,0,No
9/12/2017,51,77,29.9,4.9,8.6,0.6,No
9/13/2017,71,73,30,5.7,20.2,0,No
9/14/2017,76,64,29,3.9,22.8,0,No
9/15/2017,76,77,29.4,5.4,10.2,Trace,No
9/16/2017,52,73,29.9,4.9,11,0,No
9/17/2017,36,72,30.1,4.1,10.3,0,No
9/18/2017,30,75,29.7,5.1,14.6,0,No
9/19/2017,39,75,29.1,4.6,16.4,0,No
9/20/2017,73,78,29.3,4.4,13.1,0.2,No
9/21/2017,70,79,29.4,4.1,12.4,Trace,No
9/22/2017,72,83,29.1,5.9,15.7,17.9,No
9/23/2017,75,85,29,4.7,16.3,33.4,Yes
9/24/2017,81,84,28.8,3.4,***,5.6,Yes
9/25/2017,81,81,29.4,4.2,***,0.5,Yes
9/26/2017,41,78,29.7,5.1,***,0,No
9/27/2017,34,78,29.9,5.3,***,0,No
9/28/2017,25,72,30.3,5.9,13.8,0,No
9/29/2017,63,78,30.2,4.3,19.5,Trace,No
9/30/2017,72,86,28.3,4.4,19.9,35,No
10/1/2017,80,86,28.4,2.5,19.2,6.6,No
10/2/2017,66,83,29.2,6.3,15.8,3.6,No
10/3/2017,52,78,30.1,5.2,15,0,No
10/4/2017,76,82,28.7,3.5,21.4,9.5,No
10/5/2017,76,76,28.5,2.8,23,Trace,No
10/6/2017,83,75,28.9,3.7,21.2,0.2,No
10/7/2017,76,74,29.3,3.8,23.7,0,No
10/8/2017,82,75,28.9,4.2,19.2,0,No
10/9/2017,85,71,29.4,2.8,29.2,Trace,No
10/10/2017,69,74,29.8,3.7,24.2,Trace,No
10/11/2017,43,73,29.8,4.2,21.5,0.2,No
10/12/2017,69,69,29.5,5.1,14.3,0,Yes
10/13/2017,59,64,27,6.1,14.8,0,Yes
10/14/2017,88,68,24.5,3.7,17.6,0.4,Yes
10/15/2017,89,89,23.3,6.5,28.3,20.7,Yes
10/16/2017,88,91,26.7,1.9,20.9,17.1,Yes
10/17/2017,89,87,25.8,2.9,21,41.3,No
10/18/2017,67,74,26.2,5.5,9.6,Trace,No
10/19/2017,70,71,25.4,4.5,11,0,No
10/20/2017,72,69,24.1,5.5,11.2,0,No
10/21/2017,33,64,23.6,5.6,10.7,0,No
10/22/2017,9,60,22.9,6.1,9.4,0,No
10/23/2017,6,62,23.7,6.9,8.6,0,No
10/24/2017,14,65,24.4,4.8,15,0,No
10/25/2017,18,69,24.1,3.7,18.5,Trace,No
10/26/2017,18,71,24.4,6,10.7,0,No
10/27/2017,40,60,24.9,6.5,4.9,0,No
10/28/2017,21,54,24.8,5.5,7.6,0,No
10/29/2017,31,53,24.1,5.3,13.1,0,No
10/30/2017,55,55,22.7,4.5,14.9,Trace,No
10/31/2017,51,61,22,6,14.5,Trace,No
11/1/2017,29,66,23,5.9,14.1,0,No
11/2/2017,22,67,23.8,6.9,7.8,0,No
11/3/2017,64,63,24.5,5.6,13.3,0,No
11/4/2017,86,58,23.6,5.1,15.6,0.3,No
11/5/2017,78,64,23,5.3,15.6,Trace,No
11/6/2017,87,68,23.3,4.5,12.2,Trace,No
11/7/2017,88,75,23.6,4.2,7.7,0.3,No
11/8/2017,88,78,24.6,4.2,11.8,Trace,No
11/9/2017,77,74,24.4,4,22.7,Trace,No
11/10/2017,56,74,25,5.5,18.5,0,No
11/11/2017,89,78,24.7,3.1,19.3,0,No
11/12/2017,93,87,22.1,2.4,21.8,14.7,No
11/13/2017,95,91,21.9,1.2,20.8,12.5,No
11/14/2017,88,88,23,2,18.8,0.2,No
11/15/2017,84,84,23.2,1.3,23.5,0,No
11/16/2017,68,81,23.4,4,20,0,No
11/17/2017,42,84,24.2,3.3,12.9,0,No
11/18/2017,60,83,23.9,6.4,9,1.9,No
11/19/2017,88,84,19.9,0.8,18.7,1,No
11/20/2017,91,78,19.3,2.4,11,0,No
11/21/2017,88,77,19.3,3.9,10.2,0,No
11/22/2017,60,70,19.8,5.6,11.6,0,No
11/23/2017,47,64,17.8,4.8,12.9,0,No
11/24/2017,86,65,18,4.3,10.5,0,No
11/25/2017,88,73,18,2.2,7.8,0,No
11/26/2017,73,73,19.7,4.3,7.9,0,No
11/27/2017,84,78,20.3,3.6,14,Trace,No
11/28/2017,76,79,22.2,4,15.3,Trace,No
11/29/2017,74,82,23.8,4.8,15.3,0,No
11/30/2017,86,90,22.3,1.4,14.9,0.3,No
12/1/2017,74,73,21.2,3.5,12.3,Trace,No
12/2/2017,65,73,20.1,5.4,11,0,No
12/3/2017,52,76,20.6,4,7.8,0,No
12/4/2017,36,71,20.1,4.3,6.6,0,No
12/5/2017,78,71,18.9,2.7,10.7,0,No
12/6/2017,41,73,18.8,3.6,18,0,No
12/7/2017,57,69,19.4,4,11.3,0,No
12/8/2017,9,49,17.6,4.1,14.5,0,No
12/9/2017,15,56,15.5,4.7,7.8,0,No
12/10/2017,37,60,17.8,5.5,5,0,No
12/11/2017,57,58,18.9,4.1,13.7,0,No
12/12/2017,83,70,18.6,3.2,19.4,Trace,No
12/13/2017,89,79,18.4,1.1,29.8,Trace,No
12/14/2017,84,78,19.3,3.1,21.5,Trace,No
12/15/2017,79,81,19.6,2.8,17.7,0,No
12/16/2017,69,67,15.8,7.3,15.7,0,No
12/17/2017,81,64,12.3,3.2,15,0,No
12/18/2017,23,57,12.8,6,10.9,0,No
12/19/2017,40,46,13.6,5.8,13.3,0,No
12/20/2017,29,40,15.2,5.4,13,0,No
12/21/2017,23,53,15,4.6,18.4,0,No
12/22/2017,52,65,16.8,4.6,17.1,0,No
12/23/2017,91,73,19,4,8.6,0,No
12/24/2017,28,60,20.2,5,10.4,0,No
12/25/2017,64,53,17.7,3.4,12.9,0,No
12/26/2017,69,73,17.6,3.4,18.2,0,No
12/27/2017,51,75,17.6,3.2,24.7,0,No
12/28/2017,84,76,18.5,3.5,18.3,Trace,No
12/29/2017,46,77,19,3.8,14,0,No
12/30/2017,44,71,19.5,5,15.7,0,No
12/31/2017,33,65,18.1,5.1,12,Trace,No
1/1/2018,75,78,17.3,2.7,15.8,0,No
1/2/2018,77,78,17.8,3.2,17.9,0,No
1/3/2018,79,76,19.4,3.8,23.6,0,No
1/4/2018,86,82,18.8,2.4,21.8,0.2,No
1/5/2018,88,87,19.3,5.6,14.5,0.2,No
1/6/2018,94,92,16.2,1.4,30.4,3.7,No
1/7/2018,95,93,16.8,1.9,25,16.2,No
1/8/2018,91,95,15.1,9.2,13.8,11.6,No
1/9/2018,97,82,9,2.8,12.1,9.9,No
1/10/2018,82,46,12.8,4.7,10,Trace,No
1/11/2018,37,42,13.8,4,12.6,Trace,No
1/12/2018,11,46,12.8,4.8,13.2,0,No
1/13/2018,18,67,12.9,3.3,22.5,0,No
1/14/2018,11,70,14.2,5.2,16.1,0,No
1/15/2018,16,79,15.3,5.2,12.3,0,No
1/16/2018,23,75,17.8,7.8,7.6,0,No
1/17/2018,9,60,19.8,9.6,8.8,0,No
1/18/2018,39,76,19.2,8.1,17.1,0,No
1/19/2018,92,89,18.6,1.4,13.7,0.8,No
1/20/2018,70,79,19.1,5.3,18,Trace,No
1/21/2018,78,81,18.7,4.7,13.8,0,No
1/22/2018,62,80,20,7.7,6.6,0,No
1/23/2018,79,78,19.2,5.6,18,0,No
1/24/2018,80,78,17.7,2,29.3,0,No
1/25/2018,82,79,17.2,2.7,25.4,0,No
1/26/2018,95,85,17.1,2.7,15.1,Trace,No
1/27/2018,90,81,15.5,3.1,20,Trace,No
1/28/2018,88,81,16.5,5.8,8.8,0,No
1/29/2018,94,76,10.5,4,11.9,0.1,No
1/30/2018,100,82,10.1,2.1,13.5,0.2,No
1/31/2018,86,87,9.4,2.8,11.5,19.3,No
2/1/2018,76,64,10.2,5.5,9.3,0,No
2/2/2018,88,64,11.1,3,12.4,Trace,No
2/3/2018,88,55,10.2,3,11.6,0,No
2/4/2018,88,51,10.2,2.6,10.8,0,No
2/5/2018,79,48,9.8,3.7,11.1,0,No
2/6/2018,48,50,11.1,6.3,13.1,0,No
2/7/2018,79,56,12.7,4.8,11.8,0,No
2/8/2018,73,61,14,5.4,13.8,0,No
2/9/2018,90,76,15.5,3.4,14.7,0,No
2/10/2018,71,78,18,6.2,6.6,0,No
2/11/2018,78,63,16.1,5.2,8.2,0,No
2/12/2018,26,59,14.9,7.1,9.3,0,No
2/13/2018,32,64,15.2,5.6,14.8,0,No
2/14/2018,74,58,16.8,4,13,0,No
2/15/2018,57,76,19.8,6.8,3.9,0,No
2/16/2018,10,78,20.6,7.3,4.3,0,No
2/17/2018,72,85,17.7,3.6,22.2,Trace,No
2/18/2018,87,79,18.3,3.7,14.3,0,No
2/19/2018,82,81,21.4,4.9,5.4,Trace,No
2/20/2018,83,86,21,6.2,9.2,Trace,No
2/21/2018,92,84,18.2,2.7,20.1,Trace,No
2/22/2018,100,89,15.1,3.8,14.6,2.3,No
2/23/2018,87,85,14.8,3.7,15.4,2,No
2/24/2018,86,72,18.3,5.3,15.7,0.2,No
2/25/2018,81,80,20.4,5.1,8.1,Trace,No
2/26/2018,83,81,17.3,2.2,15,Trace,No
2/27/2018,83,71,19.1,7.4,15.6,0,No
2/28/2018,57,79,21.4,7.7,4.8,Trace,No
3/1/2018,47,86,21.3,5.4,12.3,0,No
3/2/2018,80,78,21.3,5.2,16.4,Trace,No
3/3/2018,86,91,22,2.6,12,0,No
3/4/2018,86,89,24,5.4,7.5,Trace,No
3/5/2018,71,84,25.1,4.4,1.6,0,No
3/6/2018,82,83,19.8,5.2,24.6,Trace,No
3/7/2018,86,79,19.1,3,21.2,Trace,No
3/8/2018,90,82,14.5,8,12,20.3,No
3/9/2018,12,61,14.8,8.7,11.3,0,No
3/10/2018,12,66,16.7,6.6,16,0,No
3/11/2018,20,69,18,7.2,17.6,0,No
3/12/2018,10,71,19.6,6.4,10.2,0,No
3/13/2018,48,75,20.9,6.4,10.5,0,No
3/14/2018,88,83,20.2,1.4,8.1,2.4,No
3/15/2018,76,84,22.1,5,5.3,Trace,No
3/16/2018,39,81,22.7,6,5.8,0,No
3/17/2018,87,85,19.5,3.4,23.2,Trace,No
3/18/2018,85,83,20.8,4.9,16.4,Trace,No
3/19/2018,87,86,22.8,4.9,8.1,Trace,No
3/20/2018,55,70,21.4,8.4,14.6,Trace,No
3/21/2018,5,51,18.7,9.6,10.3,0,No
3/22/2018,9,57,19.5,7.9,10.8,0,No
3/23/2018,11,68,20.5,7.5,11.6,0,No
3/24/2018,78,77,21.1,4.2,14.2,Trace,No
3/25/2018,80,68,21.7,4,12.5,Trace,No
3/26/2018,69,71,22.6,6.1,7.9,0,No
3/27/2018,50,73,22.8,5.2,8.4,0,No
3/28/2018,41,77,22.7,5.7,11.4,0,No
3/29/2018,69,78,22.9,5.9,13.4,0,No
3/30/2018,46,76,23.5,6.7,15.2,0,No
3/31/2018,31,65,23.5,6.1,20.8,0,No
4/1/2018,51,73,23.6,6.6,12.2,0,No
4/2/2018,22,71,24.3,7.2,6.8,0,No
4/3/2018,38,74,24.7,7.5,7.3,0,No
4/4/2018,33,78,24.7,5.9,9.8,0,No
4/5/2018,57,78,24.6,5.1,11.8,0,No
4/6/2018,71,70,22.3,9.1,8.3,Trace,No
4/7/2018,88,45,18,4.2,18.5,Trace,No
4/8/2018,22,53,20.1,8.6,11.2,0,No
4/9/2018,43,75,22,7.5,12.8,0,No
4/10/2018,48,78,23.8,7.4,12.7,0,No
4/11/2018,75,83,24.6,5.1,9.9,0,No
4/12/2018,84,82,25.6,4.2,7.3,0,No
4/13/2018,71,79,26.7,6,10.5,Trace,No
4/14/2018,82,79,26.7,4.7,5.3,Trace,No
4/15/2018,89,85,21,7.1,14.3,17.2,No
4/16/2018,93,88,18.5,1.9,8.3,2,No
4/17/2018,90,82,19.9,5.5,9.6,0.2,No
4/18/2018,89,78,22.5,4.5,16,0.1,No
4/19/2018,78,76,23.2,4.9,17.6,0,No
4/20/2018,88,83,23.2,3.7,15.1,Trace,No
4/21/2018,83,83,24.5,4.5,13.7,Trace,No
4/22/2018,77,86,25.2,5.3,13.8,Trace,No
4/23/2018,77,79,26.3,5.9,7.7,Trace,No
4/24/2018,85,85,25.2,2.8,5,8.2,No
4/25/2018,85,79,23.7,1.4,14.2,Trace,No
4/26/2018,92,84,23.4,1.9,17.6,0.3,No
4/27/2018,86,80,24.9,5.6,11.3,Trace,No
4/28/2018,89,84,24.5,3.3,14.7,0.1,No
4/29/2018,74,82,25.6,5.4,14.9,Trace,No
4/30/2018,83,85,26.1,4.6,14.3,Trace,No
5/1/2018,76,80,27.3,5.2,7.3,Trace,No
5/2/2018,64,75,27.9,6.2,8.7,0,No
5/3/2018,82,80,27.1,10.6,17.8,1.9,No
5/4/2018,89,82,23.8,3,23.3,0.8,No
5/5/2018,86,82,25.3,4.1,16.3,Trace,No
5/6/2018,80,80,27.6,5.6,8.7,1,No
5/7/2018,88,82,28,5.2,11.6,6.7,No
5/8/2018,88,91,25.2,3.4,5.7,28.4,No
5/9/2018,88,88,24.6,2.9,20.1,5.4,No
5/10/2018,90,89,23,1.7,22.5,8,No
5/11/2018,88,86,23.8,3,17.9,1,No
5/12/2018,71,82,26.5,6.4,11.1,0,No
5/13/2018,41,79,27.7,6.2,7.8,0,No
5/14/2018,43,77,28.6,5.3,8.7,0,No
5/15/2018,54,76,28.7,5.2,6.5,0,No
5/16/2018,46,74,28.6,6.1,5.3,0,No
5/17/2018,64,75,29.4,5.7,6.4,0,No
5/18/2018,73,74,29.8,5.7,10.3,0,No
5/19/2018,72,74,29.8,5.6,11,0,No
5/20/2018,41,72,30.1,6.7,10,0,No
5/21/2018,54,71,30.3,6.6,5.3,0,No
5/22/2018,28,69,30.4,6.9,7.3,0,No
5/23/2018,18,69,30.5,7.5,10.8,0,No
5/24/2018,46,73,30,5.1,8,0,No
5/25/2018,47,71,29.8,5.5,6.8,Trace,No
5/26/2018,49,72,30.7,5.9,14.3,0.9,No
5/27/2018,63,76,30,6.5,15,3.4,No
5/28/2018,47,72,30.3,6.7,15,0,No
5/29/2018,24,69,31.1,7,13.8,0,No
5/30/2018,60,69,31.2,6.4,12.3,0,No
5/31/2018,57,70,31.1,5.9,13.3,0,No
6/1/2018,74,75,30.2,7.3,15.5,0,No
6/2/2018,73,74,29.1,5.6,21,Trace,Yes
6/3/2018,78,74,29.3,5.3,20.7,Trace,Yes
6/4/2018,85,85,28,4.7,20.2,12.4,Yes
6/5/2018,88,92,27.1,3.6,11.2,28.2,Yes
6/6/2018,96,93,27.2,2.4,11.2,58.3,Yes
6/7/2018,92,92,27.3,2.6,10.4,47.4,Yes
6/8/2018,93,88,27.8,4.9,6.9,70.2,Yes
6/9/2018,86,79,28.6,3.9,11.2,4.8,No
6/10/2018,69,69,30,6,14.1,0,No
6/11/2018,54,59,30.5,6.3,6.9,0,No
6/12/2018,89,88,27.5,4.9,13.3,39.6,No
6/13/2018,94,94,26.6,2.9,8.2,109.3,No
6/14/2018,89,82,26.8,3.2,6.4,1.3,No
6/15/2018,86,76,27.1,3.4,8.4,0.2,No
6/16/2018,66,70,28.4,4.6,23.1,0,No
6/17/2018,60,72,28.3,4.6,19.8,Trace,No
6/18/2018,82,77,28.9,4.5,15.8,Trace,No
6/19/2018,85,79,29.6,2.9,12.3,Trace,No
6/20/2018,87,78,30.2,3.6,12.6,Trace,No
6/21/2018,85,81,30,2.9,10.3,2.6,No
6/22/2018,87,87,27.8,5,6.8,32.9,No
6/23/2018,89,90,27,5.3,7.4,25.6,No
6/24/2018,84,84,28.7,6.1,6.8,18.1,No
6/25/2018,83,85,28.1,5.3,5.3,6.2,No
6/26/2018,61,80,29.2,7.5,6.2,1.7,No
6/27/2018,63,78,29.2,4.5,6.8,Trace,No
6/28/2018,38,75,29.7,4.9,10.7,0,No
6/29/2018,73,76,30.1,4.1,16.5,Trace,No
6/30/2018,80,76,30.4,3.9,14.4,Trace,No
7/1/2018,81,77,30.2,4.9,13.7,4.1,No
7/2/2018,88,81,29.5,5,11.8,2.1,No
7/3/2018,88,81,29.7,3.5,9.5,15.4,No
7/4/2018,88,78,30.3,4.2,12.5,3.4,No
7/5/2018,88,78,30,3.2,9,1.5,No
7/6/2018,88,80,30.1,4.5,5.4,5,No
7/7/2018,87,84,29,3.6,5.5,5.2,No
7/8/2018,87,88,28.2,3.9,11.4,14.4,No
7/9/2018,83,85,28.2,5.9,19.3,11.3,No
7/10/2018,57,80,29,5.8,16.8,1.3,No
7/11/2018,56,74,29.6,5.6,8.4,0,No
7/12/2018,85,77,30,5.1,15.5,Trace,No
7/13/2018,92,93,26.7,2.8,14.8,50.4,No
7/14/2018,90,91,27,4.2,20.3,52.7,No
7/15/2018,92,89,26.6,3.3,27.8,67.4,No
7/16/2018,80,81,28.2,5.7,24.9,5.8,Yes
7/17/2018,83,78,30,7.4,19.1,6.5,Yes
7/18/2018,89,88,27.7,3.1,24.5,29.6,Yes
7/19/2018,85,87,27.9,3.1,21.4,17.3,Yes
7/20/2018,71,87,28.2,5.6,15.9,7.1,Yes
7/21/2018,54,75,29.5,5.7,8.3,0,Yes
7/22/2018,67,76,29,4.5,10,Trace,Yes
7/23/2018,81,87,28.4,4.9,9.5,30.8,Yes
7/24/2018,84,80,29.8,4,6.4,0.1,Yes
7/25/2018,70,83,29.4,4.7,11.6,2.7,No
7/26/2018,82,82,29.6,5,9.3,3.4,No
7/27/2018,77,78,29.8,5.3,8.5,0.3,No
7/28/2018,55,75,30.2,5.5,9.4,0,No
7/29/2018,41,73,30.2,6.4,7.9,0,No
7/30/2018,53,74,30.4,5.6,7.2,0,No
7/31/2018,65,76,30.2,6.1,12,3.3,No
8/1/2018,76,78,29.9,4.5,11,2.7,No
8/2/2018,79,78,30,6.3,12.6,6.1,No
8/3/2018,86,77,30.1,2.7,12.9,Trace,No
8/4/2018,80,79,29.8,5.2,5.7,5,No
8/5/2018,84,77,30.3,4.2,5.7,0.5,No
8/6/2018,84,76,30.2,5,5.8,0,No
8/7/2018,78,78,30,5.8,8.5,0,No
8/8/2018,72,75,30.3,6.8,15.4,0.5,No
8/9/2018,79,74,30.4,4.4,24.7,Trace,Yes
8/10/2018,91,92,27.2,3.5,12.8,47.9,Yes
8/11/2018,90,93,27,2.4,12.7,51.9,Yes
8/12/2018,90,93,26.9,2.3,15.3,18.9,Yes
8/13/2018,80,84,28.9,5.3,16.6,0.1,Yes
8/14/2018,89,90,27.6,3.5,17.5,32.9,Yes
8/15/2018,88,86,28.2,4.5,10.5,2.2,Yes
8/16/2018,88,89,27.8,2.3,9.9,3.2,Yes
8/17/2018,89,91,27.2,2.8,4.5,36.1,Yes
8/18/2018,88,84,28.4,5,5.3,21.8,No
8/19/2018,89,84,28.6,4,7.7,31.2,No
8/20/2018,91,88,27.8,4.4,6.7,61.1,No
8/21/2018,83,86,28.3,3.5,4.8,25.7,No
8/22/2018,71,83,28.5,7.1,10.5,26.4,No
8/23/2018,86,86,27.7,6.3,11.6,24.9,No
8/24/2018,83,82,29.1,6.3,9.5,0.1,No
8/25/2018,66,73,30.3,5.1,15.2,0,No
8/26/2018,86,77,28.9,5.9,7.5,80.2,No
8/27/2018,89,87,27,4.7,6.5,27.3,No
8/28/2018,93,93,26.3,4,5.5,71.6,No
8/29/2018,89,89,27.4,3.2,4.9,23.3,No
8/30/2018,90,87,28,2,4.2,6.3,No
8/31/2018,89,88,27.9,2,5.1,7.2,No
9/1/2018,89,93,26.3,2.9,4.2,32,No
9/2/2018,76,88,26.8,5.3,5.6,9.8,No
9/3/2018,70,82,27.7,4.9,6.3,0.3,No
9/4/2018,40,80,29.1,5,14.5,0,No
9/5/2018,54,79,29.8,5.2,9.4,0.1,No
9/6/2018,77,82,29.6,3.6,13.2,0,No
9/7/2018,76,80,29.4,3.2,6.5,Trace,Yes
9/8/2018,86,81,27.4,4,5.5,24.6,Yes
9/9/2018,86,76,27.1,5.9,11,16.7,Yes
9/10/2018,83,80,26.1,4,10,0.2,Yes
9/11/2018,46,65,28.2,7.5,6.3,0,Yes
9/12/2018,87,78,27.8,1.8,23.4,Trace,Yes
9/13/2018,69,84,27.7,4,21.1,2.5,Yes
9/14/2018,72,78,28.8,5,8.2,0,Yes
9/15/2018,59,65,30.7,8.3,13.9,Trace,Yes
9/16/2018,97,86,26.4,8.2,44.3,167.5,Yes
9/17/2018,93,89,27.5,4.6,14.3,12,Yes
9/18/2018,65,85,28.2,5.3,19,1.2,No
9/19/2018,43,77,28.6,5.2,4.7,0,No
9/20/2018,63,77,29,4.9,4.5,0,No
9/21/2018,33,71,29.2,4.5,5.8,0,No
9/22/2018,51,76,29.2,6.2,10.3,0,No
9/23/2018,76,78,29,4.8,11.8,Trace,No
9/24/2018,80,88,27,4.8,10.5,72.2,No
9/25/2018,82,80,27,5.4,13.4,34.5,No
9/26/2018,77,81,26.8,3.5,5.3,9.7,No
9/27/2018,88,77,27.3,4.2,7.3,Trace,No
9/28/2018,74,70,27.6,5.5,6.7,0,No
9/29/2018,26,60,27.4,7,7,0,No
9/30/2018,29,60,27.5,5.6,11.5,0,No
10/1/2018,70,70,26.8,6.4,10.6,2.9,No
10/2/2018,33,67,27.2,5.1,15.5,0,No
10/3/2018,30,68,26.9,5.5,13.8,0,No
10/4/2018,8,54,26.9,6.3,6.3,0,No
10/5/2018,16,40,27.1,7.8,8,0,No
10/6/2018,18,48,26.8,7.4,8.3,0,No
10/7/2018,43,69,27.1,5.4,14.7,0,No
10/8/2018,60,75,26.7,5.5,17.2,2,No
10/9/2018,72,78,26.5,4.2,12.9,0.6,No
10/10/2018,82,83,24.8,6.7,6.5,42.8,No
10/11/2018,88,72,23.2,2.4,10.7,0,No
10/12/2018,85,73,23.8,5.1,14.4,0.3,No
10/13/2018,86,72,24.7,4.1,19,0.4,No
10/14/2018,82,79,25.3,3.7,18.6,0.6,No
10/15/2018,83,84,25.6,3.6,13.3,31.4,No
10/16/2018,91,92,24.3,2.6,5,8.9,No
10/17/2018,90,84,23.5,3.3,7.9,1.5,No
10/18/2018,91,87,22.5,3,17.4,12.6,No
10/19/2018,87,77,24.2,3,27.9,0.2,No
10/20/2018,86,78,24,1.6,24.6,Trace,No
10/21/2018,49,77,24.8,4.1,18.4,Trace,Yes
10/22/2018,62,81,25,3.7,11.2,Trace,Yes
10/23/2018,78,79,25.3,3.3,9.4,0.1,Yes
10/24/2018,78,80,25.2,3.4,16.1,Trace,Yes
10/25/2018,54,79,25.5,3.3,16.5,0,Yes
10/26/2018,41,76,26.3,4.7,7.4,0,Yes
10/27/2018,53,61,25.4,4.2,10.5,0,Yes
10/28/2018,13,54,24.3,5.8,6.5,0,Yes
10/29/2018,4,35,25.2,6.7,9.1,0,Yes
10/30/2018,24,33,25.7,5.1,14.8,0,Yes
10/31/2018,83,37,25,4.3,15.7,0,Yes
11/1/2018,84,45,24.6,4.8,13.8,0,Yes
11/2/2018,91,70,22.4,4.7,10.8,0.1,Yes
11/3/2018,99,86,21.5,4,6.2,8.3,No
11/4/2018,92,83,23.7,3.4,15.6,Trace,No
11/5/2018,77,79,24.5,3.2,23.3,Trace,No
11/6/2018,41,78,24.7,3.8,22.9,0,No
11/7/2018,73,77,25,3.5,16.7,0,No
11/8/2018,81,75,25.2,3.4,6.2,Trace,No
11/9/2018,82,74,24.5,4.2,13.5,0,No
11/10/2018,88,78,23.9,2,22.8,Trace,No
11/11/2018,68,79,23.8,3.2,13.8,0,No
11/12/2018,76,77,24.9,4.8,7.2,Trace,No
11/13/2018,80,76,24.3,3.1,16.6,Trace,No
11/14/2018,80,76,23.5,2.8,22.6,Trace,No
11/15/2018,86,82,23.2,0.9,20.4,Trace,No
11/16/2018,87,85,23.9,2,14.2,1.1,No
11/17/2018,96,87,23.5,0.7,16.6,0.5,No
11/18/2018,85,84,23.8,3.1,16.3,0,No
11/19/2018,78,75,23.9,3.8,9.1,0,No
11/20/2018,84,80,23.1,2,21.9,0.1,No
11/21/2018,82,81,23.9,6,13.1,2.4,No
11/22/2018,88,65,20.4,3.1,11.9,0.2,No
11/23/2018,40,66,20.9,5.3,7.7,Trace,No
11/24/2018,78,73,21.7,2.6,18.2,Trace,No
11/25/2018,95,84,19.5,4.2,10.7,21,No
11/26/2018,93,89,19,3.9,9.6,15.7,No
11/27/2018,89,83,20.5,3.5,9.9,16.3,No
11/28/2018,88,89,20.3,2.2,11.7,7.7,No
11/29/2018,46,75,21.3,3.5,17.5,Trace,No
11/30/2018,46,72,21.5,3.1,22.5,0,No
12/1/2018,56,78,22.1,3.1,17.1,0,No
12/2/2018,51,83,22.4,3.1,14.5,0,No
12/3/2018,58,79,23.7,4,11,0,No
12/4/2018,58,78,24.8,4.4,5.7,0,No
12/5/2018,82,82,23.6,2.3,17.2,Trace,No
12/6/2018,83,84,23.3,3.5,16.8,0.1,No
12/7/2018,90,88,21.1,4.8,13.4,1,No
12/8/2018,88,76,18,3,14,0,No
12/9/2018,90,75,17,1.9,11.3,Trace,No
12/10/2018,88,75,17,3.2,7.8,0.2,No
12/11/2018,84,68,18,3.9,12.8,Trace,No
12/12/2018,84,67,14.9,2.8,10.8,0,No
12/13/2018,86,68,15.6,4.6,10.1,0,No
12/14/2018,88,72,16.8,2.7,10.9,0,No
12/15/2018,64,75,18.9,4,9.7,0,No
12/16/2018,88,74,19.3,2.9,9.7,Trace,No
12/17/2018,38,56,18,5.4,9,0,No
12/18/2018,38,60,18.1,4,14.8,0,No
12/19/2018,78,78,19.9,3,21.1,0,No
12/20/2018,80,84,21.6,3.1,13.8,0,No
12/21/2018,68,86,22.4,3.6,13,0,No
12/22/2018,66,77,22.2,5.2,14.1,0,No
12/23/2018,96,89,20.1,5,6.5,10.5,No
12/24/2018,99,86,18,2.2,11.3,0.1,No
12/25/2018,90,81,19.7,2.6,14,0,No
12/26/2018,27,84,20.9,4.9,3.5,0,No
12/27/2018,77,79,20.6,3.9,12.7,Trace,No
12/28/2018,79,70,18.1,3.9,17.8,Trace,No
12/29/2018,87,68,14,3.8,15.6,Trace,No
12/30/2018,83,67,12.6,5.1,13.8,Trace,No
12/31/2018,77,68,13.2,3.8,12,0,No
1/1/2019,84,68,13.8,4.5,12.5,Trace,No
1/2/2019,87,68,14.8,2.9,10.8,Trace,No
1/3/2019,91,84,16.2,2.4,11.8,0.1,No
1/4/2019,87,83,18.8,4.1,16.7,0.1,No
1/5/2019,88,87,19.8,3.8,6.7,0,No
1/6/2019,92,83,18.6,2.4,12,Trace,No
1/7/2019,89,83,18.5,2.6,16.3,0,No
1/8/2019,94,84,19.2,3.5,6.4,0.2,No
1/9/2019,89,84,17.8,1.5,20.2,0,No
1/10/2019,88,82,19.2,3.4,14.3,0,No
1/11/2019,55,84,20.6,5.1,9.4,0,No
1/12/2019,64,83,20.9,3.5,6.9,Trace,No
1/13/2019,91,89,18.5,2.1,16.3,Trace,No
1/14/2019,94,86,18.5,2.1,15.4,Trace,No
1/15/2019,88,88,19,4.1,7.7,4,No
1/16/2019,87,72,17.3,4,8.7,0,No
1/17/2019,55,70,16.7,4.9,8.9,0,No
1/18/2019,79,75,17.1,2.7,13.5,0,No
1/19/2019,85,75,18.8,4.8,13.8,0.2,No
1/20/2019,76,73,20.4,5.3,10.3,0.1,No
1/21/2019,66,64,17.8,4.2,9.4,0,No
1/22/2019,21,53,16,6,7.2,0,No
1/23/2019,3,62,16.2,5.5,8.7,0,No
1/24/2019,10,71,16.9,4.6,16.3,0,No
1/25/2019,13,67,18.7,6.1,9.3,0,No
1/26/2019,17,73,18.2,4.5,14.9,0,No
1/27/2019,80,71,16.9,3.8,20.6,0,No
1/28/2019,63,68,17.5,4.6,20.3,0,No
1/29/2019,39,74,18.5,3.6,15.8,0,No
1/30/2019,69,73,19.3,4.4,15.6,0,No
1/31/2019,67,76,21.7,5.6,5.7,0,No
2/1/2019,84,70,18.8,4.4,12.8,0,No
2/2/2019,84,80,18.6,3.8,18.6,Trace,No
2/3/2019,70,83,21.8,5.7,5.9,Trace,No
2/4/2019,61,83,21.7,6,9.9,0,No
2/5/2019,84,84,20.1,4.1,16.8,0,No
2/6/2019,83,85,22.1,4.4,8.3,0,No
2/7/2019,57,83,23,4.5,7.4,Trace,No
2/8/2019,78,87,21.7,5.4,10.5,Trace,No
2/9/2019,99,90,19.3,1.7,19.5,0.8,No
2/10/2019,89,90,18,1.4,22.8,0.8,No
2/11/2019,94,85,18.4,2.1,13.7,Trace,No
2/12/2019,69,82,19,5,13,0.2,No
2/13/2019,68,80,21.1,6.1,9.5,0,No
2/14/2019,78,83,20.4,4.7,19.6,Trace,No
2/15/2019,84,84,20.4,3.6,15.2,0.2,No
2/16/2019,72,81,22.4,5.9,10.9,0,No
2/17/2019,91,86,18.8,2.2,23.2,0.1,No
2/18/2019,91,90,17.9,2.5,18.1,18.1,No
2/19/2019,79,91,20.3,5.3,15,31,No
2/20/2019,84,92,22.6,4.8,13.2,0.2,No
2/21/2019,88,93,21.4,2.8,13,Trace,No
2/22/2019,79,82,20.4,5.9,13.9,1.6,No
2/23/2019,95,87,18.1,4.9,20.3,12.3,No
2/24/2019,88,83,16.9,5.4,8,3.4,No
2/25/2019,92,85,18,2.2,11.8,Trace,No
2/26/2019,96,88,18.7,2.1,17.3,Trace,No
2/27/2019,82,85,20.7,5,15.3,Trace,No
2/28/2019,67,85,22.8,6.1,8.8,0,No
3/1/2019,91,89,20.8,2.8,18.4,0.4,No
3/2/2019,84,87,21.5,4,14.4,Trace,No
3/3/2019,85,87,21.5,3.5,5.8,6.3,No
3/4/2019,83,82,20.9,3.3,17.4,10.2,No
3/5/2019,89,88,22.2,9,13.9,30.3,No
3/6/2019,91,92,20.5,2.4,15.6,45.5,No
3/7/2019,89,93,17.9,5,18,29.6,No
3/8/2019,95,92,16.5,2.3,29.4,11.5,No
3/9/2019,95,95,17.8,1.7,17.7,14.5,No
3/10/2019,86,87,17.7,1.5,6.2,4.6,No
3/11/2019,58,81,18.4,7.1,5.3,7.6,No
3/12/2019,15,77,20.1,6.8,10.9,0,No
3/13/2019,66,71,20.8,3.8,19,0,No
3/14/2019,95,83,20.4,1.7,14.1,6.4,No
3/15/2019,89,81,18.7,2.7,8.7,0.4,No
3/16/2019,85,65,20.2,4,23.3,0,No
3/17/2019,85,77,20.9,3,20.4,0,No
3/18/2019,70,82,21.7,5,16,0,No
3/19/2019,42,84,23.4,6.7,10.2,0,No
3/20/2019,86,88,23.5,2.9,12.5,0,No
3/21/2019,79,81,25.3,3.8,3.6,0,No
3/22/2019,84,84,25.8,2.7,5.3,Trace,No
3/23/2019,99,89,20,7.6,23,3.3,No
3/24/2019,100,88,17.5,1.6,26.3,0.3,No
3/25/2019,92,85,20.5,5.4,8.9,1,No
3/26/2019,86,85,21.9,3.8,15.9,0,No
3/27/2019,77,82,22.3,5,14.4,Trace,No
3/28/2019,57,84,24.4,5.6,6.6,0,No
3/29/2019,81,86,24.4,3.4,8,6.9,No
3/30/2019,81,86,23.1,1.5,12.8,Trace,No
3/31/2019,93,85,21.4,2.7,27.1,7.7,No
4/1/2019,91,81,20.3,1.9,28.8,Trace,No
4/2/2019,89,76,20.7,4.1,19.9,Trace,No
4/3/2019,85,80,22.8,5,17.9,Trace,No
4/4/2019,86,83,21.7,3.4,18.5,Trace,No
4/5/2019,37,76,24,6.5,8.9,0,No
4/6/2019,27,79,25.1,5.7,6.2,0,No
4/7/2019,48,80,25.7,4.3,9.1,0,No
4/8/2019,80,80,26.7,4.8,6.2,0,No
4/9/2019,79,81,26.6,3.4,4.9,0,No
4/10/2019,79,80,27.1,4.8,8.6,0,No
4/11/2019,84,81,27.3,4.6,5.6,0.7,No
4/12/2019,91,89,22.3,4.2,25.4,6.1,No
4/13/2019,98,92,21.2,2,24.4,3.8,No
4/14/2019,92,90,22.7,2.5,16.5,10.4,No
4/15/2019,91,85,22.1,2.2,24,1.1,No
4/16/2019,87,91,21.2,4.1,14,9.2,No
4/17/2019,77,85,23.5,4.6,8.4,0,No
4/18/2019,91,90,24,2,14,6.7,No
4/19/2019,90,93,23.7,7.3,11,75.8,No
4/20/2019,93,95,23.3,4.3,12,43.6,No
4/21/2019,81,88,26.2,6.9,9.1,0.3,No
4/22/2019,72,84,27.5,4.5,6.5,0,No
4/23/2019,58,81,28,5,7.9,0,No
4/24/2019,57,78,28,5,9.1,0,No
4/25/2019,39,77,28.5,4.7,14.2,0,No
4/26/2019,58,81,28.4,5.3,8.3,0.9,No
4/27/2019,91,86,24.9,4.1,23,16.6,No
4/28/2019,85,89,24.3,4.2,16,3.1,No
4/29/2019,71,86,26.4,4.5,14.1,0,No
4/30/2019,83,82,26.7,3.5,8.8,7.5,No
5/1/2019,85,78,25.4,3.3,15.1,0.2,No
5/2/2019,89,80,23,2.7,20.3,0.5,No
5/3/2019,91,81,21.8,4.7,22.4,5.3,No
5/4/2019,88,76,22.6,2.6,28,8.4,No
5/5/2019,94,93,21.7,1.4,23.8,8.3,No
5/6/2019,95,90,21.8,2.8,26.1,11.3,No
5/7/2019,95,87,20.5,2.5,32.7,17,No
5/8/2019,93,88,20.4,1.4,27.4,25.1,No
5/9/2019,92,90,22.7,6.1,7.9,10,No
5/10/2019,63,87,23.9,4,10.3,0,No
5/11/2019,14,76,25.3,6.1,14.7,0,No
5/12/2019,57,80,25.5,5.4,17.5,0,No
5/13/2019,92,89,25.1,2.4,15.5,Trace,No
5/14/2019,64,84,27.5,5.9,7.8,0,No
5/15/2019,85,85,28.5,4.5,5.6,Trace,No
5/16/2019,82,83,29.2,3.7,15.3,0.8,No
5/17/2019,82,80,29.6,3.2,15.4,0.1,No
5/18/2019,77,80,30,3.8,13,Trace,No
5/19/2019,79,80,30.2,3.1,12.6,0,No
5/20/2019,85,83,29.1,7,9.5,9,No
5/21/2019,91,82,25,3.9,21.8,3.3,No
5/22/2019,77,83,25.3,5.7,17.9,0.7,No
5/23/2019,89,90,25.9,2.1,14.3,6.5,No
5/24/2019,97,92,24.8,2,15.4,21.5,No
5/25/2019,89,90,26.7,3.8,11.5,2.4,No
5/26/2019,83,92,26.5,3.4,9.4,15.1,No
5/27/2019,87,93,26.5,2.6,5.5,27.8,No
5/28/2019,87,92,25.9,3.8,8.3,43.9,No
5/29/2019,95,91,24.7,2.3,20,3.2,No
5/30/2019,97,89,24.4,2.7,20,3.2,No
5/31/2019,93,93,25.7,1.7,6.8,11,No
6/1/2019,85,87,27.2,5.7,8.8,32.6,No
6/2/2019,81,86,27.2,5.8,8.4,3,No
6/3/2019,83,85,27.5,4.9,9.5,34.1,No
6/4/2019,84,89,28,5.2,6.9,38.1,No
6/5/2019,78,82,29.4,5.2,4.8,0,No
6/6/2019,76,78,30.2,4.5,4.7,Trace,No
6/7/2019,72,77,30.1,4.6,10.5,0,No
6/8/2019,76,76,30.1,4.2,13,1.1,No
6/9/2019,82,79,30.1,3.9,15,4.1,No
6/10/2019,86,81,29.5,5.9,14.3,3.3,No
6/11/2019,90,91,27.5,4.8,6.5,111.6,No
6/12/2019,89,91,27.5,3.1,14.5,1.5,No
6/13/2019,90,88,27.7,5.2,10.7,55.8,No
6/14/2019,58,76,28.4,6.2,10.2,16.5,No
6/15/2019,42,74,28.6,5,14.8,Trace,No
6/16/2019,77,80,27.9,3.3,22.7,0,No
6/17/2019,87,88,27.6,1.9,15.3,4.7,No
6/18/2019,82,88,28.6,2.5,8.5,11.1,No
6/19/2019,84,87,28.9,5.2,4.2,14,No
6/20/2019,66,80,30.1,4.3,9,0.5,No
6/21/2019,79,77,30.8,3.3,14.2,0.7,No
6/22/2019,81,78,30.7,4.3,15.2,0.7,No
6/23/2019,84,80,30.3,3.1,16.4,3.2,No
6/24/2019,88,85,29.1,5.9,13.4,16.8,No
6/25/2019,88,89,27.2,4.9,7.3,35.4,No
6/26/2019,78,86,28.6,5.3,7.5,0.9,No
6/27/2019,78,83,30.2,4.2,7.4,3.5,No
6/28/2019,77,82,30.5,3.4,4.8,2.2,No
6/29/2019,72,79,31,3.8,6.2,0.6,No
6/30/2019,74,85,29.5,6.1,7,33.1,No
7/1/2019,72,82,30,6.4,16.2,15.3,No
7/2/2019,82,85,28.9,4.8,18.5,19.1,Yes
7/3/2019,93,95,26.6,3.2,7.6,79.1,Yes
7/4/2019,85,84,29.1,5.3,4.2,13,Yes
7/5/2019,83,79,29.5,5.2,13,1.3,No
7/6/2019,85,80,29.8,3.7,14,1.5,No
7/7/2019,88,81,29.7,2.5,8.6,4.3,No
7/8/2019,85,79,30.1,3.2,6.4,0.1,No
7/9/2019,88,80,30,3,15.4,6,No
7/10/2019,88,86,28.6,3.7,13.4,14.3,No
7/11/2019,87,86,28.8,3.4,6,6,No
7/12/2019,82,80,29.9,4.2,7.3,2.6,No
7/13/2019,88,77,30.1,3,14,Trace,No
7/14/2019,85,79,30.1,3.1,10,Trace,No
7/15/2019,74,77,30.4,5,4.9,0,No
7/16/2019,47,76,30.3,5,7.8,0,No
7/17/2019,66,79,30.5,4.8,10.8,0,No
7/18/2019,53,75,31.3,5.4,13,Trace,No
7/19/2019,73,83,29.5,5.9,9.8,22.6,No
7/20/2019,85,87,28.6,5.3,10.4,6.4,No
7/21/2019,85,83,29.3,4.2,7.2,0.1,No
7/22/2019,88,82,29.2,4.4,6.4,0.4,No
7/23/2019,75,80,29.5,5.5,12.8,Trace,No
7/24/2019,68,81,30,4.7,10.8,Trace,No
7/25/2019,62,79,30.1,4.3,8,1,No
7/26/2019,63,76,30.7,4.7,12.3,Trace,No
7/27/2019,78,76,30.6,4.3,12.5,0,No
7/28/2019,77,80,29.6,4.3,9.1,0.5,No
7/29/2019,79,82,28.8,4,16.3,1,No
7/30/2019,84,82,28.9,4.8,30.6,12.8,Yes
7/31/2019,91,91,26.2,3.6,36.8,121.1,Yes
8/1/2019,94,94,26.4,2.7,23.6,98.3,Yes
8/2/2019,88,91,27,3.1,14.8,8.2,Yes
8/3/2019,88,91,26.7,2.2,16.3,28.4,Yes
8/4/2019,87,83,27.9,3.3,12.4,Trace,No
8/5/2019,34,77,29.7,8,13.3,0,No
8/6/2019,65,78,29.8,3.5,10.4,Trace,No
8/7/2019,43,70,30.1,5.6,14.1,0,No
8/8/2019,43,74,30.4,5.8,12.6,0,No
8/9/2019,36,75,31.3,7,17.8,0,No
8/10/2019,83,83,30.6,3.8,20.3,0,No
8/11/2019,85,82,30.4,3.5,19.7,1.1,No
8/12/2019,78,80,30.8,4.8,16.3,0.4,No
8/13/2019,67,79,30.8,4.5,18.3,9.2,No
8/14/2019,70,80,30,8.2,13.8,54.4,No
8/15/2019,69,79,30,5.9,17.5,5.6,No
8/16/2019,82,81,30,4.4,15.8,1.1,No
8/17/2019,87,87,28,4.2,8.5,42.2,No
8/18/2019,84,86,27.8,6.6,12.4,19,No
8/19/2019,81,83,28.8,5,7.7,0.1,No
8/20/2019,74,79,29.1,3.7,14.8,Trace,No
8/21/2019,74,74,29.5,5.2,12.5,0,Yes
8/22/2019,62,77,29.7,5.5,8.7,0,Yes
8/23/2019,65,80,29.4,3.2,8.4,0.7,Yes
8/24/2019,56,75,30.9,6.2,17.3,0,Yes
8/25/2019,95,89,27.2,7.5,11.9,88.4,Yes
8/26/2019,81,95,25.7,5.8,9,178.3,Yes
8/27/2019,57,88,28.6,4.5,11,2.9,Yes
8/28/2019,72,77,29.9,6.6,13.2,0,Yes
8/29/2019,80,83,29,2.9,22.4,5.9,Yes
8/30/2019,83,86,27.7,5.1,8.7,8.5,Yes
8/31/2019,90,91,26.9,5.3,14.3,43.7,No
9/1/2019,85,82,28.2,4.8,25.8,8.5,Yes
9/2/2019,88,90,26.9,2.9,27.3,38.4,Yes
9/3/2019,85,80,28.4,4.7,23.4,12.9,Yes
9/4/2019,89,91,26.8,2.8,20.1,62.2,Yes
9/5/2019,89,88,27.2,3.9,14.8,31.8,No
9/6/2019,55,79,28.9,5.6,13.4,0.2,No
9/7/2019,25,79,29.8,5.8,3.2,0.4,No
9/8/2019,31,80,30,5,5.3,0.4,No
9/9/2019,47,78,30,5,5.1,0,No
9/10/2019,27,76,30.1,5.1,12.4,0,No
9/11/2019,38,73,30.2,4.9,11.7,Trace,No
9/12/2019,44,73,30.3,5.2,10.2,0,No
9/13/2019,64,77,30.1,4.3,11.8,Trace,No
9/14/2019,69,78,29.8,3.9,10.5,Trace,No
9/15/2019,51,76,29.2,6.3,8.4,11,No
9/16/2019,73,76,29.3,6,11.4,4.3,No
9/17/2019,80,76,29.2,3.9,18.1,2.1,No
9/18/2019,79,79,28.8,6.2,9.8,18,No
9/19/2019,54,74,28,7.5,6,8.7,No
9/20/2019,9,52,29,6.4,7.7,0,No
9/21/2019,2,42,29.2,6,9.5,0,No
9/22/2019,7,40,28.3,5.4,13.4,0,No
9/23/2019,41,57,27.7,5.3,14.1,0,No
9/24/2019,59,70,27.5,4,14.6,0,No
9/25/2019,32,71,27.3,5.1,9.7,Trace,No
9/26/2019,43,71,27.5,5.3,12.9,0,No
9/27/2019,46,72,27.6,4.9,8.5,Trace,No
9/28/2019,33,71,28.2,6.3,6.4,0,No
9/29/2019,33,75,28.7,5.1,6.8,0,No
9/30/2019,21,64,30.1,6.2,11.7,0,No
10/1/2019,11,59,30.3,4.8,13.3,0,No
10/2/2019,20,71,29.5,4.2,12,0,No
10/3/2019,22,67,29,4.4,9.2,0,No
10/4/2019,22,70,28.6,4.4,7.4,0,No
10/5/2019,18,69,29.1,5.5,5.8,0,No
10/6/2019,87,81,26.3,6,19.3,46.8,No
10/7/2019,83,86,26.3,5.1,21.7,17.9,No
10/8/2019,66,79,27.7,5.1,17.9,4.9,No
10/9/2019,55,75,27.8,3.1,20.6,Trace,No
10/10/2019,35,76,27.9,3.7,13.3,0,No
10/11/2019,24,75,28.5,4.8,8.5,0,No
10/12/2019,51,78,28.6,4.1,6.7,0.3,No
10/13/2019,81,84,27.2,6.3,10,13.6,No
10/14/2019,80,86,25.8,4.7,11.7,52.1,No
10/15/2019,56,74,26,6.6,20.8,10.4,No
10/16/2019,37,67,25.5,5.7,22.1,0,No
10/17/2019,31,70,26.2,5.8,12.6,0,No
10/18/2019,57,70,26.5,4.3,7.9,Trace,No
10/19/2019,34,72,26.2,5.4,12.4,0,No
10/20/2019,42,76,25.4,4.9,15.1,3.5,No
10/21/2019,35,72,25.3,5.3,14.2,0,No
10/22/2019,21,68,25,4.6,15.7,0,No
10/23/2019,28,71,25.5,5.2,18.1,0,No
10/24/2019,51,71,26.2,5,18.1,0,No
10/25/2019,33,75,25.8,4,21.6,0,No
10/26/2019,73,75,25.9,3.6,19.6,Trace,No
10/27/2019,59,76,25.7,5,13.3,Trace,No
10/28/2019,79,77,25.2,6.6,11.3,Trace,No
10/29/2019,54,65,22.7,4.4,11,0,No
10/30/2019,81,60,24,4.9,13.6,0,No
10/31/2019,78,68,24.8,4,15.4,0,No
11/1/2019,49,73,25.7,5.3,21.1,0,No
11/2/2019,31,74,25.3,4.3,16.8,0,No
11/3/2019,48,74,25.7,5,10.8,0,No
11/4/2019,28,56,25,5.8,13.3,0,No
11/5/2019,11,56,23.9,5.8,12.5,0,No
11/6/2019,47,69,23.8,4.2,16.4,0,No
11/7/2019,32,56,23.8,5.5,12.1,0,No
11/8/2019,21,51,23.3,6,13.8,0,No
11/9/2019,33,62,22.7,5.6,14.5,0,No
11/10/2019,16,70,22.7,6.1,12,0,No
11/11/2019,32,72,23.1,5.9,13,0,No
11/12/2019,70,78,23.3,2.9,18.9,0,No
11/13/2019,39,75,24.1,4.5,14.3,0,No
11/14/2019,42,64,23,4.8,12.1,0,No
11/15/2019,29,70,22.8,4.2,16.8,0,No
11/16/2019,33,76,22.5,4.1,16.5,0,No
11/17/2019,18,79,23.4,5.1,11.1,0,No
11/18/2019,18,69,24.3,7.8,6.9,0,No
11/19/2019,49,63,20.5,4.8,8,0,No
11/20/2019,56,66,21.1,4.6,12.5,0,No
11/21/2019,16,66,21.7,6,9.8,Trace,No
11/22/2019,14,66,22.3,6.7,5.8,0,No
11/23/2019,44,78,23.3,5.5,8.8,0,No
11/24/2019,24,77,23.4,6.3,8.4,0,No
11/25/2019,58,73,23.8,4.2,19.5,0,No
11/26/2019,88,76,22,2.4,21.2,Trace,No
11/27/2019,53,78,22.3,3.7,18,0,No
11/28/2019,41,61,20.3,5.1,12.2,0,No
11/29/2019,48,65,19.7,5.6,17.3,0,No
11/30/2019,34,71,20.4,5.9,15.9,0,No
12/1/2019,8,69,21.5,6.7,6.4,0,No
12/2/2019,18,54,17.4,5.2,13.4,0,No
12/3/2019,32,46,16.4,6.3,13.8,0,No
12/4/2019,55,40,17.5,6.2,12,0,No
12/5/2019,88,54,15.3,5.2,19,1.4,No
12/6/2019,47,39,16.5,6.8,20.8,0.3,No
12/7/2019,1,39,16.2,5.9,15.9,0,No
12/8/2019,16,47,15.9,6.5,10.2,0,No
12/9/2019,56,62,17.4,7,9.1,0,No
12/10/2019,39,69,18.4,6.2,9.6,0,No
12/11/2019,2,64,19.1,7.5,6.1,0,No
12/12/2019,43,67,19.1,4,22.1,0,No
12/13/2019,43,75,19.2,4,20.8,0,No
12/14/2019,17,75,19.5,5.7,14.9,0,No
12/15/2019,85,81,19.5,2,22,0,No
12/16/2019,86,76,21.3,4,16.2,0,No
12/17/2019,79,71,23.2,5,9.1,0,No
12/18/2019,70,77,22.8,7.3,13.5,0,No
12/19/2019,94,84,19.8,2.6,15.5,0.1,No
12/20/2019,83,78,19.1,3.9,14,0.7,No
12/21/2019,86,84,19.3,4.9,11,1.4,No
12/22/2019,60,84,20.5,3.6,5.8,0,No
12/23/2019,81,85,20,2.5,14.1,0,No
12/24/2019,44,80,20.4,4.3,13.7,0,No
12/25/2019,65,80,20.1,3.9,14.8,0,No
12/26/2019,29,73,21,7,6.8,0,No
12/27/2019,23,65,18,5.7,11.3,0,No
12/28/2019,64,72,18.5,4.1,14.8,Trace,No
12/29/2019,92,88,18.8,1.7,8.6,9.3,No
12/30/2019,90,91,20.3,3.7,13,0.3,No
12/31/2019,93,86,19.2,2.2,22,Trace,No
1/1/2020,92,80,17.9,1.5,17.5,Trace,No
1/2/2020,54,78,18.3,3,9.9,0,No
1/3/2020,47,82,18.9,4.8,10.5,0,No
1/4/2020,62,83,19.2,4.4,11.4,0,No
1/5/2020,81,79,20,3.4,21.9,0,No
1/6/2020,75,78,21,4.5,18.6,0,No
1/7/2020,57,83,22.4,5.4,4.3,Trace,No
1/8/2020,35,72,21.9,6.3,10.8,0,No
1/9/2020,76,77,19.3,2.2,25.8,0,No
1/10/2020,67,82,19.9,3,18.4,0,No
1/11/2020,59,81,20.9,5.2,11.8,0,No
1/12/2020,75,65,17.9,4.6,10.4,0,No
1/13/2020,77,76,18.3,2.5,17.2,0,No
1/14/2020,42,76,19,4.4,17.6,0,No
1/15/2020,77,80,19.5,3.8,22.6,0.1,No
1/16/2020,57,84,19.8,3.8,16.7,Trace,No
1/17/2020,88,69,18.5,2.8,7.4,0,No
1/18/2020,63,73,18.3,3.9,13.3,0,No
1/19/2020,83,75,18.2,4.1,14.8,0,No
1/20/2020,80,75,18,4.9,8.3,0,No
1/21/2020,85,80,18.8,3.8,16.9,0,No
1/22/2020,84,82,20.5,5.6,11,Trace,No
1/23/2020,63,86,21.9,5.2,10.2,0,No
1/24/2020,86,89,21.5,3,12.8,Trace,No
1/25/2020,91,89,19.7,3.4,18.4,2.1,No
1/26/2020,80,86,16.5,5.5,10.5,12.3,No
1/27/2020,71,70,13,4.5,11.4,0.2,No
1/28/2020,68,66,13,5.3,10,0.1,No
1/29/2020,42,55,13.8,6.1,10.8,0,No
1/30/2020,3,44,14.7,6.9,11,0,No
1/31/2020,4,52,14.8,7.1,11.7,0,No
2/1/2020,29,72,16,4.7,21.3,0,No
2/2/2020,85,77,17.1,3.6,21.8,0,No
2/3/2020,68,78,18.1,3.8,19.3,Trace,No
2/4/2020,88,84,17.3,3.6,14.2,0.8,No
2/5/2020,88,83,17.5,1.7,22.9,1,No
2/6/2020,81,77,17.1,2.7,23.7,Trace,No
2/7/2020,85,82,18.7,3.3,10.6,0,No
2/8/2020,88,76,17.8,2.9,8.1,0,No
2/9/2020,88,77,16.5,3.5,10,Trace,No
2/10/2020,88,76,16.9,3.1,9.1,0,No
2/11/2020,88,86,17.6,2.3,13.3,0.8,No
2/12/2020,77,89,20.6,6.3,4.7,0,No
2/13/2020,80,94,19.6,1.6,6.9,41.6,No
2/14/2020,92,94,20.4,3,12.8,9.7,No
2/15/2020,92,95,21,2.9,12.6,Trace,No
2/16/2020,92,82,14.2,11.8,14.7,25.5,No
2/17/2020,26,53,13.6,7.7,11.9,0,No
2/18/2020,6,57,14.7,6.8,12.8,0,No
2/19/2020,37,69,16.3,5.4,18.4,0,No
2/20/2020,31,70,17.7,5.8,17,0,No
2/21/2020,7,73,18.9,6.1,17.1,0,No
2/22/2020,11,73,20.1,8.4,10,0,No
2/23/2020,67,71,19.4,6.4,23.5,0,No
2/24/2020,81,76,19.6,4.5,18.5,0,No
2/25/2020,56,84,21.8,5.3,7.9,Trace,No
2/26/2020,29,82,23.3,7.5,3,0,No
2/27/2020,78,84,20.5,3.5,19.4,0.4,No
2/28/2020,84,78,20.8,7.2,16,0,No
2/29/2020,54,80,22.5,6.4,7.4,0,No
3/1/2020,21,82,22.8,6.2,4.5,0,No
3/2/2020,69,84,20.1,3,18.5,Trace,No
3/3/2020,89,81,19.4,2.8,21.4,Trace,No
3/4/2020,88,84,19.9,3.3,11.6,3.1,No
3/5/2020,88,85,18.2,4.2,18.7,0.4,No
3/6/2020,88,80,18.3,2.6,22.3,Trace,No
3/7/2020,86,88,20.6,5.5,13.2,Trace,No
3/8/2020,90,92,22.1,2.7,9.1,Trace,No
3/9/2020,90,89,23.4,6,9.4,Trace,No
3/10/2020,70,67,23.4,6,8.7,Trace,No
3/11/2020,89,72,19.2,2.9,25.5,Trace,No
3/12/2020,88,89,19.2,2.2,21.3,Trace,No
3/13/2020,89,91,21.4,5.7,13.3,0,No
3/14/2020,72,78,21.6,6.1,11.8,0.4,No
3/15/2020,76,70,20.2,4.1,15,0,No
3/16/2020,70,75,20.3,4.3,19.2,0,No
3/17/2020,83,79,20.3,2.2,14,0,No
3/18/2020,79,86,20.5,1.9,8,10.7,No
3/19/2020,89,88,21.1,2.7,7.7,0.8,No
3/20/2020,88,87,21.2,2.5,13.5,0.4,No
3/21/2020,87,94,21.2,2.8,11.5,0.2,No
3/22/2020,44,84,24.2,6.9,3.5,0,No
3/23/2020,37,81,24.6,6.5,7.8,0,No
3/24/2020,70,82,22.8,5.6,20,Trace,No
3/25/2020,88,83,22.8,5.3,16.6,Trace,No
3/26/2020,77,90,23.3,4.3,9.7,1,No
3/27/2020,73,86,24.4,5.3,13,Trace,No
3/28/2020,89,91,22.8,6.1,9.1,9.8,No
3/29/2020,90,91,20.2,2.8,22.5,2.2,No
3/30/2020,96,95,20.4,1.7,16.2,6.5,No
3/31/2020,98,95,20.3,2.1,16.8,5.8,No
4/1/2020,96,91,19.7,2.4,12.3,0.2,No
4/2/2020,94,86,19.9,1.4,28.2,0.4,No
4/3/2020,88,88,20.4,1.9,20,0.6,No
4/4/2020,89,89,20.8,4.4,14.8,1.1,No
4/5/2020,94,88,18.2,3,22.9,4.6,No
4/6/2020,97,92,17.1,1.8,16.1,21.5,No
4/7/2020,88,86,19.1,3.9,9.3,Trace,No
4/8/2020,83,71,20.6,5.3,17,0,No
4/9/2020,31,69,21.6,6.8,13.6,0,No
4/10/2020,39,73,21.7,4.7,21.2,0,No
4/11/2020,89,88,22.5,3.8,8.8,20.5,No
4/12/2020,45,59,20.8,7.5,13.5,0.4,No
4/13/2020,49,44,20.2,9,11.5,0,No
4/14/2020,80,65,21.1,4.5,9.6,0,No
4/15/2020,46,66,22.2,6.9,4,0,No
4/16/2020,41,77,23.3,8.3,6.5,0,No
4/17/2020,59,79,24.1,6.3,12.4,0,No
4/18/2020,73,81,24.4,5.4,7.9,Trace,No
4/19/2020,47,80,25.9,6.3,5,0,No
4/20/2020,53,81,26.4,4.8,7.1,0,No
4/21/2020,69,82,26.7,5.1,8.4,0,No
4/22/2020,93,94,22.1,6.3,18.7,25.8,No
4/23/2020,93,89,20.6,2.3,15.4,1.3,No
4/24/2020,94,84,19.4,3.3,6.9,0.6,No
4/25/2020,90,83,20.5,4.3,7,0.1,No
4/26/2020,79,75,23.1,7.9,4.5,0.7,No
4/27/2020,65,65,24.4,6.9,8.3,0,No
4/28/2020,56,64,24.3,5.5,17.4,0,No
4/29/2020,39,72,24.2,6.8,17,0,No
4/30/2020,52,74,25.3,8.1,10,0,No
5/1/2020,70,81,25.7,6.6,5.6,0,No
5/2/2020,52,77,26.3,6.1,5.3,0,No
5/3/2020,32,78,27.3,6.4,12.5,0,No
5/4/2020,57,79,27.8,5.6,14.5,0,No
5/5/2020,75,80,27.9,3.3,16.8,0,No
5/6/2020,83,81,28.7,4.2,6.9,0,No
5/7/2020,83,81,29,3.1,3.7,0,No
5/8/2020,86,81,29.3,3.8,6,0.1,No
5/9/2020,81,79,29.2,4,8.9,0.1,No
5/10/2020,60,78,29,6,10.5,0.8,No
5/11/2020,77,76,28.9,9.3,8.4,14.8,No
5/12/2020,78,82,27,6,7.5,3.6,No
5/13/2020,80,84,26.6,2.2,14.8,0.3,No
5/14/2020,86,83,27.1,4.7,12.8,0.1,No
5/15/2020,72,81,28.5,5,13,0,No
5/16/2020,57,80,28.9,6.4,9.6,0,No
5/17/2020,58,77,28.9,5.8,7.5,Trace,No
5/18/2020,88,88,25.8,4.5,7.4,46.7,No
5/19/2020,72,82,28,6.1,8.1,0,No
5/20/2020,87,87,27.6,1.8,14,4.3,No
5/21/2020,90,92,27.6,4,7.5,84.6,No
5/22/2020,89,88,27.9,2.4,15.7,17,No
5/23/2020,88,88,25.7,2.1,15.1,1.5,No
5/24/2020,80,82,26.7,4.2,13.8,Trace,No
5/25/2020,85,91,26.6,3.3,10.9,32.4,No
5/26/2020,86,87,28.3,4.5,7.3,14.4,No
5/27/2020,86,83,28.2,4,7.7,0.1,No
5/28/2020,86,86,27.7,2.8,12.7,0.2,No
5/29/2020,85,85,28.2,4.1,11.1,0.2,No
5/30/2020,92,94,26,4.1,5.4,131.3,No
5/31/2020,86,83,29.2,3.9,7,Trace,No
6/1/2020,85,78,29.9,3.5,7.8,Trace,No
6/2/2020,87,82,29,3.1,5.9,6.4,No
6/3/2020,82,76,29.8,3.4,7.9,Trace,No
6/4/2020,83,75,30.1,4,9.3,Trace,No
6/5/2020,88,78,30,4.8,10.4,2.6,No
6/6/2020,94,89,26.8,5.8,6.2,183.8,No
6/7/2020,92,91,27.7,4.8,7,107.4,No
6/8/2020,92,88,28.6,4.1,6,40.9,No
6/9/2020,87,83,29.4,3.3,4.9,1.3,No
6/10/2020,81,78,29.8,3.4,8,0.2,No
6/11/2020,55,76,30.2,5.8,3.8,Trace,No
6/12/2020,32,75,30.4,7.2,10.3,0,Yes
6/13/2020,84,81,29.8,6.1,20.8,11.7,Yes
6/14/2020,82,84,28,5.5,8.3,29.3,Yes
6/15/2020,64,79,29.3,6.3,6.7,0.2,No
6/16/2020,70,81,28.6,4.3,5.4,9.4,No
6/17/2020,54,77,29.1,4.2,6.8,0.9,No
6/18/2020,56,77,29.5,4.1,8.9,0.1,No
6/19/2020,52,74,29.9,4.2,10.5,Trace,No
6/20/2020,54,74,30,4.4,12.3,0,No
6/21/2020,77,76,30.2,3.9,13.7,Trace,No
6/22/2020,79,77,30.4,3.4,13.4,Trace,No
6/23/2020,72,77,30.3,3.5,15.7,0,No
6/24/2020,86,77,30.4,3.9,11.9,0,No
6/25/2020,87,76,30.2,3.3,8.8,0.1,No
6/26/2020,86,77,30.3,2.6,6.5,1.3,No
6/27/2020,83,77,30.2,4,4.9,1.2,No
6/28/2020,81,75,30.4,4.5,5.6,Trace,No
6/29/2020,78,74,30.5,6,6.5,0.4,No
6/30/2020,72,74,30.7,6.2,5.6,Trace,No
7/1/2020,83,78,30.2,3.8,11.7,1.1,No
7/2/2020,83,79,30.2,5.6,5,9.3,No
7/3/2020,82,84,29.2,5.8,6,29.5,No
7/4/2020,84,80,29.8,5.8,4.7,8.3,No
7/5/2020,77,77,30,4.9,8.2,1.3,No
7/6/2020,77,76,30.1,4,11.1,4.1,No
7/7/2020,78,77,30.1,4.2,12.1,0.7,No
7/8/2020,88,79,30,3.2,16.8,0.6,No
7/9/2020,88,79,30.1,2.9,17.5,Trace,No
7/10/2020,88,75,30.3,2.9,8.5,0,No
7/11/2020,83,76,30.4,4.2,6.7,0,No
7/12/2020,59,75,30.4,4.4,6.2,0,No
7/13/2020,38,74,30.5,4.5,9.2,0,No
7/14/2020,57,75,30.6,5,15.2,0,No
7/15/2020,80,74,30.5,5.1,18.1,0,No
7/16/2020,73,76,30.4,5.3,14.8,2.4,No
7/17/2020,76,75,30.3,5.6,9.4,2.5,No
7/18/2020,84,75,30.4,4.3,11.6,2.2,No
7/19/2020,84,75,30.3,4.1,11,0,No
7/20/2020,82,77,29.9,4.7,5.2,3.1,No
7/21/2020,61,76,30.4,6.6,9.5,0,No
7/22/2020,50,79,30,5.4,13.5,2.5,No
7/23/2020,32,73,31,6.7,5,Trace,No
7/24/2020,47,74,30.8,5.1,10.1,0,No
7/25/2020,83,75,30.7,5.2,12.6,0,No
7/26/2020,78,74,30.8,6,15.5,Trace,No
7/27/2020,76,75,30.5,5.1,10.6,2.3,No
7/28/2020,55,73,30.8,7.1,7,3,No
7/29/2020,69,77,30.5,6.3,12.2,2.6,No
7/30/2020,76,75,30.2,8.9,16.3,13.3,No
7/31/2020,86,84,27.9,3.8,30,36.6,Yes
8/1/2020,90,87,27.7,3.5,24.5,28.3,Yes
8/2/2020,88,89,27.5,3.2,16.5,25.6,Yes
8/3/2020,88,93,26.5,2.1,8.4,46.9,No
8/4/2020,86,87,27.5,4,8.4,4.7,No
8/5/2020,89,88,27.8,7,8.4,53.3,No
8/6/2020,83,85,29.1,8.3,12.6,1.7,No
8/7/2020,82,80,30.1,6.3,14.5,0.2,No
8/8/2020,44,76,30.5,6,13.8,0,No
8/9/2020,46,76,29.9,5.6,4.9,0,No
8/10/2020,73,76,30,4.7,7.6,0,No
8/11/2020,83,78,30.3,3.2,6.4,0.6,No
8/12/2020,88,88,27.8,2.9,7.9,29.4,No
8/13/2020,83,86,28.1,5.2,8.8,16.5,No
8/14/2020,59,80,29.3,7.2,5.5,9.3,No
8/15/2020,61,76,29.8,5.1,4.7,0,No
8/16/2020,79,76,30.1,7,13,Trace,No
8/17/2020,72,84,28.2,5,9.9,16.6,Yes
8/18/2020,74,85,27.3,4.3,17.1,52.7,Yes
8/19/2020,93,91,26.6,3,13.7,119.5,Yes
8/20/2020,75,83,29,5,14,Trace,No
8/21/2020,71,77,29.8,5.9,10.5,0,No
8/22/2020,51,77,29.7,6.1,6,0,No
8/23/2020,60,77,29.8,6.3,5.5,0,No
8/24/2020,59,76,30.2,5.5,13.5,0,No
8/25/2020,63,77,30.6,5.2,16.9,1.1,No
8/26/2020,77,81,29.7,6.2,13.1,12.3,No
8/27/2020,81,83,28.5,4.6,8.5,3.1,No
8/28/2020,79,82,28.9,9.2,4,22.6,No
8/29/2020,40,77,29.9,5.4,5,3.2,No
8/30/2020,58,80,29.6,4.4,9.5,0.6,No
8/31/2020,79,76,29.8,6.1,8.4,0.2,No
9/1/2020,55,76,30.3,5.6,8.9,1.1,No
9/2/2020,52,77,30,6.2,12.6,0.4,No
9/3/2020,49,78,30.2,5.1,4.4,0.4,No
9/4/2020,68,82,29.8,3.9,8.5,0.1,No
9/5/2020,74,83,28.4,5.4,8.3,43.9,No
9/6/2020,62,80,29.1,5.1,8.3,0,No
9/7/2020,84,82,29.4,6.5,7.8,4.7,No
9/8/2020,89,91,27.1,3.7,8,68.9,No
9/9/2020,84,86,27.9,3.9,5.8,0.2,No
9/10/2020,86,83,28.5,6.1,4,8.2,No
9/11/2020,78,81,28.9,3.2,4.8,2.7,No
9/12/2020,82,85,28.2,6.2,4.7,27.9,No
9/13/2020,86,83,28.4,6.7,10.3,5.7,No
9/14/2020,88,85,28.1,5.4,16.3,38.2,No
9/15/2020,88,92,27.3,2.4,13.6,62.6,No
9/16/2020,78,85,29.5,5.6,16.9,4.4,No
9/17/2020,88,87,28.7,4.6,23.5,40.6,No
9/18/2020,87,88,28.3,3.8,19.2,15.9,No
9/19/2020,88,92,27.2,4.4,7.5,50.8,No
9/20/2020,66,83,28.6,5.7,9.6,0.7,No
9/21/2020,88,91,27.4,4.2,10,176.8,No
9/22/2020,75,82,28.6,4.8,15.7,0.5,No
9/23/2020,81,77,29.1,4.5,13.5,0,No
9/24/2020,87,80,28.5,4.2,6.3,0.6,No
9/25/2020,69,76,28.3,4.8,11.3,0,No
9/26/2020,84,76,28,2.6,22.6,Trace,No
9/27/2020,86,81,27.7,3.2,20.8,1.3,No
9/28/2020,89,87,26.6,1.7,17,26.2,No
9/29/2020,76,89,26.9,2.9,14,21.9,No
9/30/2020,82,88,27.4,5.8,10.4,104.1,No
10/1/2020,80,77,26.7,3.5,26.3,0.1,No
10/2/2020,52,75,27.6,4.2,21.8,0,No
10/3/2020,33,75,28.3,5.2,13.8,0,No
10/4/2020,34,78,28.4,4.6,9.1,0,No
10/5/2020,73,79,28,5.6,17.1,106.1,No
10/6/2020,83,78,25.9,2.5,14.4,2.7,No
10/7/2020,85,70,24.9,2.2,12.8,0,No
10/8/2020,71,67,25.2,5.7,12.8,0,No
10/9/2020,54,64,26,6.7,11.2,Trace,No
10/10/2020,40,69,26.1,6.4,12.5,Trace,No
10/11/2020,46,73,27,5.7,16.5,0,Yes
10/12/2020,68,72,28,5.3,22.5,0.6,Yes
10/13/2020,88,86,24.9,2.7,38.3,26,Yes
10/14/2020,88,80,25.5,2.1,33.6,1.2,Yes
10/15/2020,75,73,26.5,4.6,26.3,0,No
10/16/2020,74,71,27,6.3,19.6,Trace,No
10/17/2020,78,72,25.6,5.1,17.6,0.2,No
10/18/2020,53,73,24.9,6.3,14.7,0.7,No
10/19/2020,83,70,24.6,5.6,13.7,0,Yes
10/20/2020,64,68,25,6.9,10.3,0,Yes
10/21/2020,69,63,24.5,6.7,11.3,0,Yes
10/22/2020,74,60,24.7,5.5,14.8,0,Yes
10/23/2020,85,51,23.5,2.9,14.2,0,Yes
10/24/2020,87,55,23.8,4,19.5,Trace,Yes
10/25/2020,81,69,24.2,5.1,24.8,0,Yes
10/26/2020,38,76,24.6,5.3,19.8,0,No
10/27/2020,45,73,25.1,5.7,22.9,0,No
10/28/2020,82,78,24.4,4.1,20.9,4.7,No
10/29/2020,88,74,24.7,4.1,16.8,0.1,No
10/30/2020,88,78,24.4,3.8,14.7,Trace,No
10/31/2020,55,71,23.4,4,18.1,0,No
11/1/2020,31,72,24,5.9,13.3,0,No
11/2/2020,51,64,25.3,6.9,7.8,0,No
11/3/2020,70,69,23.6,4.9,11,0.1,No
11/4/2020,59,69,23,4.9,21,0.4,No
11/5/2020,26,69,22.9,4.4,21.2,0,No
11/6/2020,28,68,24.7,7.3,8.8,0,No
11/7/2020,33,56,26.8,6.6,6.9,0,No
11/8/2020,81,59,25.7,3.6,12,0,No
11/9/2020,75,60,23.7,4,15.7,Trace,No
11/10/2020,87,61,22.9,2.9,15,0,No
11/11/2020,44,68,22.5,4.1,17.4,0,No
11/12/2020,17,66,22.2,6,13.7,0,No
11/13/2020,71,62,22.9,4.7,10.2,0.4,No
11/14/2020,88,65,23.3,2.5,13.1,0,No
11/15/2020,84,77,23,3,18.9,Trace,No
11/16/2020,34,75,24,5.8,16.8,0,No
11/17/2020,79,78,24.2,3.7,21.5,Trace,No
11/18/2020,85,81,24.9,5.1,16.1,1,No
11/19/2020,68,86,25.3,5.3,9.3,Trace,No
11/20/2020,66,84,25.9,5.3,9.5,0,No
11/21/2020,89,88,23.5,2.5,19,2,No
11/22/2020,48,83,24.8,5.6,12.2,1.1,No
11/23/2020,88,84,23,1.6,21.8,Trace,No
11/24/2020,78,79,23.3,3.7,15.5,0,No
11/25/2020,56,77,23.5,4.9,15.9,0,No
11/26/2020,30,77,24,6.1,13.9,0,No
11/27/2020,26,70,22.8,5,9.2,0,No
11/28/2020,81,68,20.4,4.3,9.8,0,No
11/29/2020,79,64,20,5,9,0,No
11/30/2020,64,65,19.2,5.9,10.9,0.1,No
12/1/2020,54,66,19.7,5.4,10.8,0,No
12/2/2020,28,65,19.9,5.3,10.6,0,No
12/3/2020,11,64,17.4,5.2,12.6,0,No
12/4/2020,14,63,15.9,4.7,13,0,No
12/5/2020,35,63,16.8,5.9,9.7,0,No
12/6/2020,26,69,18.2,6.2,7.8,0,No
12/7/2020,75,63,20.7,5.1,6.1,0,No
12/8/2020,83,64,19.9,4.1,7.5,0,No
12/9/2020,88,71,19.8,3,11.3,Trace,No
12/10/2020,88,78,20.9,4.8,8.2,0.3,No
12/11/2020,81,82,21.6,3.3,11.4,Trace,No
12/12/2020,88,84,20.9,1.9,8.8,Trace,No
12/13/2020,86,78,20.9,2.3,18,0,No
12/14/2020,88,80,19.5,6.6,15.3,Trace,No
12/15/2020,88,72,15.4,3.4,9.5,Trace,No
12/16/2020,88,71,14.8,3.2,8.7,0,No
12/17/2020,88,71,14.9,2.9,8.9,0,No
12/18/2020,81,68,16.4,4.6,8.7,0,No
12/19/2020,70,63,15,5.3,12,0,No
12/20/2020,80,59,14.9,6.6,11.9,0,No
12/21/2020,79,58,16.5,6.6,9.5,0,No
12/22/2020,84,66,17.4,4.9,10.3,0,No
12/23/2020,88,83,18.4,2.8,10.8,1.2,No
12/24/2020,67,76,20,4.2,6.6,0,No
12/25/2020,84,77,18.9,3.5,17.7,0,No
12/26/2020,42,79,18.7,4.1,21.8,0,No
12/27/2020,24,71,20.4,6.9,5.5,0,No
12/28/2020,46,69,20.6,5,19.3,0,No
12/29/2020,30,75,21,5.8,12.7,0,No
12/30/2020,21,50,15.1,11,18.5,0,No
12/31/2020,15,37,10.9,6.1,15,0,No
1/1/2021,14,40,11.8,6.4,7.3,0,No
1/2/2021,12,52,14,7.4,13.6,0,No
1/3/2021,54,65,16.7,7.2,10.8,0,No
1/4/2021,87,66,18.3,3.8,11.2,0,No
1/5/2021,60,65,18.8,4.6,7.7,0,No
1/6/2021,68,72,17.1,3.6,15.8,0,No
1/7/2021,88,67,15.3,7.7,14.2,0,No
1/8/2021,88,52,9.1,3,13.2,0,No
1/9/2021,84,38,10.7,5.1,11.1,0,No
1/10/2021,88,40,12.8,4.2,12.5,0,No
1/11/2021,88,44,10.6,3.2,12.5,0,No
1/12/2021,8,33,11.9,7.1,13.6,0,No
1/13/2021,11,48,13.4,7.4,4.5,0,No
1/14/2021,18,55,15.2,7.7,4.6,0,No
1/15/2021,26,59,17.3,6.3,8.6,0,No
1/16/2021,69,68,17.6,4.5,20,0,No
1/17/2021,39,58,16.6,5.5,16.1,0,No
1/18/2021,5,53,14.2,5.6,6.1,0,No
1/19/2021,50,64,15.4,4.8,18,0,No
1/20/2021,85,69,18.2,5.3,22,0,No
1/21/2021,69,73,20.1,5.2,12.9,0,No
1/22/2021,61,80,20.3,6.3,13.8,0,No
1/23/2021,24,78,20.2,6.7,5.3,0,No
1/24/2021,73,83,18.4,2.7,18.3,Trace,No
1/25/2021,28,74,19.2,6,13.4,0,No
1/26/2021,9,78,19.6,6.1,6.6,0,No
1/27/2021,46,77,18.9,4.3,18.6,0,No
1/28/2021,27,70,19.1,6.3,9.8,0,No
1/29/2021,11,60,16.6,5.4,17.8,0,No
1/30/2021,27,68,16.7,4.7,21.1,0,No
1/31/2021,31,67,18.4,5.6,16.2,0,No
2/1/2021,19,76,20.3,7.9,7.5,0,No
2/2/2021,21,76,20.9,9.9,11.9,0,No
2/3/2021,25,69,18.4,5,25.2,0,No
2/4/2021,11,68,19.4,7,16.1,0,No
2/5/2021,30,72,19.9,6.6,17.3,0,No
2/6/2021,3,73,20.7,8.2,2.3,0,No
2/7/2021,13,74,20.3,6,8.6,0,No
2/8/2021,75,79,19.9,4.5,21.7,0,No
2/9/2021,88,76,18.5,2.4,27.8,Trace,No
2/10/2021,90,89,16.5,1.6,16.3,32.2,No
2/11/2021,78,78,17.4,4.6,7.7,0,No
2/12/2021,28,69,18.4,6.8,5.3,0,No
2/13/2021,62,76,19.2,7.3,9.3,0,No
2/14/2021,28,75,19.9,5.4,6.4,0,No
2/15/2021,8,70,21.1,8.4,10.3,0,No
2/16/2021,20,71,20.3,6,12.8,0,No
2/17/2021,23,70,20.4,6.3,10.4,0,No
2/18/2021,18,65,18.5,6.2,15.4,0,No
2/19/2021,7,66,18.5,7.1,13.7,0,No
2/20/2021,40,73,19.6,7.2,8.5,0,No
2/21/2021,20,74,20.4,7.6,6.9,0,No
2/22/2021,8,78,21.4,7.6,3.1,0,No
2/23/2021,9,74,21.7,7.6,10.8,0,No
2/24/2021,88,79,20.3,4,23.9,Trace,No
2/25/2021,74,85,20.2,3.9,15.1,1.8,No
2/26/2021,84,86,22.3,4.7,7.8,14.7,No
2/27/2021,88,89,18.8,2.7,13,13.4,No
2/28/2021,86,83,19.9,4.7,21.6,Trace,No
3/1/2021,78,81,21.9,5,10.3,Trace,No
3/2/2021,59,75,21.4,6.5,12.7,Trace,No
3/3/2021,88,81,18.4,1.3,24.9,0.3,No
3/4/2021,93,87,18.9,1.1,17.1,1,No
3/5/2021,88,91,20.1,1.9,17.3,Trace,No
3/6/2021,93,93,20.5,2.1,15,1.5,No
3/7/2021,88,90,19.9,1.4,14,0.2,No
3/8/2021,83,83,19.7,4.3,20.1,0.3,No
3/9/2021,55,79,20.1,4.3,18.3,0,No
3/10/2021,87,79,19.8,2.5,27,Trace,No
3/11/2021,64,79,21,5.4,19.5,0,No
3/12/2021,32,77,23.2,7.5,8.4,0,No
3/13/2021,57,76,22,4.2,21.4,Trace,No
3/14/2021,76,80,21.3,3.5,16.1,0,No
3/15/2021,46,76,22.4,6.4,15.7,0,No
3/16/2021,22,78,24,7.7,10.5,0,No
3/17/2021,42,80,24.7,7,10.8,Trace,No
3/18/2021,81,87,23.4,4,14.3,0.2,No
3/19/2021,55,82,24.2,4.9,14.3,Trace,No
3/20/2021,32,81,25,7.4,5.9,0,No
3/21/2021,80,73,21.2,7,8.7,0,No
3/22/2021,87,61,17.8,5.1,13.5,Trace,No
3/23/2021,88,61,18.9,2.1,13.7,0,No
3/24/2021,86,68,20.7,5.1,5.2,0,No
3/25/2021,45,70,22.1,4.5,20.2,0,No
3/26/2021,65,75,21.6,5.7,22.4,0,No
3/27/2021,62,80,24.1,6.8,11.3,0,No
3/28/2021,46,80,24.8,5.5,7.5,0,No
3/29/2021,81,82,25.6,4.9,10.8,0,No
3/30/2021,81,78,26.6,3.7,4.6,0,No
3/31/2021,86,79,26.5,3.7,3.4,0,No
4/1/2021,80,79,26.7,4.2,3.6,Trace,No
4/2/2021,55,79,26.9,5.5,4.4,0,No
4/3/2021,47,74,26.9,6.2,5.1,0,No
4/4/2021,88,86,24.7,4.2,12.1,0.8,No
4/5/2021,88,84,22.4,1.6,18.1,0.7,No
4/6/2021,78,77,23.9,5.8,15.5,0,No
4/7/2021,81,76,23.1,4.2,21.6,0,No
4/8/2021,87,74,23.2,3.3,17.5,0,No
4/9/2021,88,82,21,2.7,21.6,7.5,No
4/10/2021,52,65,22.4,5.7,22.9,0,No
4/11/2021,55,73,23.1,6.1,19.4,0,No
4/12/2021,55,80,24.6,6.5,12.6,0,No
4/13/2021,27,77,25.9,8.2,5.5,0,No
4/14/2021,70,84,24.6,3.7,13.8,Trace,No
4/15/2021,95,91,22.2,1.9,18.4,8.3,No
4/16/2021,89,88,22.8,3.6,16.1,1.5,No
4/17/2021,88,88,22.8,0.8,12,2.5,No
4/18/2021,89,67,23.2,3.3,25.2,Trace,No
4/19/2021,88,67,22.5,3.7,31.4,0,No
4/20/2021,83,73,23.4,5.7,23.1,0,No
4/21/2021,33,74,24.5,6.6,19.3,0,No
4/22/2021,23,74,25.2,6.9,12.2,0,No
4/23/2021,22,75,27.3,8.7,8.5,0,No
4/24/2021,79,82,25.4,2.1,15.3,Trace,No
4/25/2021,84,85,24.7,4.1,16,0.9,No
4/26/2021,88,80,23.4,3.5,27.2,0.3,No
4/27/2021,88,90,23.2,1,15.7,5.7,No
4/28/2021,88,88,24.4,3.9,12.3,4.2,No
4/29/2021,84,74,24.1,6.5,6.5,0.1,No
4/30/2021,73,77,25.6,8.3,5.5,0,No
5/1/2021,83,76,26.3,6.2,5.6,0,No
5/2/2021,82,82,26.5,6.3,10,1.2,No
5/3/2021,95,89,24.3,1.9,14.6,8.8,No
5/4/2021,82,84,26.6,8.2,7,12.5,No
5/5/2021,74,79,26.6,8.4,11,0.5,No
5/6/2021,75,79,25.2,5.2,19,Trace,No
5/7/2021,81,77,26.6,6.5,5.8,0,No
5/8/2021,52,79,27.7,5.5,10.9,0,No
5/9/2021,64,79,28.3,4.9,10.6,0,No
5/10/2021,66,76,28.4,5.4,4.1,0,No
5/11/2021,74,77,29.2,3.7,3.9,Trace,No
5/12/2021,80,78,29.6,3.9,6.1,Trace,No
5/13/2021,85,79,29.5,4,4.6,3.9,No
5/14/2021,70,77,30,5.9,5.2,0,No
5/15/2021,44,74,29.9,5.9,4,0,No
5/16/2021,58,74,30.2,5.3,7,Trace,No
5/17/2021,74,75,30.4,4.5,6.3,0,No
5/18/2021,78,76,30.2,4.2,7.4,1.3,No
5/19/2021,76,75,30.3,4.7,5.8,0,No
5/20/2021,86,75,30.5,4.1,11,0,No
5/21/2021,80,75,30.7,4.5,9.8,Trace,No
5/22/2021,71,77,30.5,6.5,6,2.6,No
5/23/2021,72,74,31.4,7.2,7.5,Trace,No
5/24/2021,83,81,29.8,3.9,4.6,15.7,No
5/25/2021,85,83,28.8,2.6,8.5,4.8,No
5/26/2021,67,77,30.1,5.7,7.8,4,No
5/27/2021,71,76,30.3,5,14.2,1,No
5/28/2021,71,77,30.6,5.1,16.1,0,No
5/29/2021,84,79,30.2,4,19.5,0,No
5/30/2021,84,81,30.3,3.1,18.3,Trace,No
5/31/2021,88,84,29.6,5.7,12.9,8.7,No
6/1/2021,92,91,26.5,5.2,9.7,45.8,No
6/2/2021,85,85,28.3,6.3,7,2.4,No
6/3/2021,63,77,30.3,6.1,5.3,0,No
6/4/2021,87,84,28.4,3.1,12.7,7.5,No
6/5/2021,80,73,27.3,3.6,13.3,Trace,No
6/6/2021,64,74,28.2,5,10.5,Trace,No
6/7/2021,68,78,28.7,5.6,18.3,Trace,No
6/8/2021,84,79,29.3,7,16.3,0.9,No
6/9/2021,88,87,27.9,3.5,14,48.6,No
6/10/2021,82,83,28.8,7.3,17.2,29.4,No
6/11/2021,85,82,29.1,6.2,25.2,31.2,Yes
6/12/2021,88,89,27.7,3.3,17,30.3,Yes
6/13/2021,88,85,28.9,6,7.8,2.8,Yes
6/14/2021,88,81,29.3,3.3,5,0.3,No
6/15/2021,87,79,29.6,4.6,10.3,6.2,No
6/16/2021,82,76,30.6,4.2,8,0,No
6/17/2021,63,77,30.4,5.1,10.3,9.6,No
6/18/2021,66,77,30.6,3.8,17.2,3.9,No
6/19/2021,81,77,30.6,3.5,16.2,Trace,No
6/20/2021,84,78,30.7,3.4,14.3,0,No
6/21/2021,86,80,30.4,3,14.8,1.2,No
6/22/2021,88,87,27,5.5,9,75.3,No
6/23/2021,89,88,26.4,3.9,7.3,66.4,No
6/24/2021,90,91,26,1.6,9,20.8,No
6/25/2021,87,87,27.1,3,5.7,6.8,No
6/26/2021,89,90,27.9,4,5.4,61.3,No
6/27/2021,88,84,29.4,1.6,11.8,5.8,No
6/28/2021,92,89,27.7,5.6,7,166.5,No
6/29/2021,86,82,29.6,1.9,10,4.6,No
6/30/2021,88,79,30.1,3.6,7.5,0.4,No
7/1/2021,88,78,30.3,3.2,9.1,Trace,No
7/2/2021,87,77,30.6,3.5,8.9,0,No
7/3/2021,85,79,30.4,3.9,5.4,Trace,No
7/4/2021,81,79,30.4,4.3,11.9,0,No
7/5/2021,68,79,30.2,5.8,16.9,2.3,Yes
7/6/2021,74,80,29.4,6,16.4,18.4,Yes
7/7/2021,73,81,29.4,6.5,12.3,11.7,Yes
7/8/2021,49,79,29.8,4.4,9.4,1.5,Yes
7/9/2021,28,76,30.5,6.6,11,0,No
7/10/2021,60,76,30.5,5.8,13.9,0,No
7/11/2021,84,77,30.6,4.8,13.3,Trace,No
7/12/2021,73,75,30.9,6.1,9,0.1,No
7/13/2021,55,72,31.1,6.5,5.9,0,No
7/14/2021,47,75,30.7,5,5.1,1.5,No
7/15/2021,41,71,31.3,6.5,8.9,0,No
7/16/2021,81,78,29.6,2.2,7.8,Trace,No
7/17/2021,88,80,28.8,4.3,11.9,0.2,No
7/18/2021,88,90,26.9,3.9,15.8,42.4,Yes
7/19/2021,93,93,26.5,2.9,26.6,117.2,Yes
7/20/2021,95,94,26.2,1.8,15.6,87.8,Yes
7/21/2021,88,94,26.8,2.5,12.8,28.4,Yes
7/22/2021,66,80,29.3,5.9,8.9,0,Yes
7/23/2021,40,77,30.3,6.7,11.3,0,Yes
7/24/2021,70,82,29.8,6.7,7.5,26.5,Yes
7/25/2021,55,81,29.6,7.7,10.1,8.9,No
7/26/2021,53,78,30.7,5.2,11.2,0,No
7/27/2021,67,75,31.3,5.8,11.4,Trace,No
7/28/2021,76,79,30.8,5,12.2,Trace,No
7/29/2021,84,82,29.5,4,9.5,7.8,No
7/30/2021,85,83,28.8,4,7.9,7.9,No
7/31/2021,88,84,29.7,5.2,13.3,16.9,No
8/1/2021,83,83,29.4,5.4,10.7,11.6,No
8/2/2021,84,80,30,5.4,10.3,Trace,Yes
8/3/2021,82,88,28.2,2.6,15.1,19.7,Yes
8/4/2021,84,85,28.2,5.4,11.3,41.9,Yes
8/5/2021,88,90,27.6,2.4,18,28.1,Yes
8/6/2021,89,89,28.3,3.3,12,31,Yes
8/7/2021,86,85,28.8,3.3,10.8,0,Yes
8/8/2021,86,85,29.3,3.7,8.8,3.1,Yes
8/9/2021,88,85,29.1,4.1,6.8,36.3,Yes
8/10/2021,88,87,29,2.9,4.7,17.3,No
8/11/2021,87,84,29.5,5,5.2,3,No
8/12/2021,78,82,29,6.2,4.9,1,No
8/13/2021,80,83,28.6,4.1,5.5,5.4,No
8/14/2021,87,85,28,2.6,8.6,2.2,No
8/15/2021,83,87,27.3,4.3,4.4,5.7,No
8/16/2021,56,83,28.3,4.8,7.3,3.9,No
8/17/2021,42,78,29.5,5.1,8.9,0,No
8/18/2021,80,77,29.5,4.2,9.7,0,No
8/19/2021,72,84,28.6,4.8,7,34.6,No
8/20/2021,47,77,29.5,5.2,7.3,Trace,No
8/21/2021,68,76,29.8,4.5,10.5,0,No
8/22/2021,63,74,30.1,4.8,12.8,0,No
8/23/2021,61,75,30.2,4.8,9,Trace,No
8/24/2021,78,79,29.6,5.5,3.6,23.7,No
8/25/2021,84,79,29.7,6.2,7.6,1.1,No
8/26/2021,71,80,29.7,5.6,12.8,2.2,No
8/27/2021,82,89,25.6,5.8,9.8,29.3,No
8/28/2021,77,81,26.9,4.9,7.4,22,No
8/29/2021,86,83,27.8,4.6,12.1,13.9,No
8/30/2021,75,81,29.1,5.5,12.3,Trace,No
8/31/2021,87,88,27.3,3.9,6.8,13.5,No
9/1/2021,84,85,28.7,5.4,16.9,5.9,No
9/2/2021,74,80,29.5,5.3,14.1,0,No
9/3/2021,66,79,29.8,5.8,7.7,Trace,No
9/4/2021,49,79,29.8,5.7,7.3,0.9,No
9/5/2021,61,79,29.8,4.9,12.2,Trace,No
9/6/2021,73,77,29.7,4.5,10.4,0,No
9/7/2021,72,78,30.1,5.3,16.8,0.2,No
9/8/2021,66,74,30.6,6.1,10.5,0,No
9/9/2021,66,73,30.1,5.7,9,0,No
9/10/2021,79,71,30.5,5.1,15.8,0,No
9/11/2021,77,75,30.5,5,10.9,0,No
9/12/2021,78,76,31.2,5.5,13.8,0,No
9/13/2021,80,77,30.9,4.1,9.7,0,No
9/14/2021,81,83,29,3.5,4.7,33.8,No
9/15/2021,71,75,30.2,5.1,12.7,0,No
9/16/2021,86,77,29.2,5.1,13.4,Trace,No
9/17/2021,81,77,29.5,6.6,10.7,7.6,No
9/18/2021,69,79,30.2,4.9,15,0.2,No
9/19/2021,83,86,29.3,4.7,12.1,21.2,No
9/20/2021,80,84,29.3,4.4,7.1,9.4,No
9/21/2021,74,82,29,5,4.1,10.2,No
9/22/2021,66,77,30.3,6.1,10.5,0.5,No
9/23/2021,87,87,28,4.2,13.7,38.4,No
9/24/2021,76,81,29.4,4.2,19.4,1.2,No
9/25/2021,64,76,29.6,4.4,20.2,0.1,No
9/26/2021,86,72,29.1,3.8,17,0,No
9/27/2021,60,75,29.5,4.7,12.6,0,No
9/28/2021,66,75,29.6,4.3,7.7,0,No
9/29/2021,44,77,29.7,4.8,7.4,0,No
9/30/2021,38,78,30.3,4.5,7.5,0,No
10/1/2021,65,79,30.3,4.3,6.1,Trace,No
10/2/2021,68,74,30,4.6,10.3,0,No
10/3/2021,82,79,28.8,2.9,15,1.9,No
10/4/2021,51,71,29.8,4.6,19.5,0,No
10/5/2021,45,69,30.1,4.1,23.3,Trace,No
10/6/2021,63,69,29.5,4.1,24,Trace,No
10/7/2021,88,75,28.8,5.8,32,43.9,Yes
10/8/2021,96,94,25.5,2.1,27.2,329.7,Yes
10/9/2021,97,91,26.5,2.6,32.4,130.3,Yes
10/10/2021,89,86,26.8,2.6,25.3,45.1,Yes
10/11/2021,66,68,28.5,6.7,13,0,Yes
10/12/2021,84,65,25.1,2.8,21,0.2,Yes
10/13/2021,90,89,25.8,4.5,37,57.7,Yes
10/14/2021,88,86,27.8,3.9,19.1,13.3,Yes
10/15/2021,92,85,26.2,2.4,10.3,4.6,No
10/16/2021,57,73,26.8,6,12,Trace,No
10/17/2021,82,68,24.2,5.8,15.3,0,No
10/18/2021,59,70,23.9,6.8,11.5,0,No
10/19/2021,39,75,25.7,5.4,13.1,0,No
10/20/2021,49,78,26.8,4.8,17.3,0.1,No
10/21/2021,76,80,24.2,8.9,7.5,0.7,No
10/22/2021,88,77,19.3,2.3,11.5,Trace,No
10/23/2021,95,75,20.5,4.4,9.3,0,No
10/24/2021,61,69,22.1,6.8,9.7,0,No
10/25/2021,49,66,23.1,7.8,9.8,0,No
10/26/2021,68,69,25.1,5.6,13.8,0,No
10/27/2021,86,76,25.6,2.1,16.6,Trace,No
10/28/2021,87,77,25.7,3.8,17.6,0.1,No
10/29/2021,84,76,25.5,3.8,20.3,1.1,No
10/30/2021,88,81,24.4,3.2,14.9,2.4,No
10/31/2021,75,75,24.3,2.7,18,0,No
11/1/2021,63,76,25.2,3.9,19.8,Trace,No
11/2/2021,74,76,25.1,3.8,21.3,Trace,No
11/3/2021,65,75,25.2,3.3,18.8,Trace,No
11/4/2021,61,78,25.5,3.8,17.3,0,No
11/5/2021,61,84,25.6,3.2,14.4,0,No
11/6/2021,23,79,26.4,5.2,3.7,0,No
11/7/2021,38,83,26.1,4.2,11.1,0,No
11/8/2021,35,61,20.1,7.2,14,2,No
11/9/2021,76,50,19.5,6.1,9.7,0,No
11/10/2021,41,41,20.5,6.9,10.9,0,No
11/11/2021,64,47,21.5,6.1,8.8,0,No
11/12/2021,54,51,22.6,5.7,8.8,0,No
11/13/2021,46,49,22.3,5.3,8.9,Trace,No
11/14/2021,23,59,21.6,5.4,11.9,0,No
11/15/2021,59,65,22.1,5.1,15.5,0,No
11/16/2021,41,71,23.2,5.3,11,0,No
11/17/2021,65,74,23.5,4.5,13.6,0,No
11/18/2021,45,69,22.4,5.6,5.9,0,No
11/19/2021,71,77,23,4.4,9.5,Trace,No
11/20/2021,48,77,23.7,3.7,22.5,0.3,No
11/21/2021,56,82,23.5,2.9,14.5,0,No
11/22/2021,80,76,19.6,6.5,10.4,3.5,No
11/23/2021,89,69,16.1,3.1,10.2,Trace,No
11/24/2021,55,65,19,5.2,7.9,0,No
11/25/2021,34,64,20.6,5.3,3.6,0,No
11/26/2021,24,64,21.6,6.2,8.5,0,No
11/27/2021,52,63,21.2,5.6,10.7,0,No
11/28/2021,38,69,21.6,5.3,11.3,0,No
11/29/2021,10,67,22.4,6.7,4,0,No
11/30/2021,21,59,21.3,7.5,13.3,0,No
12/1/2021,23,40,17.3,5.3,11.9,0,No
12/2/2021,11,42,17.4,5.8,8.5,0,No
12/3/2021,9,35,18,6.6,10.5,0,No
12/4/2021,37,46,18.1,5.3,12.6,0,No
12/5/2021,31,55,19.1,5.5,11.2,0,No
12/6/2021,7,59,19.2,5.8,8.6,0,No
12/7/2021,56,65,19.9,5.4,16,0,No
12/8/2021,19,67,20.1,3.8,24.9,0,No
12/9/2021,17,72,20.2,4.2,15.6,0,No
12/10/2021,30,73,20.9,5.1,18.7,0,No
12/11/2021,26,74,21.4,4.4,17.6,0,No
12/12/2021,20,75,21.5,5.5,10.4,0,Yes
12/13/2021,53,67,19.4,4.1,7,0,Yes
12/14/2021,71,72,20.5,4.9,10.5,Trace,Yes
12/15/2021,87,78,21.5,3.1,16.3,0.2,Yes
12/16/2021,69,81,23.2,4.1,12,Trace,Yes
12/17/2021,70,69,21.7,4.9,10.7,0,Yes
12/18/2021,88,58,18.1,3.7,13.5,0,Yes
12/19/2021,88,51,17.9,3.7,15.5,0,Yes
12/20/2021,91,78,17.2,3.6,20.3,9.4,Yes
12/21/2021,77,88,17.3,3,10.4,2.4,Yes
12/22/2021,89,80,19.3,4.6,7.4,Trace,No
12/23/2021,88,77,19.9,3.2,12.8,0.8,No
12/24/2021,84,84,19.9,3.6,4.5,1.7,No
12/25/2021,66,75,19.6,3.6,13.7,Trace,No
12/26/2021,92,78,15,6.8,13.9,3.5,No
12/27/2021,88,81,12,4.7,11.1,1.3,No
12/28/2021,89,74,15.3,5.3,8.5,0.2,No
12/29/2021,65,74,18.4,4,8.1,0,No
12/30/2021,51,77,18.1,5.2,11.3,0,No
12/31/2021,76,78,18,2.8,15.3,Trace,No
1/1/2022,68,76,17.6,2.9,12,0,No
1/2/2022,10,77,18.4,6,6.6,0,No
1/3/2022,27,79,18.3,3.5,14.2,0,No
1/4/2022,49,75,19.1,4.1,20,0,No
1/5/2022,50,75,20.4,5.3,10.9,Trace,No
1/6/2022,54,80,20.3,5.3,13,0,No
1/7/2022,51,79,18.6,3.9,16,0,No
1/8/2022,34,75,17.8,4.2,12.2,0,No
1/9/2022,70,79,18,3.4,11.6,0,No
1/10/2022,78,76,18.4,4.4,12.2,0,No
1/11/2022,44,70,15.8,5.1,9.6,1.2,No
1/12/2022,84,72,16.1,3.2,15.7,0,No
1/13/2022,90,64,17,3.3,7.2,Trace,No
1/14/2022,84,75,16.6,1.9,21,0,No
1/15/2022,68,82,17.9,3.3,16.8,0,No
1/16/2022,59,82,18.8,3.7,11.1,0,No
1/17/2022,82,84,17.8,1.3,15.8,0,No
1/18/2022,89,82,17.3,2.5,7.9,0.2,No
1/19/2022,49,70,17.1,5.4,4.7,0,No
1/20/2022,54,73,17.6,5.4,13,0,No
1/21/2022,69,80,17.9,3.2,21.4,0,No
1/22/2022,94,91,17.3,1,17.5,1.5,No
1/23/2022,87,84,19.4,4.3,10.9,0.1,No
1/24/2022,86,88,19.7,3,11.8,1,No
1/25/2022,77,82,18.6,3.4,15.9,0,No
1/26/2022,88,83,19.2,3.4,14.9,Trace,No
1/27/2022,61,84,19.8,3.7,12.9,Trace,No
1/28/2022,89,86,18.8,1.8,18.4,Trace,No
1/29/2022,88,81,18.1,3.9,12.6,0.1,No
1/30/2022,58,64,16,6.8,11.1,0,No
1/31/2022,88,70,14.6,1.9,15.9,Trace,No
2/1/2022,89,84,14.3,2.8,10.7,1.2,No
2/2/2022,98,88,15.6,2.5,13.5,1,No
2/3/2022,93,85,13.4,2.8,8.4,1,No
2/4/2022,65,69,14.4,6.6,8.8,0,No
2/5/2022,87,69,15.2,4.5,13.2,0,No
2/6/2022,87,75,16,3.6,21.1,0,No
2/7/2022,94,85,16.4,2.6,16,Trace,No
2/8/2022,88,78,17.1,2.3,11.8,Trace,No
2/9/2022,88,77,16.1,2.1,15.6,0,No
2/10/2022,90,81,17,2.7,14.5,0,No
2/11/2022,45,81,18.6,5.7,16.8,0,No
2/12/2022,80,83,18.7,4.3,11.2,0,No
2/13/2022,91,86,17.2,3.6,8.9,1.2,No
2/14/2022,59,75,17,7.2,9.8,1.2,No
2/15/2022,53,77,17.6,6,14.1,0,No
2/16/2022,74,77,16.9,2.9,22.5,0,No
2/17/2022,88,86,15.6,1.9,29,4,No
2/18/2022,88,84,15.9,1.5,29.3,Trace,No
2/19/2022,90,92,12.4,6.2,11.5,21.3,No
2/20/2022,97,94,8.5,1.8,9.8,43.4,No
2/21/2022,100,95,8.8,2.6,4.8,43.3,No
2/22/2022,100,96,10.7,3,4.5,39.9,No
2/23/2022,78,77,12.1,6.8,9,11,No
2/24/2022,60,72,12.6,4.2,7.8,0,No
2/25/2022,45,70,15.3,7.9,5.5,0,No
2/26/2022,23,76,16.8,7.8,6.6,0,No
2/27/2022,30,79,17.6,6.9,10.5,0,No
2/28/2022,71,70,18.9,6.1,17.4,0,No
3/1/2022,56,77,22,7.2,2.6,0,No
3/2/2022,47,83,20.7,8,10.5,0,No
3/3/2022,56,76,19.5,5.2,22.8,0,No
3/4/2022,34,77,21.3,7.8,8.7,0,No
3/5/2022,39,84,20.6,6.7,10.4,0,No
3/6/2022,84,77,19.1,3.7,24.2,0,No
3/7/2022,62,70,19.8,7.8,12,4.8,No
3/8/2022,14,53,17.5,6.6,15.1,0,No
3/9/2022,14,57,18.7,9.2,16.8,0,No
3/10/2022,27,60,20.7,7.1,16.1,0,No
3/11/2022,40,71,22.1,8.1,8.3,0,No
3/12/2022,53,68,22.3,6.2,11.2,0,No
3/13/2022,47,75,23.6,6.7,10.7,0.1,No
3/14/2022,30,78,24.1,7.6,3.1,0,No
3/15/2022,43,80,23.8,7.3,9.4,0,No
3/16/2022,87,79,22.3,3.5,16.8,Trace,No
3/17/2022,79,85,24.3,5.6,5.2,Trace,No
3/18/2022,61,84,24.4,7.4,6.2,0,No
3/19/2022,75,85,23.3,3.5,13.6,0,No
3/20/2022,88,88,21,3,18.3,Trace,No
3/21/2022,88,89,22.1,2.7,14.7,Trace,No
3/22/2022,95,93,23,3.9,12.5,Trace,No
3/23/2022,91,94,17.7,5.3,10.4,54.8,No
3/24/2022,93,91,17.6,2.2,25.1,1.8,No
3/25/2022,92,90,23.1,8.6,13.6,0.7,No
3/26/2022,88,86,26.4,3.8,13.3,0.1,No
3/27/2022,88,83,21.9,6.3,9.4,Trace,No
3/28/2022,88,89,17.5,2.8,11.1,30.3,No
3/29/2022,86,82,19.1,3.8,18.9,0.1,No
3/30/2022,82,74,22.4,6.6,16.2,0,No
3/31/2022,56,69,24.4,7.4,14.5,Trace,No
4/1/2022,90,83,19,6.3,18.8,0.5,No
4/2/2022,88,76,15,2.4,14.4,1.3,No
4/3/2022,32,54,18.7,8.7,15.4,0,No
4/4/2022,5,53,20.1,8.8,20.3,0,No
4/5/2022,17,64,21.3,8.8,12.8,0,No
4/6/2022,15,70,22.3,6.8,10.8,0,No
4/7/2022,19,68,22.8,6.7,14.3,0,No
4/8/2022,8,50,23.6,8.6,14.6,0,No
4/9/2022,7,65,23.1,7.3,17.5,0,No
4/10/2022,13,67,23.8,8,13.3,0,No
4/11/2022,49,74,25.5,7.7,6.4,0,No
4/12/2022,31,77,25.7,7.2,8.8,0,No
4/13/2022,70,81,25.3,4.2,5.5,Trace,No
4/14/2022,36,69,25.5,4.8,9.2,0,No
4/15/2022,52,69,24.3,4.8,25.5,Trace,No
4/16/2022,87,73,21.8,1.7,27.5,Trace,No
4/17/2022,85,72,21.4,5.7,24.5,0.4,No
4/18/2022,88,76,21.7,2.3,11.9,Trace,No
4/19/2022,88,83,20.1,2,4.6,0.8,No
4/20/2022,86,75,21.9,5.8,11.5,0,No
4/21/2022,83,78,23.9,7,14.8,0,No
4/22/2022,87,84,24.8,3.8,12.8,0,No
4/23/2022,76,81,26.4,6.2,6.4,Trace,No
4/24/2022,80,79,27.2,6,5.4,0,No
4/25/2022,79,79,27.9,5.1,4.5,0,No
4/26/2022,88,80,27.7,3.6,3.9,0,No
4/27/2022,61,78,28.4,5.5,4.9,0,No
4/28/2022,60,79,28.4,4.8,14.5,0,No
4/29/2022,71,79,28.2,5.8,10.3,0,No
4/30/2022,83,85,25.4,2.5,15.5,0.5,No
5/1/2022,94,89,20.7,7.5,15.3,32.4,No
5/2/2022,93,84,18.5,4.9,8.7,23.4,No
5/3/2022,61,62,22.3,7.8,14,0,No
5/4/2022,48,63,24.6,6.9,18.9,0,No
5/5/2022,76,73,25.2,6.1,16.4,0,No
5/6/2022,73,76,25.5,5.5,15.8,0,No
5/7/2022,85,77,25.4,6.1,13.3,0.8,No
5/8/2022,83,70,25,4.1,18.8,Trace,No
5/9/2022,86,75,25.6,4.7,17.2,Trace,No
5/10/2022,88,88,25.7,3.3,11.4,1.4,No
5/11/2022,91,95,25,1.7,5.2,61.4,No
5/12/2022,96,91,25.8,2.4,7.4,123.5,No
5/13/2022,92,92,25.5,2.6,6.7,107.1,No
5/14/2022,89,93,24.6,3,12,5,No
5/15/2022,91,91,22.6,4.1,23.3,26.2,No
5/16/2022,85,85,20,2,7.5,4.7,No
5/17/2022,67,72,22.4,6.7,12.4,0,No
5/18/2022,71,52,23.9,5.2,22.4,0,No
5/19/2022,77,64,25.8,6.5,16.8,0,No
5/20/2022,55,76,26.9,6.4,10.9,0,No
5/21/2022,72,78,26.9,6.1,11.8,0,No
5/22/2022,88,83,25,3.1,19,0.6,No
5/23/2022,89,90,24,1.7,18.9,11.2,No
5/24/2022,92,93,24.4,1.3,14,10.3,No
5/25/2022,90,91,25.3,3.6,12,1.3,No
5/26/2022,86,88,26.7,3.5,9.3,2.4,No
5/27/2022,88,89,27.4,2.4,4.7,24.7,No
5/28/2022,78,81,28.7,4.2,6.5,Trace,No
5/29/2022,80,79,29.1,4.4,5.5,Trace,No
5/30/2022,84,78,29.2,5.3,7.9,Trace,No
5/31/2022,87,82,28.2,3.3,5,0.1,No
6/1/2022,88,81,28.7,3.9,5.5,1.2,No
6/2/2022,85,80,28.8,5,7.9,11.9,No
6/3/2022,86,81,29.2,3.2,7.1,1.6,No
6/4/2022,87,78,29.6,3.4,9,Trace,No
6/5/2022,87,78,29.6,3.3,13.3,Trace,No
6/6/2022,88,83,28.9,3,11.9,2.5,No
6/7/2022,86,86,27.4,5,7.6,33.8,No
6/8/2022,86,93,25.8,3.3,9.9,66,No
6/9/2022,88,90,26.3,2.9,6,28.7,No
6/10/2022,88,92,26.1,2.3,3.9,25.8,No
6/11/2022,88,89,26.8,3.8,5.7,47.5,No
6/12/2022,88,84,28.4,4.7,9.4,2.6,No
6/13/2022,87,80,28.9,2.5,14.2,0,No
6/14/2022,88,87,27.4,4.5,11.3,42.8,No
6/15/2022,88,88,26.7,6.5,4.9,11,No
6/16/2022,88,84,27.6,6.2,7.7,2.6,No
6/17/2022,88,79,29,3,9.6,1,No
6/18/2022,88,81,28.8,2.3,4.9,1.3,No
6/19/2022,88,81,29.3,2.9,5,0.1,No
6/20/2022,88,80,29.2,2.8,5.4,2.8,No
6/21/2022,88,80,29.4,1.9,5.3,Trace,No
6/22/2022,85,78,29.5,3.7,5.4,0,No
6/23/2022,55,74,30,5.9,5.9,0,No
6/24/2022,63,73,30,5.6,8.2,0,No
6/25/2022,70,74,29.6,5.1,8.7,0,No
6/26/2022,70,74,30,7.1,6,0.3,No
6/27/2022,73,73,30.1,5.6,4.9,0.1,No
6/28/2022,59,71,30.6,6.2,7.1,0,No
6/29/2022,82,78,30.2,5.8,14.8,0.7,Yes
6/30/2022,89,89,27.5,3.7,18.4,64.9,Yes
7/1/2022,88,85,27.2,4.3,38.3,63,Yes
7/2/2022,90,89,26.9,2.8,19.8,72.4,Yes
7/3/2022,88,82,29,2.1,7.1,0,Yes
7/4/2022,88,83,28.8,1.5,9.9,0.4,No
7/5/2022,88,82,29,1.3,9.4,0.2,No
7/6/2022,88,81,28.8,2.3,6.5,0.5,No
7/7/2022,87,86,28.7,4.4,8.6,13.1,No
7/8/2022,70,79,30,6.1,14.9,Trace,No
7/9/2022,75,81,29.9,4.7,17.8,Trace,No
7/10/2022,58,77,30.5,5.6,16,Trace,No
7/11/2022,30,73,30.9,6.6,12.8,0,No
7/12/2022,22,72,31.1,6.6,12.1,0,No
7/13/2022,32,71,31,6.8,9.8,0,No
7/14/2022,76,75,30.4,4.6,6.1,0,No
7/15/2022,85,77,30.4,5.7,8.6,0.2,No
7/16/2022,81,77,30.5,4.5,14.5,1.5,No
7/17/2022,85,76,30.5,3.8,16.8,1.2,No
7/18/2022,88,78,30.4,4.2,9.2,2.7,No
7/19/2022,88,75,30.8,4.6,6.8,Trace,No
7/20/2022,69,76,30.8,5,9.6,0.6,No
7/21/2022,41,74,30.9,7.1,10.3,0.3,No
7/22/2022,14,72,31.2,7.4,9.5,0,No
7/23/2022,20,74,31.4,5.7,9.1,0,No
7/24/2022,22,72,32,6.6,9.8,0,No
7/25/2022,31,74,32,5.9,8.4,0,No
7/26/2022,35,71,31.2,6.1,6.3,0,No
7/27/2022,27,69,31,5.2,9.5,0,No
7/28/2022,26,73,31.2,6.5,9,0,No
7/29/2022,57,74,31.7,5.6,7.8,0,No
7/30/2022,85,81,29.5,4.7,4.9,2.4,No
7/31/2022,47,76,30.8,5.7,10,0,No
8/1/2022,47,69,31.4,6.6,8.2,0,No
8/2/2022,63,70,31.1,7.2,6,0.2,No
8/3/2022,85,82,28.2,5.2,8,34.9,Yes
8/4/2022,83,86,27.1,2.5,8,14.9,Yes
8/5/2022,89,94,26.1,4.1,6.5,165.5,No
8/6/2022,81,89,27.9,4.8,9.5,5.5,No
8/7/2022,71,82,29.6,5,17,2.8,No
8/8/2022,86,87,28.3,4.7,16.3,33.3,No
8/9/2022,88,88,26.7,3.1,27.2,72,Yes
8/10/2022,90,90,27.4,3.8,19.5,49.7,Yes
8/11/2022,88,90,26.7,3.3,11.5,12.4,Yes
8/12/2022,84,93,26.1,2.2,4.6,76,No
8/13/2022,57,81,28.7,6.8,6.5,0,No
8/14/2022,27,78,29.5,6.4,4.9,0,No
8/15/2022,57,78,30,5.5,5.5,0,No
8/16/2022,72,82,29.4,7,10.4,9.1,No
8/17/2022,84,86,28.2,6.1,11,29.8,No
8/18/2022,84,87,28.1,4.2,9.2,22.1,No
8/19/2022,87,85,28.3,5.6,9.9,4.8,No
8/20/2022,74,83,28.2,5.4,9.3,8.4,No
8/21/2022,71,84,29,6.3,9.5,1.9,Yes
8/22/2022,41,77,30.1,4.7,9.5,0,Yes
8/23/2022,28,77,31.1,5.9,9.5,0,Yes
8/24/2022,69,73,30.8,8.5,23.3,5.5,Yes
8/25/2022,87,85,27.2,4.8,16.4,48.1,Yes
8/26/2022,66,80,29.4,5.4,9,0.1,Yes
8/27/2022,60,78,29.7,5.6,10.5,0,No
8/28/2022,57,80,30.5,6.1,12.9,0,No
8/29/2022,81,78,30.1,6,12.7,0,No
8/30/2022,65,80,29.5,4.4,4.6,13.1,No
8/31/2022,70,80,29.7,3.6,6,4.7,No
9/1/2022,71,78,29.4,6,6.1,2.8,No
9/2/2022,78,63,29.5,5,9,0,No
9/3/2022,30,54,30,7,8,0,No
9/4/2022,26,55,30.8,7,8.6,0,No
9/5/2022,38,52,31.1,6.5,6.5,0,No
9/6/2022,51,61,30.8,6.1,10.7,0,No
9/7/2022,86,81,28.4,2.9,20,8.6,No
9/8/2022,66,70,29.5,5,17,Trace,No
9/9/2022,44,55,29.6,5.8,9.6,0,No
9/10/2022,59,76,28.9,3.8,9.6,Trace,No
9/11/2022,43,78,29.4,4.7,8.2,0,No
9/12/2022,23,66,30.8,5.5,8.8,0,No
9/13/2022,5,56,31.7,7.1,10.5,0,No
9/14/2022,16,46,31.7,5.9,9.7,0,No
9/15/2022,10,52,31.3,5.8,4.9,0,No
9/16/2022,36,63,30.8,5.2,7,Trace,No
9/17/2022,23,69,31.1,4.8,7.2,Trace,No
9/18/2022,53,77,30.1,6.6,9.8,20.3,No
9/19/2022,79,77,28.8,6.4,9.5,3.3,No
9/20/2022,78,79,28.9,4.5,18.3,3.5,No
9/21/2022,71,72,28.1,4.6,22.5,8.5,No
9/22/2022,52,73,28.5,4.3,18.3,0,No
9/23/2022,53,77,28.5,6.5,11.5,13.4,No
9/24/2022,75,71,28.3,5.2,20.8,0,No
9/25/2022,39,71,28.8,5.8,14.9,0,No
9/26/2022,62,70,29.4,6.5,17.8,0,No
9/27/2022,86,72,29.2,4.2,28.3,Trace,No
9/28/2022,81,73,28.8,3.5,29,0,No
9/29/2022,84,81,28,4.7,23,8.1,No
9/30/2022,88,91,26.4,3.5,15.9,102.7,No
10/1/2022,85,86,27.7,4.8,15.5,2.6,No
10/2/2022,77,81,28.9,4.2,18.4,Trace,No
10/3/2022,33,76,29.5,5.5,13.1,0,No
10/4/2022,33,76,29.4,6,9,0,No
10/5/2022,54,75,29.1,3.6,17.7,Trace,No
10/6/2022,53,74,28.9,4.7,20.5,Trace,No
10/7/2022,65,77,28.3,5.7,19.3,22.8,No
10/8/2022,71,71,27.7,4.4,17.3,Trace,No
10/9/2022,49,71,27.1,7.3,12.3,4.8,No
10/10/2022,45,51,24,5,11.8,0,No
10/11/2022,16,48,24.1,6.9,9.4,0,No
10/12/2022,23,50,25.2,7.7,9.8,0,No
10/13/2022,64,60,26,6.3,13.3,0,No
10/14/2022,21,66,26.9,6.1,15.8,0,No
10/15/2022,31,53,27.5,7.5,8.3,0,Yes
10/16/2022,81,46,28.3,5.7,12.3,0,Yes
10/17/2022,87,45,27.2,2.7,22.5,Trace,Yes
10/18/2022,88,67,20.9,9.4,17.6,19.7,Yes
10/19/2022,74,54,23,7.9,20.6,0,Yes
10/20/2022,66,64,24.3,4.5,27.3,0,Yes
10/21/2022,36,68,25.2,5.3,19.5,0,No
10/22/2022,66,67,26.6,7.5,6.9,Trace,No
10/23/2022,86,71,26.5,6.4,14,0,No
10/24/2022,70,68,25.2,3.3,23.9,0,No
10/25/2022,46,63,23.8,3.2,30.3,0,No
10/26/2022,34,66,23.9,4.7,21.2,0,No
10/27/2022,28,70,24.6,5.7,17.9,0,No
10/28/2022,16,68,25.5,6.7,16,0,No
10/29/2022,60,65,25.7,6.3,9.6,0,No
10/30/2022,80,57,25.4,5.6,14.4,0,No
10/31/2022,85,50,25.4,3.4,22.8,0,No
11/1/2022,88,64,22,6.4,20.3,4.5,No
11/2/2022,88,86,20.2,2.6,20,23.7,No
11/3/2022,88,93,22.1,2.3,14.4,58.1,No
11/4/2022,88,87,22.6,2.1,26.2,4,No
11/5/2022,90,79,21.5,1.4,18.5,Trace,No
11/6/2022,88,84,20.8,3.2,9.1,6.6,No
11/7/2022,88,85,21.5,3.8,7,1.6,No
11/8/2022,88,85,22.4,3.1,13.9,7.7,No
11/9/2022,44,77,23.8,5.1,13.9,0,No
11/10/2022,46,78,24.8,4.9,15,0,No
11/11/2022,49,77,25,4.6,16.7,0,No
11/12/2022,66,79,24.6,3.5,12.2,Trace,No
11/13/2022,17,81,24.8,5.6,9.5,0,No
11/14/2022,83,79,24.1,2.5,20.4,0,No
11/15/2022,69,78,24.3,2.6,14.3,0,No
11/16/2022,70,80,24.1,2.6,21.3,0,No
11/17/2022,63,80,24.5,4.3,12.8,0,No
11/18/2022,61,80,24.6,3.8,13.5,0,No
11/19/2022,43,77,25.1,3.9,14,0,No
11/20/2022,53,78,24.7,4.2,14.3,0,No
11/21/2022,76,78,23.9,2.2,22.3,0.5,No
11/22/2022,88,86,23.4,1.8,18.2,2.5,No
11/23/2022,88,91,23.4,2.3,19.2,3.4,No
11/24/2022,88,93,21.8,1.2,24.4,9.6,No
11/25/2022,90,92,22.3,2.1,14.4,4.8,No
11/26/2022,87,88,22.7,1.9,11.5,0.5,No
11/27/2022,88,90,23.1,1.6,16.1,1.9,No
11/28/2022,65,88,25.6,5.2,6.5,1.4,No
11/29/2022,35,85,25.5,3.5,9.2,0,No
11/30/2022,61,82,22.8,7.8,9.7,0,No
12/1/2022,88,72,16.5,3.6,12.1,Trace,No
12/2/2022,75,69,16.5,5.8,8.9,0,No
12/3/2022,86,73,19.2,4.6,5.2,0,No
12/4/2022,84,74,21.2,3.4,5.5,0,No
12/5/2022,76,66,17.9,5,11.9,0,No
12/6/2022,76,68,17.1,4.9,7.6,0,No
12/7/2022,63,68,18.7,4.9,9,Trace,No
12/8/2022,32,72,19.9,4.9,7.3,0,No
12/9/2022,19,67,19.6,5.3,7.1,0,No
12/10/2022,10,61,18.4,6,9.3,0,No
12/11/2022,65,60,16.7,3.7,11.2,0,No
12/12/2022,84,61,16.2,3,12,Trace,No
12/13/2022,88,71,14.5,3.8,9.3,3.2,No
12/14/2022,93,91,12.5,1.6,7.8,8.7,No
12/15/2022,90,91,14.6,3.9,7.3,3.8,No
12/16/2022,96,90,16.9,3.1,5.5,0.9,No
12/17/2022,89,60,13.2,3.3,16.9,9.1,No
12/18/2022,42,30,11.8,4.4,16.3,Trace,No
12/19/2022,25,50,13.7,6,10.3,0,No
12/20/2022,53,71,16.8,4.5,16.7,0,No
12/21/2022,37,46,17.5,4.3,8.3,Trace,No
12/22/2022,6,35,17.2,6.4,7.8,0,No
12/23/2022,24,40,17.1,5.5,8.2,0,No
12/24/2022,13,49,16.9,5.7,6,0,No
12/25/2022,14,59,16.2,4.4,15.2,0,No
12/26/2022,7,65,16.3,4.5,13.6,0,No
12/27/2022,13,70,16.9,3.9,19.1,0,No
12/28/2022,23,68,17.7,5.9,12.5,0,No
12/29/2022,56,60,16.8,4.4,8.1,Trace,No
12/30/2022,12,62,15,4.9,8.3,0,No
12/31/2022,33,65,15.5,6.7,8.7,0,No